time,Open,High,Low,Close,Volume,spread,RealVolume
2022-09-06 04:00:00,1717.78,1720.74,1713.467,1715.743,14198,200,0
2022-09-06 08:00:00,1715.721,1716.021,1710.649,1714.551,15296,200,0
2022-09-06 12:00:00,1714.553,1714.97,1701.116,1703.015,31965,200,0
2022-09-06 16:00:00,1703.011,1704.338,1699.751,1700.08,15315,200,0
2022-09-06 20:00:00,1700.05,1703.837,1699.924,1703.478,4977,200,0
2022-09-07 00:00:00,1703.475,1703.801,1692.425,1693.397,16201,200,0
2022-09-07 04:00:00,1693.365,1703.66,1691.358,1703.182,16115,200,0
2022-09-07 08:00:00,1703.214,1707.165,1700.273,1701.064,17680,200,0
2022-09-07 12:00:00,1701.062,1713.411,1697.023,1710.456,26271,200,0
2022-09-07 16:00:00,1710.426,1719.193,1709.488,1717.233,14645,200,0
2022-09-07 20:00:00,1717.198,1719.426,1716.043,1716.553,4705,200,0
2022-09-08 00:00:00,1716.548,1719.265,1713.491,1714.414,13105,200,0
2022-09-08 04:00:00,1714.417,1722.778,1713.856,1717.592,15215,200,0
2022-09-08 08:00:00,1717.611,1727.938,1716.151,1723.762,18185,200,0
2022-09-08 12:00:00,1723.759,1726.585,1703.814,1707.148,40700,200,0
2022-09-08 16:00:00,1707.119,1711.573,1704.803,1706.764,15267,200,0
2022-09-08 20:00:00,1706.766,1710.889,1706.766,1710.648,3695,200,0
2022-09-09 00:00:00,1710.618,1720.582,1709.683,1719.224,12198,200,0
2022-09-09 04:00:00,1719.259,1729.238,1718.179,1727.24,15495,200,0
2022-09-09 08:00:00,1727.208,1729.336,1719.697,1720.759,19355,200,0
2022-09-09 12:00:00,1720.781,1722.471,1711.327,1716.788,27613,200,0
2022-09-09 16:00:00,1716.801,1720.27,1714.539,1715.661,11172,200,0
2022-09-09 20:00:00,1715.626,1718.016,1715.371,1717.186,1380,200,0
2022-09-11 20:00:00,1718.402,1720.155,1716.742,1718.396,3416,200,0
2022-09-12 00:00:00,1718.365,1718.694,1712.226,1713.598,9984,200,0
2022-09-12 04:00:00,1713.589,1726.47,1711.946,1724.353,15240,200,0
2022-09-12 08:00:00,1724.344,1729.866,1721.857,1729.537,18068,200,0
2022-09-12 12:00:00,1729.57,1735.081,1723.446,1734.214,29982,200,0
2022-09-12 16:00:00,1734.244,1734.806,1723.719,1724.433,14998,200,0
2022-09-12 20:00:00,1724.403,1726.375,1724.052,1725.246,4151,200,0
2022-09-13 00:00:00,1725.236,1727.54,1720.712,1721.335,12958,200,0
2022-09-13 04:00:00,1721.331,1725.324,1719.994,1723.826,12895,200,0
2022-09-13 08:00:00,1723.83,1731.429,1721.89,1729.708,16034,200,0
2022-09-13 12:00:00,1729.676,1731.772,1696.943,1700.93,51031,200,0
2022-09-13 16:00:00,1700.947,1707.259,1700.573,1702.432,16109,200,0
2022-09-13 20:00:00,1702.469,1703.274,1700.646,1702.097,5539,200,0
2022-09-14 00:00:00,1702.141,1703.559,1697.196,1700.376,15307,200,0
2022-09-14 04:00:00,1700.4,1705.068,1698.832,1703.143,19030,200,0
2022-09-14 08:00:00,1703.113,1706.089,1701.007,1701.591,18372,200,0
2022-09-14 12:00:00,1701.568,1707.068,1698.993,1703.606,28082,200,0
2022-09-14 16:00:00,1703.636,1703.774,1693.596,1695.624,14560,200,0
2022-09-14 20:00:00,1695.587,1698.167,1695.193,1697.512,4200,200,0
2022-09-15 00:00:00,1697.494,1697.775,1690.201,1692.699,10366,200,0
2022-09-15 04:00:00,1692.702,1693.242,1685.335,1689.789,13992,200,0
2022-09-15 08:00:00,1689.758,1691.204,1683.765,1686.315,17031,200,0
2022-09-15 12:00:00,1686.332,1692.102,1663.18,1664.369,39653,200,0
2022-09-15 16:00:00,1664.339,1669.239,1660.181,1663.87,17119,200,0
2022-09-15 20:00:00,1663.9,1665.375,1661.286,1662.357,5686,200,0
2022-09-16 00:00:00,1662.336,1667.659,1661.231,1664.318,12552,200,0
2022-09-16 04:00:00,1664.323,1665.408,1654.095,1655.707,14688,200,0
2022-09-16 08:00:00,1655.718,1667.826,1654.107,1665.374,17797,200,0
2022-09-16 12:00:00,1665.406,1680.173,1657.129,1673.89,34741,200,0
2022-09-16 16:00:00,1673.903,1677.674,1671.05,1673.196,14040,200,0
2022-09-16 20:00:00,1673.165,1676.25,1673.035,1675.286,1754,200,0
2022-09-18 20:00:00,1674.412,1679.963,1673.966,1677.946,4036,200,0
2022-09-19 00:00:00,1677.914,1678.74,1668.178,1669.19,10944,200,0
2022-09-19 04:00:00,1669.189,1669.668,1659.457,1662.702,12708,200,0
2022-09-19 08:00:00,1662.726,1666.657,1660.646,1661.9,15900,200,0
2022-09-19 12:00:00,1661.936,1675.291,1661.284,1670.616,27738,200,0
2022-09-19 16:00:00,1670.648,1674.725,1668.839,1674.523,13141,200,0
2022-09-19 20:00:00,1674.491,1676.043,1674.146,1675.752,4212,200,0
2022-09-20 00:00:00,1675.744,1679.43,1673.35,1676.951,12029,200,0
2022-09-20 04:00:00,1676.955,1677.185,1670.166,1672.554,14208,200,0
2022-09-20 08:00:00,1672.52,1672.52,1666.092,1668.769,15687,200,0
2022-09-20 12:00:00,1668.801,1669.228,1659.739,1665.545,26700,200,0
2022-09-20 16:00:00,1665.575,1666.242,1661.539,1664.98,14481,200,0
2022-09-20 20:00:00,1664.976,1666.661,1664.144,1666.4,4069,200,0
2022-09-21 00:00:00,1666.392,1667.433,1662.848,1663.743,11074,200,0
2022-09-21 04:00:00,1663.736,1675.903,1661.686,1670.981,17580,200,0
2022-09-21 08:00:00,1670.95,1677.344,1669.413,1675.13,14752,200,0
2022-09-21 12:00:00,1675.138,1676.267,1665.724,1667.512,23664,200,0
2022-09-21 16:00:00,1667.489,1687.883,1653.572,1672.449,66943,200,0
2022-09-21 20:00:00,1672.418,1674.76,1665.847,1667.043,7306,200,0
2022-09-22 00:00:00,1667.04,1667.143,1656.743,1660.488,17772,200,0
2022-09-22 04:00:00,1660.491,1663.66,1655.368,1658.849,18158,200,0
2022-09-22 08:00:00,1658.88,1677.82,1657.913,1672.187,37487,200,0
2022-09-22 12:00:00,1672.165,1684.833,1667.916,1671.452,42422,200,0
2022-09-22 16:00:00,1671.485,1676.339,1669.322,1671.802,18749,200,0
2022-09-22 20:00:00,1671.832,1672.904,1670.488,1672.724,4292,200,0
2022-09-23 00:00:00,1672.737,1675.933,1668.558,1669.122,11137,200,0
2022-09-23 04:00:00,1669.154,1674.125,1666.332,1667.355,15181,200,0
2022-09-23 08:00:00,1667.388,1668.282,1640.853,1647.682,31092,200,0
2022-09-23 12:00:00,1647.649,1657.593,1641.403,1646.197,40050,200,0
2022-09-23 16:00:00,1646.208,1648.439,1639.714,1642.958,18938,200,0
2022-09-23 20:00:00,1642.989,1645.147,1642.957,1643.877,2085,200,0
2022-09-25 20:00:00,1643.172,1645.673,1640.355,1644.054,5574,200,0
2022-09-26 00:00:00,1644.085,1645.873,1626.434,1638.445,34736,200,0
2022-09-26 04:00:00,1638.462,1649.598,1634.622,1644.04,25128,200,0
2022-09-26 08:00:00,1644.071,1647.525,1636.161,1639.971,22683,200,0
2022-09-26 12:00:00,1639.939,1648.276,1634.084,1634.363,34180,200,0
2022-09-26 16:00:00,1634.335,1635.179,1621.473,1624.189,26415,200,0
2022-09-26 20:00:00,1624.22,1628.649,1621.048,1627.669,7606,200,0
2022-09-27 00:00:00,1627.637,1632.975,1627.554,1631.177,15306,200,0
2022-09-27 04:00:00,1631.174,1640.572,1630.911,1637.287,16310,200,0
2022-09-27 08:00:00,1637.255,1642.334,1632.429,1636.678,19548,200,0
2022-09-27 12:00:00,1636.677,1640.462,1631.841,1634.075,35407,200,0
2022-09-27 16:00:00,1634.105,1634.125,1626.649,1627.256,21774,200,0
2022-09-27 20:00:00,1627.287,1630.331,1627.287,1628.797,5880,200,0
2022-09-28 00:00:00,1628.795,1630.54,1623.008,1624.619,15853,200,0
2022-09-28 04:00:00,1624.623,1625.661,1614.427,1621.862,18579,200,0
2022-09-28 08:00:00,1621.898,1631.56,1615.856,1624.394,36582,200,0
2022-09-28 12:00:00,1624.403,1659.818,1624.165,1658.727,48588,200,0
2022-09-28 16:00:00,1658.761,1662.66,1655.215,1660.609,21867,200,0
2022-09-28 20:00:00,1660.64,1660.676,1656.115,1656.115,6095,200,0
2022-09-29 00:00:00,1656.147,1659.33,1651.978,1654.333,16072,200,0
2022-09-29 04:00:00,1654.372,1654.473,1641.435,1644.91,20459,200,0
2022-09-29 08:00:00,1644.88,1652.178,1643.411,1651.396,24100,200,0
2022-09-29 12:00:00,1651.43,1661.925,1644.461,1659.914,43725,200,0
2022-09-29 16:00:00,1659.882,1664.803,1657.199,1661.092,20688,200,0
2022-09-29 20:00:00,1661.061,1665.171,1659.574,1664.567,7500,200,0
2022-09-30 00:00:00,1664.576,1665.252,1659.198,1662.181,15602,200,0
2022-09-30 04:00:00,1662.183,1674.177,1661.167,1673.113,18861,200,0
2022-09-30 08:00:00,1673.098,1674.056,1662.617,1663.26,23146,200,0
2022-09-30 12:00:00,1663.293,1675.424,1661.952,1671.29,41378,200,0
2022-09-30 16:00:00,1671.32,1671.676,1660.055,1661.775,20183,200,0
2022-09-30 20:00:00,1661.745,1662.489,1660.54,1660.963,2324,200,0
2022-10-02 20:00:00,1664.009,1665.394,1663.255,1664.152,4625,200,0
2022-10-03 00:00:00,1664.122,1669.448,1663.445,1663.917,12431,200,0
2022-10-03 04:00:00,1663.925,1668.288,1661.706,1663.732,18354,200,0
2022-10-03 08:00:00,1663.689,1666.832,1659.578,1666.146,19772,200,0
2022-10-03 12:00:00,1666.178,1694.092,1663.788,1690.313,46611,200,0
2022-10-03 16:00:00,1690.344,1701.393,1687.257,1700.771,21448,200,0
2022-10-03 20:00:00,1700.739,1702.553,1698.168,1700.996,7551,200,0
2022-10-04 00:00:00,1701.0,1701.155,1695.125,1699.695,13603,200,0
2022-10-04 04:00:00,1699.717,1710.488,1697.434,1708.095,20118,200,0
2022-10-04 08:00:00,1708.084,1712.252,1700.399,1705.833,22166,200,0
2022-10-04 12:00:00,1705.802,1728.85,1703.976,1725.718,38250,200,0
2022-10-04 16:00:00,1725.749,1729.469,1719.98,1724.85,21196,200,0
2022-10-04 20:00:00,1724.817,1726.401,1723.73,1725.563,5175,200,0
2022-10-05 00:00:00,1725.562,1725.646,1717.838,1719.319,14554,200,0
2022-10-05 04:00:00,1719.315,1727.552,1715.019,1716.296,17394,200,0
2022-10-05 08:00:00,1716.326,1716.435,1703.12,1706.154,21909,200,0
2022-10-05 12:00:00,1706.12,1714.136,1700.445,1709.047,39713,200,0
2022-10-05 16:00:00,1709.081,1718.603,1707.579,1716.115,19190,200,0
2022-10-05 20:00:00,1716.146,1718.839,1714.782,1718.379,5410,200,0
2022-10-06 00:00:00,1718.416,1724.201,1717.977,1722.21,14538,200,0
2022-10-06 04:00:00,1722.199,1725.491,1719.695,1724.629,16452,200,0
2022-10-06 08:00:00,1724.598,1724.798,1710.844,1714.887,20679,200,0
2022-10-06 12:00:00,1714.881,1719.422,1708.167,1708.184,34799,200,0
2022-10-06 16:00:00,1708.171,1715.13,1706.888,1714.373,17575,200,0
2022-10-06 20:00:00,1714.342,1714.609,1710.871,1711.893,4834,200,0
2022-10-07 00:00:00,1711.869,1713.357,1709.101,1709.821,12865,200,0
2022-10-07 04:00:00,1709.806,1714.03,1708.378,1710.847,15320,200,0
2022-10-07 08:00:00,1710.863,1714.764,1706.192,1709.188,16504,200,0
2022-10-07 12:00:00,1709.144,1713.339,1690.453,1703.144,51312,200,0
2022-10-07 16:00:00,1703.136,1707.178,1693.165,1695.621,18146,200,0
2022-10-07 20:00:00,1695.588,1695.888,1694.369,1695.001,1889,200,0
2022-10-09 20:00:00,1696.236,1699.857,1695.794,1696.694,4572,200,0
2022-10-10 00:00:00,1696.695,1697.232,1686.897,1688.871,15711,200,0
2022-10-10 04:00:00,1688.857,1689.566,1682.119,1682.724,15781,200,0
2022-10-10 08:00:00,1682.722,1684.477,1673.812,1676.987,19661,200,0
2022-10-10 12:00:00,1676.981,1679.131,1665.618,1666.868,30515,200,0
2022-10-10 16:00:00,1666.841,1671.589,1666.748,1668.964,15815,200,0
2022-10-10 20:00:00,1668.995,1670.221,1667.45,1670.131,4052,200,0
2022-10-11 00:00:00,1670.1,1673.527,1661.312,1664.134,16824,200,0
2022-10-11 04:00:00,1664.126,1669.62,1661.757,1664.656,19273,200,0
2022-10-11 08:00:00,1664.633,1670.621,1660.867,1670.197,22328,200,0
2022-10-11 12:00:00,1670.154,1681.728,1663.399,1681.555,33962,200,0
2022-10-11 16:00:00,1681.585,1683.879,1663.72,1666.425,25360,200,0
2022-10-11 20:00:00,1666.464,1667.449,1663.881,1664.037,4963,200,0
2022-10-12 00:00:00,1664.015,1666.831,1661.379,1665.308,16212,200,0
2022-10-12 04:00:00,1665.318,1675.218,1664.761,1668.944,23159,200,0
2022-10-12 08:00:00,1668.913,1673.289,1667.734,1668.465,19265,200,0
2022-10-12 12:00:00,1668.496,1673.159,1664.727,1669.458,34074,200,0
2022-10-12 16:00:00,1669.452,1678.298,1667.663,1675.141,21553,200,0
2022-10-12 20:00:00,1675.111,1675.579,1672.523,1674.483,3852,200,0
2022-10-13 00:00:00,1674.46,1675.422,1668.988,1669.253,10707,200,0
2022-10-13 04:00:00,1669.255,1672.425,1666.987,1672.278,12035,200,0
2022-10-13 08:00:00,1672.263,1682.36,1670.637,1678.743,18989,200,0
2022-10-13 12:00:00,1678.712,1678.88,1642.337,1665.661,77241,200,0
2022-10-13 16:00:00,1665.694,1672.46,1662.883,1663.9,28234,200,0
2022-10-13 20:00:00,1663.87,1666.587,1662.894,1663.441,5165,200,0
2022-10-14 00:00:00,1663.418,1670.208,1658.996,1668.996,16484,200,0
2022-10-14 04:00:00,1669.022,1671.694,1663.568,1667.013,17723,200,0
2022-10-14 08:00:00,1667.023,1667.117,1650.189,1654.891,25308,200,0
2022-10-14 12:00:00,1654.923,1663.959,1644.686,1644.686,44071,200,0
2022-10-14 16:00:00,1644.652,1648.855,1640.123,1642.844,20854,200,0
2022-10-14 20:00:00,1642.876,1644.72,1642.654,1644.267,1861,200,0
2022-10-16 20:00:00,1646.163,1647.656,1644.094,1647.47,4635,200,0
2022-10-17 00:00:00,1647.455,1652.606,1646.361,1650.156,12523,200,0
2022-10-17 04:00:00,1650.155,1657.392,1648.33,1655.983,16323,200,0
2022-10-17 08:00:00,1655.919,1660.401,1652.91,1657.972,18382,200,0
2022-10-17 12:00:00,1657.939,1668.339,1657.032,1663.282,29122,200,0
2022-10-17 16:00:00,1663.248,1663.393,1646.581,1647.926,15887,200,0
2022-10-17 20:00:00,1647.934,1651.469,1647.702,1650.698,5037,200,0
2022-10-18 00:00:00,1650.73,1653.508,1648.91,1652.452,12269,200,0
2022-10-18 04:00:00,1652.464,1660.853,1651.148,1656.356,18358,200,0
2022-10-18 08:00:00,1656.325,1657.537,1648.524,1652.896,20840,200,0
2022-10-18 12:00:00,1652.866,1657.334,1645.81,1649.775,29482,200,0
2022-10-18 16:00:00,1649.755,1652.721,1648.116,1651.365,18729,200,0
2022-10-18 20:00:00,1651.333,1654.466,1650.673,1652.305,4714,200,0
2022-10-19 00:00:00,1652.304,1653.366,1649.026,1649.241,11843,200,0
2022-10-19 04:00:00,1649.273,1649.456,1637.425,1644.742,16773,200,0
2022-10-19 08:00:00,1644.772,1644.814,1631.849,1635.249,21295,200,0
2022-10-19 12:00:00,1635.216,1637.703,1630.342,1630.492,31815,200,0
2022-10-19 16:00:00,1630.508,1631.199,1627.661,1629.494,17291,200,0
2022-10-19 20:00:00,1629.533,1630.302,1626.464,1627.097,4930,200,0
2022-10-20 00:00:00,1627.064,1629.339,1622.403,1626.219,13168,200,0
2022-10-20 04:00:00,1626.217,1634.975,1625.126,1632.732,19217,200,0
2022-10-20 08:00:00,1632.775,1639.244,1628.718,1637.331,18637,200,0
2022-10-20 12:00:00,1637.34,1645.57,1630.348,1641.274,33332,200,0
2022-10-20 16:00:00,1641.278,1641.45,1624.715,1626.845,18420,200,0
2022-10-20 20:00:00,1626.877,1628.397,1625.347,1626.98,5063,200,0
2022-10-21 00:00:00,1626.979,1628.266,1620.63,1621.594,12180,200,0
2022-10-21 04:00:00,1621.593,1627.252,1616.886,1623.781,16096,200,0
2022-10-21 08:00:00,1623.773,1627.999,1619.183,1623.141,19563,200,0
2022-10-21 12:00:00,1623.13,1650.951,1619.148,1650.92,72226,200,0
2022-10-21 16:00:00,1650.875,1657.042,1647.339,1655.233,31430,200,0
2022-10-21 20:00:00,1655.202,1658.087,1654.011,1657.806,2837,200,0
2022-10-23 20:00:00,1659.975,1670.606,1656.61,1661.251,20028,200,0
2022-10-24 00:00:00,1661.219,1663.306,1651.907,1654.01,22092,200,0
2022-10-24 04:00:00,1654.012,1658.65,1648.863,1649.232,20311,200,0
2022-10-24 08:00:00,1649.263,1652.252,1644.131,1650.034,24533,200,0
2022-10-24 12:00:00,1650.003,1654.25,1643.853,1651.793,39524,200,0
2022-10-24 16:00:00,1651.789,1652.632,1647.724,1650.328,14658,200,0
2022-10-24 20:00:00,1650.295,1652.547,1648.887,1651.742,5186,200,0
2022-10-25 00:00:00,1651.773,1654.862,1647.173,1651.593,16730,200,0
2022-10-25 04:00:00,1651.562,1652.19,1644.435,1645.149,14740,200,0
2022-10-25 08:00:00,1645.153,1648.283,1638.121,1643.788,17848,200,0
2022-10-25 12:00:00,1643.793,1662.281,1639.014,1656.011,35138,200,0
2022-10-25 16:00:00,1655.981,1657.091,1652.079,1653.967,16108,200,0
2022-10-25 20:00:00,1653.931,1653.931,1651.066,1652.755,6532,200,0
2022-10-26 00:00:00,1652.765,1657.577,1649.733,1657.007,14363,200,0
2022-10-26 04:00:00,1657.009,1671.475,1655.14,1670.899,17660,200,0
2022-10-26 08:00:00,1670.934,1674.834,1666.645,1668.453,20179,200,0
2022-10-26 12:00:00,1668.195,1672.607,1660.561,1667.116,33445,200,0
2022-10-26 16:00:00,1667.145,1668.947,1663.54,1664.709,17906,200,0
2022-10-26 20:00:00,1664.748,1667.555,1663.237,1667.513,6038,200,0
2022-10-27 00:00:00,1667.524,1670.754,1662.268,1664.586,14779,200,0
2022-10-27 04:00:00,1664.587,1669.652,1659.024,1662.684,16977,200,0
2022-10-27 08:00:00,1662.715,1666.66,1659.822,1661.968,17307,200,0
2022-10-27 12:00:00,1661.936,1665.7,1654.798,1661.206,47329,200,0
2022-10-27 16:00:00,1661.175,1662.57,1656.722,1662.295,17478,200,0
2022-10-27 20:00:00,1662.264,1663.441,1661.003,1661.862,8529,200,0
2022-10-28 00:00:00,1661.861,1666.992,1660.504,1664.725,14912,200,0
2022-10-28 04:00:00,1664.756,1665.391,1651.424,1652.673,17606,200,0
2022-10-28 08:00:00,1652.695,1653.797,1646.282,1650.372,20150,200,0
2022-10-28 12:00:00,1650.404,1652.797,1637.811,1639.6,41293,200,0
2022-10-28 16:00:00,1639.607,1645.203,1638.854,1645.152,14133,200,0
2022-10-28 20:00:00,1645.115,1645.872,1643.762,1644.448,1830,200,0
2022-10-30 20:00:00,1643.727,1645.373,1643.003,1643.446,4695,200,0
2022-10-31 00:00:00,1643.413,1645.054,1640.63,1644.333,11280,200,0
2022-10-31 04:00:00,1644.323,1645.56,1640.426,1641.125,11701,200,0
2022-10-31 08:00:00,1641.132,1642.019,1635.609,1639.772,16574,200,0
2022-10-31 12:00:00,1639.742,1642.036,1633.354,1638.937,25709,200,0
2022-10-31 16:00:00,1638.969,1640.282,1631.677,1632.029,15597,200,0
2022-10-31 20:00:00,1632.064,1633.786,1631.787,1632.416,5471,200,0
2022-11-01 00:00:00,1632.419,1639.949,1630.689,1637.484,13770,200,0
2022-11-01 04:00:00,1637.515,1649.861,1636.485,1645.208,16669,200,0
2022-11-01 08:00:00,1645.242,1655.241,1645.206,1652.188,18370,200,0
2022-11-01 12:00:00,1652.221,1656.969,1642.026,1644.387,37016,200,0
2022-11-01 16:00:00,1644.35,1651.059,1642.868,1648.154,19122,200,0
2022-11-01 20:00:00,1648.123,1648.355,1645.988,1646.772,4633,200,0
2022-11-02 00:00:00,1646.804,1653.288,1646.624,1650.692,13634,200,0
2022-11-02 04:00:00,1650.736,1653.353,1649.288,1652.783,12736,200,0
2022-11-02 08:00:00,1652.796,1656.907,1651.869,1655.179,15563,200,0
2022-11-02 12:00:00,1655.176,1658.829,1645.625,1646.384,25104,200,0
2022-11-02 16:00:00,1646.391,1669.428,1635.653,1636.9,62499,200,0
2022-11-02 20:00:00,1636.865,1638.141,1631.8,1633.721,7685,200,0
2022-11-03 00:00:00,1633.718,1640.911,1632.747,1637.63,13527,200,0
2022-11-03 04:00:00,1637.661,1638.844,1628.338,1629.926,14408,200,0
2022-11-03 08:00:00,1629.913,1629.987,1616.624,1619.817,22585,200,0
2022-11-03 12:00:00,1619.783,1631.572,1617.074,1625.864,44138,200,0
2022-11-03 16:00:00,1625.861,1632.292,1624.869,1630.847,16290,200,0
2022-11-03 20:00:00,1630.903,1631.198,1628.616,1629.737,4119,200,0
2022-11-04 00:00:00,1629.771,1640.044,1629.315,1639.144,12993,200,0
2022-11-04 04:00:00,1639.114,1649.705,1638.568,1644.869,19153,200,0
2022-11-04 08:00:00,1644.905,1653.416,1643.71,1651.369,21798,200,0
2022-11-04 12:00:00,1651.344,1675.381,1641.511,1671.102,53565,200,0
2022-11-04 16:00:00,1671.133,1681.665,1667.702,1680.768,23563,200,0
2022-11-04 20:00:00,1680.737,1681.614,1679.623,1680.966,2114,200,0
2022-11-06 20:00:00,1675.168,1680.309,1672.277,1672.66,5337,200,0
2022-11-07 00:00:00,1672.698,1675.299,1670.319,1673.506,17469,200,0
2022-11-07 04:00:00,1673.499,1674.787,1666.852,1668.089,14784,200,0
2022-11-07 08:00:00,1668.068,1680.35,1667.01,1676.972,19285,200,0
2022-11-07 12:00:00,1676.939,1681.865,1673.353,1678.932,28809,200,0
2022-11-07 16:00:00,1678.964,1680.225,1675.08,1675.377,16424,200,0
2022-11-07 20:00:00,1675.425,1676.218,1673.584,1674.072,6353,200,0
2022-11-08 00:00:00,1674.084,1676.67,1672.138,1672.815,12156,200,0
2022-11-08 04:00:00,1672.82,1673.408,1668.123,1670.292,12463,200,0
2022-11-08 08:00:00,1670.326,1673.309,1664.487,1672.572,16873,200,0
2022-11-08 12:00:00,1672.598,1714.146,1669.983,1713.058,38329,200,0
2022-11-08 16:00:00,1713.091,1716.901,1708.272,1711.62,28488,200,0
2022-11-08 20:00:00,1711.652,1713.346,1710.692,1711.587,10207,200,0
2022-11-09 00:00:00,1711.583,1712.48,1706.969,1709.252,15641,200,0
2022-11-09 04:00:00,1709.226,1712.699,1707.407,1711.618,16103,200,0
2022-11-09 08:00:00,1711.652,1715.772,1703.868,1708.744,21823,200,0
2022-11-09 12:00:00,1708.774,1722.291,1702.905,1711.506,37917,200,0
2022-11-09 16:00:00,1711.539,1714.36,1702.124,1703.74,23073,200,0
2022-11-09 20:00:00,1703.759,1707.436,1703.349,1706.45,9856,200,0
2022-11-10 00:00:00,1706.469,1710.094,1705.077,1709.354,14597,200,0
2022-11-10 04:00:00,1709.362,1712.527,1705.264,1705.846,14742,200,0
2022-11-10 08:00:00,1705.877,1710.162,1703.98,1707.36,20145,200,0
2022-11-10 12:00:00,1707.397,1753.262,1706.85,1750.944,58603,200,0
2022-11-10 16:00:00,1750.912,1754.735,1743.508,1754.088,25869,200,0
2022-11-10 20:00:00,1754.058,1757.196,1752.043,1752.196,11317,200,0
2022-11-11 00:00:00,1752.192,1753.383,1747.23,1751.292,16899,200,0
2022-11-11 04:00:00,1751.294,1764.308,1749.759,1760.985,23341,200,0
2022-11-11 08:00:00,1760.954,1766.541,1754.973,1759.276,29098,200,0
2022-11-11 12:00:00,1759.31,1766.046,1755.506,1763.677,33479,200,0
2022-11-11 16:00:00,1763.707,1768.042,1759.618,1768.042,19928,200,0
2022-11-11 20:00:00,1768.008,1772.822,1765.394,1770.992,6827,200,0
2022-11-13 20:00:00,1763.488,1764.891,1761.422,1763.439,4142,200,0
2022-11-14 00:00:00,1763.447,1766.277,1760.828,1763.414,19986,200,0
2022-11-14 04:00:00,1763.423,1763.705,1757.904,1762.279,17587,200,0
2022-11-14 08:00:00,1762.247,1766.126,1753.101,1756.305,22209,200,0
2022-11-14 12:00:00,1756.267,1775.007,1755.473,1771.461,29418,200,0
2022-11-14 16:00:00,1771.483,1773.885,1766.5,1772.86,18145,200,0
2022-11-14 20:00:00,1772.89,1774.395,1769.181,1769.481,7284,200,0
2022-11-15 00:00:00,1769.516,1772.303,1767.047,1771.229,14331,200,0
2022-11-15 04:00:00,1771.197,1784.208,1768.673,1782.84,16508,200,0
2022-11-15 08:00:00,1782.874,1783.011,1772.941,1776.819,21999,200,0
2022-11-15 12:00:00,1776.861,1786.472,1768.195,1771.141,45015,200,0
2022-11-15 16:00:00,1771.108,1785.724,1767.952,1778.494,44647,200,0
2022-11-15 20:00:00,1778.524,1781.192,1776.695,1780.746,11947,200,0
2022-11-16 00:00:00,1780.774,1781.399,1771.691,1771.834,20593,200,0
2022-11-16 04:00:00,1771.845,1777.691,1770.272,1776.719,18818,200,0
2022-11-16 08:00:00,1776.75,1784.992,1775.883,1783.482,21136,200,0
2022-11-16 12:00:00,1783.452,1783.486,1772.927,1779.604,34866,200,0
2022-11-16 16:00:00,1779.635,1779.994,1770.898,1774.443,18687,200,0
2022-11-16 20:00:00,1774.434,1776.128,1772.977,1773.843,7811,200,0
2022-11-17 00:00:00,1773.862,1774.762,1763.04,1763.884,13638,200,0
2022-11-17 04:00:00,1763.916,1768.993,1761.256,1766.932,14780,200,0
2022-11-17 08:00:00,1766.964,1770.99,1761.455,1765.534,22166,200,0
2022-11-17 12:00:00,1765.565,1767.519,1754.443,1760.195,35717,200,0
2022-11-17 16:00:00,1760.204,1762.301,1755.417,1760.787,17838,200,0
2022-11-17 20:00:00,1760.756,1761.365,1759.341,1760.058,7128,200,0
2022-11-18 00:00:00,1760.026,1765.676,1759.935,1764.81,12283,200,0
2022-11-18 04:00:00,1764.812,1766.857,1761.111,1765.532,12811,200,0
2022-11-18 08:00:00,1765.498,1767.674,1759.912,1760.31,19425,200,0
2022-11-18 12:00:00,1760.268,1764.116,1749.882,1757.28,27830,200,0
2022-11-18 16:00:00,1757.246,1757.908,1747.487,1748.368,16148,200,0
2022-11-18 20:00:00,1748.331,1751.078,1747.592,1750.852,4844,200,0
2022-11-20 20:00:00,1751.196,1752.595,1750.869,1752.261,2432,200,0
2022-11-21 00:00:00,1752.256,1752.986,1743.817,1746.782,14968,200,0
2022-11-21 04:00:00,1746.807,1747.418,1741.968,1742.496,16462,200,0
2022-11-21 08:00:00,1742.531,1744.132,1736.953,1740.006,18840,200,0
2022-11-21 12:00:00,1740.001,1746.988,1735.876,1736.655,26636,200,0
2022-11-21 16:00:00,1736.659,1739.619,1732.473,1735.388,17444,200,0
2022-11-21 20:00:00,1735.379,1739.282,1735.379,1738.506,6801,200,0
2022-11-22 00:00:00,1738.513,1744.987,1738.021,1744.184,12134,200,0
2022-11-22 04:00:00,1744.171,1745.638,1740.288,1743.093,14730,200,0
2022-11-22 08:00:00,1743.062,1749.613,1741.933,1748.512,21389,200,0
2022-11-22 12:00:00,1748.549,1748.549,1741.51,1741.833,22481,200,0
2022-11-22 16:00:00,1741.841,1742.166,1737.008,1738.221,13944,200,0
2022-11-22 20:00:00,1738.17,1741.237,1737.246,1741.139,5022,200,0
2022-11-23 00:00:00,1741.14,1742.851,1736.674,1737.174,11176,200,0
2022-11-23 04:00:00,1737.166,1745.727,1732.665,1744.199,13799,200,0
2022-11-23 08:00:00,1744.161,1744.649,1734.374,1739.445,16503,200,0
2022-11-23 12:00:00,1739.476,1747.658,1726.349,1743.371,34523,200,0
2022-11-23 16:00:00,1743.407,1753.378,1741.101,1751.841,22283,200,0
2022-11-23 20:00:00,1751.871,1752.647,1749.077,1752.271,7794,200,0
2022-11-24 00:00:00,1752.302,1756.54,1752.297,1756.243,13726,200,0
2022-11-24 04:00:00,1756.248,1757.599,1752.577,1753.798,12469,200,0
2022-11-24 08:00:00,1753.78,1758.565,1752.402,1758.252,16003,200,0
2022-11-24 12:00:00,1758.271,1758.537,1755.099,1756.79,14929,200,0
2022-11-24 16:00:00,1756.77,1757.322,1753.592,1755.182,4795,200,0
2022-11-24 20:00:00,1754.313,1755.82,1754.313,1755.189,988,630,0
2022-11-25 00:00:00,1755.375,1759.644,1752.352,1759.516,14227,200,0
2022-11-25 04:00:00,1759.54,1761.12,1751.394,1751.419,13834,200,0
2022-11-25 08:00:00,1751.385,1754.362,1749.224,1751.011,16971,200,0
2022-11-25 12:00:00,1751.024,1752.552,1745.947,1750.301,20501,200,0
2022-11-25 16:00:00,1750.327,1756.076,1749.492,1755.969,8665,200,0
2022-11-27 20:00:00,1753.479,1754.215,1749.919,1750.9,1548,200,0
2022-11-28 00:00:00,1750.883,1753.907,1745.981,1749.618,15536,200,0
2022-11-28 04:00:00,1749.633,1754.057,1748.405,1750.758,14612,200,0
2022-11-28 08:00:00,1750.728,1763.703,1749.877,1758.609,19597,200,0
2022-11-28 12:00:00,1758.64,1759.113,1742.844,1745.444,28645,200,0
2022-11-28 16:00:00,1745.408,1746.762,1739.607,1740.238,18176,200,0
2022-11-28 20:00:00,1740.274,1742.039,1739.601,1741.231,7065,200,0
2022-11-29 00:00:00,1741.252,1750.498,1740.23,1750.434,14459,200,0
2022-11-29 04:00:00,1750.409,1755.029,1750.022,1753.903,15229,200,0
2022-11-29 08:00:00,1753.896,1758.749,1752.169,1757.304,18230,200,0
2022-11-29 12:00:00,1757.273,1757.979,1746.897,1755.147,25505,200,0
2022-11-29 16:00:00,1755.136,1755.494,1748.827,1750.227,17118,200,0
2022-11-29 20:00:00,1750.242,1750.386,1747.829,1748.884,5864,200,0
2022-11-30 00:00:00,1748.92,1754.754,1747.742,1754.744,12196,200,0
2022-11-30 04:00:00,1754.741,1756.776,1752.887,1755.141,12590,200,0
2022-11-30 08:00:00,1755.11,1763.097,1754.836,1762.171,17060,200,0
2022-11-30 12:00:00,1762.203,1764.696,1749.108,1752.565,33249,200,0
2022-11-30 16:00:00,1752.592,1768.811,1744.645,1767.739,34540,200,0
2022-11-30 20:00:00,1767.77,1773.44,1766.279,1773.332,12391,200,0
2022-12-01 00:00:00,1773.354,1780.006,1771.933,1776.573,18563,200,0
2022-12-01 04:00:00,1776.543,1783.658,1774.618,1775.374,16539,200,0
2022-12-01 08:00:00,1775.41,1781.299,1774.727,1780.469,18320,200,0
2022-12-01 12:00:00,1780.476,1804.091,1780.476,1796.444,40322,200,0
2022-12-01 16:00:00,1796.476,1803.323,1796.139,1803.295,20794,200,0
2022-12-01 20:00:00,1803.265,1804.439,1801.116,1802.253,7751,200,0
2022-12-02 00:00:00,1802.284,1802.49,1795.526,1798.165,13380,200,0
2022-12-02 04:00:00,1798.18,1802.506,1795.794,1801.664,14552,200,0
2022-12-02 08:00:00,1801.665,1802.96,1797.914,1798.449,17978,200,0
2022-12-02 12:00:00,1798.455,1800.937,1778.425,1785.69,45526,200,0
2022-12-02 16:00:00,1785.722,1798.59,1784.546,1798.516,20928,200,0
2022-12-02 20:00:00,1798.485,1799.446,1797.141,1797.945,5522,200,0
2022-12-04 20:00:00,1795.131,1799.341,1794.397,1798.946,3012,200,0
2022-12-05 00:00:00,1798.977,1808.989,1798.631,1808.575,16056,200,0
2022-12-05 04:00:00,1808.577,1809.886,1797.494,1799.861,14438,200,0
2022-12-05 08:00:00,1799.85,1800.466,1793.248,1793.825,18656,200,0
2022-12-05 12:00:00,1793.856,1798.361,1773.007,1777.89,33478,200,0
2022-12-05 16:00:00,1777.921,1779.367,1765.756,1768.129,19897,200,0
2022-12-05 20:00:00,1768.098,1770.278,1766.618,1769.348,7575,200,0
2022-12-06 00:00:00,1769.314,1776.251,1768.255,1771.976,15452,200,0
2022-12-06 04:00:00,1771.978,1774.85,1767.28,1771.542,14571,200,0
2022-12-06 08:00:00,1771.539,1778.922,1769.275,1778.908,17627,200,0
2022-12-06 12:00:00,1778.858,1780.835,1770.751,1772.522,23764,200,0
2022-12-06 16:00:00,1772.511,1776.273,1767.201,1771.336,17074,200,0
2022-12-06 20:00:00,1771.368,1772.711,1770.232,1770.915,6173,200,0
2022-12-07 00:00:00,1770.918,1775.166,1768.683,1773.149,13439,200,0
2022-12-07 04:00:00,1773.148,1775.136,1769.611,1772.79,14571,200,0
2022-12-07 08:00:00,1772.76,1775.877,1771.112,1771.408,16640,200,0
2022-12-07 12:00:00,1771.42,1787.651,1770.766,1780.546,34370,200,0
2022-12-07 16:00:00,1780.516,1790.489,1776.284,1789.797,19541,200,0
2022-12-07 20:00:00,1789.765,1790.104,1785.417,1786.964,6608,200,0
2022-12-08 00:00:00,1786.974,1788.067,1781.372,1783.872,13291,200,0
2022-12-08 04:00:00,1783.866,1787.104,1781.819,1785.908,12008,200,0
2022-12-08 08:00:00,1785.915,1785.915,1781.624,1783.678,14437,200,0
2022-12-08 12:00:00,1783.657,1794.664,1783.385,1790.21,26489,200,0
2022-12-08 16:00:00,1790.179,1792.074,1786.57,1789.531,15946,200,0
2022-12-08 20:00:00,1789.499,1790.221,1787.644,1789.207,5287,200,0
2022-12-09 00:00:00,1789.21,1795.654,1788.466,1795.186,12859,200,0
2022-12-09 04:00:00,1795.191,1797.668,1790.955,1792.727,12321,200,0
2022-12-09 08:00:00,1792.694,1801.045,1788.899,1800.377,15053,200,0
2022-12-09 12:00:00,1800.41,1805.55,1790.086,1796.796,35240,200,0
2022-12-09 16:00:00,1796.827,1806.043,1795.985,1799.687,17649,200,0
2022-12-09 20:00:00,1799.653,1799.696,1794.761,1797.455,4969,200,0
2022-12-11 20:00:00,1795.942,1796.635,1794.757,1794.954,2137,200,0
2022-12-12 00:00:00,1794.938,1794.949,1786.757,1787.474,13348,200,0
2022-12-12 04:00:00,1787.476,1791.935,1785.437,1791.216,12510,200,0
2022-12-12 08:00:00,1791.219,1795.446,1788.954,1794.344,14401,200,0
2022-12-12 12:00:00,1794.369,1794.678,1783.035,1784.871,22414,200,0
2022-12-12 16:00:00,1784.901,1785.331,1777.541,1781.518,17682,200,0
2022-12-12 20:00:00,1781.486,1782.071,1779.484,1781.893,6228,200,0
2022-12-13 00:00:00,1781.894,1786.0,1780.983,1782.452,10887,200,0
2022-12-13 04:00:00,1782.483,1788.586,1781.091,1787.932,11302,200,0
2022-12-13 08:00:00,1787.963,1788.336,1782.555,1787.493,15171,200,0
2022-12-13 12:00:00,1787.483,1824.45,1786.576,1809.694,56092,200,0
2022-12-13 16:00:00,1809.725,1815.123,1805.3,1811.366,28150,200,0
2022-12-13 20:00:00,1811.345,1812.576,1809.364,1809.588,8260,200,0
2022-12-14 00:00:00,1809.586,1812.618,1808.813,1809.935,12138,200,0
2022-12-14 04:00:00,1809.924,1813.195,1807.402,1808.943,11355,200,0
2022-12-14 08:00:00,1808.98,1810.106,1805.248,1806.645,16381,200,0
2022-12-14 12:00:00,1806.676,1812.976,1804.27,1811.898,21630,200,0
2022-12-14 16:00:00,1811.926,1812.286,1795.718,1805.085,49580,200,0
2022-12-14 20:00:00,1805.12,1814.085,1804.191,1807.616,18040,200,0
2022-12-15 00:00:00,1807.617,1807.818,1792.443,1793.096,14414,200,0
2022-12-15 04:00:00,1793.085,1796.393,1787.514,1788.881,15048,200,0
2022-12-15 08:00:00,1788.916,1789.788,1773.434,1778.913,23682,200,0
2022-12-15 12:00:00,1778.849,1786.044,1773.879,1778.905,40954,200,0
2022-12-15 16:00:00,1778.935,1779.903,1774.432,1777.823,19789,200,0
2022-12-15 20:00:00,1777.803,1778.928,1775.553,1776.49,6765,200,0
2022-12-16 00:00:00,1776.456,1784.102,1775.986,1779.47,13238,200,0
2022-12-16 04:00:00,1779.473,1784.889,1776.483,1777.268,12998,200,0
2022-12-16 08:00:00,1777.305,1785.422,1774.271,1782.426,19210,200,0
2022-12-16 12:00:00,1782.461,1793.818,1782.135,1787.821,28161,200,0
2022-12-16 16:00:00,1787.852,1793.091,1787.108,1792.874,16328,200,0
2022-12-16 20:00:00,1792.863,1794.228,1791.792,1793.062,5377,200,0
2022-12-18 20:00:00,1792.453,1793.006,1790.95,1791.017,2246,200,0
2022-12-19 00:00:00,1790.997,1796.869,1790.865,1793.805,13902,200,0
2022-12-19 04:00:00,1793.836,1794.7,1790.267,1793.271,11442,200,0
2022-12-19 08:00:00,1793.302,1798.712,1793.27,1794.849,14819,200,0
2022-12-19 12:00:00,1794.782,1795.902,1785.75,1786.091,21129,200,0
2022-12-19 16:00:00,1786.085,1790.858,1783.783,1786.794,15623,200,0
2022-12-19 20:00:00,1786.83,1788.106,1786.256,1787.255,5268,200,0
2022-12-20 00:00:00,1787.224,1796.12,1784.563,1792.234,22901,200,0
2022-12-20 04:00:00,1792.226,1795.675,1786.914,1794.072,21808,200,0
2022-12-20 08:00:00,1794.042,1809.384,1793.947,1807.678,23001,200,0
2022-12-20 12:00:00,1807.637,1821.02,1798.052,1815.245,31653,200,0
2022-12-20 16:00:00,1815.278,1820.84,1813.775,1818.619,19232,200,0
2022-12-20 20:00:00,1818.633,1819.247,1816.844,1817.199,6926,200,0
2022-12-21 00:00:00,1817.168,1819.792,1814.348,1815.112,15022,200,0
2022-12-21 04:00:00,1815.121,1816.323,1811.868,1816.323,13884,200,0
2022-12-21 08:00:00,1816.355,1817.273,1811.854,1813.676,16648,200,0
2022-12-21 12:00:00,1813.707,1823.76,1813.201,1817.813,23550,200,0
2022-12-21 16:00:00,1817.783,1818.343,1813.453,1814.337,15789,200,0
2022-12-21 20:00:00,1814.368,1815.548,1812.782,1814.892,6023,200,0
2022-12-22 00:00:00,1814.856,1820.106,1814.583,1819.477,13122,200,0
2022-12-22 04:00:00,1819.476,1820.365,1813.626,1816.943,11627,200,0
2022-12-22 08:00:00,1816.908,1819.565,1813.734,1815.855,14909,200,0
2022-12-22 12:00:00,1815.848,1819.864,1794.476,1795.557,31625,200,0
2022-12-22 16:00:00,1795.577,1797.461,1784.764,1788.995,20039,200,0
2022-12-22 20:00:00,1788.998,1795.049,1788.501,1793.44,8082,200,0
2022-12-23 00:00:00,1793.461,1795.519,1791.269,1792.746,12162,200,0
2022-12-23 04:00:00,1792.773,1798.22,1792.479,1797.621,11180,200,0
2022-12-23 08:00:00,1797.595,1799.592,1795.021,1797.736,13793,200,0
2022-12-23 12:00:00,1797.74,1801.104,1791.14,1800.527,29092,200,0
2022-12-23 16:00:00,1800.523,1803.194,1793.58,1797.186,15240,200,0
2022-12-23 20:00:00,1797.191,1798.785,1795.53,1798.469,3945,200,0
2022-12-26 20:00:00,1799.575,1803.087,1799.248,1800.842,1600,1955,0
2022-12-27 00:00:00,1800.845,1806.41,1800.238,1804.517,11117,200,0
2022-12-27 04:00:00,1804.531,1808.346,1803.707,1805.569,10923,200,0
2022-12-27 08:00:00,1805.6,1810.479,1805.563,1809.79,13016,200,0
2022-12-27 12:00:00,1809.759,1832.979,1802.291,1824.588,29528,200,0
2022-12-27 16:00:00,1824.619,1826.289,1810.391,1812.975,21547,200,0
2022-12-27 20:00:00,1812.977,1814.791,1812.27,1812.353,5731,200,0
2022-12-28 00:00:00,1812.377,1814.566,1809.548,1810.109,12247,200,0
2022-12-28 04:00:00,1810.105,1812.239,1807.328,1810.305,11450,200,0
2022-12-28 08:00:00,1810.337,1811.38,1799.236,1803.194,17177,200,0
2022-12-28 12:00:00,1803.216,1809.412,1797.98,1797.98,24082,200,0
2022-12-28 16:00:00,1797.919,1809.19,1796.946,1805.338,17227,200,0
2022-12-28 20:00:00,1805.306,1805.937,1802.77,1805.765,5993,200,0
2022-12-29 00:00:00,1805.728,1809.34,1805.094,1807.547,10861,200,0
2022-12-29 04:00:00,1807.579,1810.106,1804.8,1806.281,10602,200,0
2022-12-29 08:00:00,1806.312,1811.985,1804.34,1806.651,14153,200,0
2022-12-29 12:00:00,1806.683,1818.04,1805.193,1813.519,24588,200,0
2022-12-29 16:00:00,1813.549,1820.145,1811.876,1817.264,15713,200,0
2022-12-29 20:00:00,1817.23,1817.232,1813.706,1815.096,6080,200,0
2022-12-30 00:00:00,1815.108,1819.076,1814.722,1816.893,10199,200,0
2022-12-30 04:00:00,1816.89,1822.25,1815.257,1816.697,10817,200,0
2022-12-30 08:00:00,1816.728,1820.202,1813.189,1818.917,15087,200,0
2022-12-30 12:00:00,1818.948,1824.99,1814.221,1818.458,26747,200,0
2022-12-30 16:00:00,1818.414,1825.985,1814.286,1821.677,20345,200,0
2022-12-30 20:00:00,1821.681,1824.68,1821.405,1823.51,5118,200,0
2023-01-02 20:00:00,1825.968,1830.46,1823.998,1829.131,2383,834,0
2023-01-03 00:00:00,1829.11,1843.079,1826.747,1841.151,16465,200,0
2023-01-03 04:00:00,1841.153,1849.934,1837.936,1847.464,16755,200,0
2023-01-03 08:00:00,1847.494,1847.972,1830.798,1833.158,24885,200,0
2023-01-03 12:00:00,1833.127,1849.777,1827.552,1833.189,34678,200,0
2023-01-03 16:00:00,1833.171,1840.181,1828.196,1839.036,22381,200,0
2023-01-03 20:00:00,1839.045,1839.853,1836.484,1836.522,8048,200,0
2023-01-04 00:00:00,1836.501,1847.142,1836.185,1845.591,13743,200,0
2023-01-04 04:00:00,1845.623,1858.602,1844.636,1858.272,15417,200,0
2023-01-04 08:00:00,1858.237,1865.086,1856.936,1860.105,21303,200,0
2023-01-04 12:00:00,1860.137,1862.676,1848.939,1857.722,37314,200,0
2023-01-04 16:00:00,1857.725,1860.354,1847.026,1852.451,27862,200,0
2023-01-04 20:00:00,1852.427,1857.144,1851.319,1854.827,8663,200,0
2023-01-05 00:00:00,1854.794,1858.971,1853.295,1853.296,14433,200,0
2023-01-05 04:00:00,1853.292,1855.609,1847.863,1849.273,14346,200,0
2023-01-05 08:00:00,1849.305,1851.309,1843.642,1846.247,19634,200,0
2023-01-05 12:00:00,1846.253,1848.762,1824.835,1826.851,40644,200,0
2023-01-05 16:00:00,1826.824,1837.435,1825.666,1834.276,20422,200,0
2023-01-05 20:00:00,1834.246,1834.246,1831.544,1832.799,7088,200,0
2023-01-06 00:00:00,1832.8,1840.824,1831.265,1839.281,13351,200,0
2023-01-06 04:00:00,1839.277,1840.649,1835.731,1838.339,12906,200,0
2023-01-06 08:00:00,1838.372,1840.472,1833.233,1836.638,16271,200,0
2023-01-06 12:00:00,1836.625,1863.121,1834.604,1862.213,51144,200,0
2023-01-06 16:00:00,1862.243,1869.783,1859.883,1868.842,20469,200,0
2023-01-06 20:00:00,1868.811,1869.312,1865.636,1865.989,5508,200,0
2023-01-08 20:00:00,1866.736,1869.889,1866.716,1869.602,3665,200,0
2023-01-09 00:00:00,1869.595,1879.494,1867.099,1877.167,17925,200,0
2023-01-09 04:00:00,1877.144,1880.917,1873.728,1875.028,14377,200,0
2023-01-09 08:00:00,1875.059,1876.916,1870.49,1873.012,18113,200,0
2023-01-09 12:00:00,1873.019,1881.456,1872.006,1874.666,29114,200,0
2023-01-09 16:00:00,1874.696,1878.449,1869.008,1875.188,20947,200,0
2023-01-09 20:00:00,1875.158,1875.158,1869.176,1870.49,7765,200,0
2023-01-10 00:00:00,1870.477,1875.925,1867.789,1871.82,15889,200,0
2023-01-10 04:00:00,1871.853,1875.18,1870.587,1872.018,12666,200,0
2023-01-10 08:00:00,1871.987,1877.221,1871.581,1875.153,18261,200,0
2023-01-10 12:00:00,1875.128,1880.719,1870.417,1875.668,32262,200,0
2023-01-10 16:00:00,1875.702,1877.342,1871.173,1876.61,18159,200,0
2023-01-10 20:00:00,1876.591,1878.673,1875.908,1877.167,6345,200,0
2023-01-11 00:00:00,1877.196,1878.396,1872.009,1877.662,12759,200,0
2023-01-11 04:00:00,1877.698,1884.555,1876.908,1881.597,14108,200,0
2023-01-11 08:00:00,1881.561,1886.576,1880.925,1883.006,18332,200,0
2023-01-11 12:00:00,1882.976,1883.268,1869.263,1871.973,29502,200,0
2023-01-11 16:00:00,1872.005,1878.463,1866.893,1877.694,19343,200,0
2023-01-11 20:00:00,1877.71,1878.045,1874.466,1876.939,6751,200,0
2023-01-12 00:00:00,1876.935,1884.711,1875.822,1883.556,13522,200,0
2023-01-12 04:00:00,1883.523,1884.961,1879.851,1882.439,12137,200,0
2023-01-12 08:00:00,1882.47,1886.221,1881.156,1885.168,14921,200,0
2023-01-12 12:00:00,1885.138,1901.404,1873.231,1888.811,60684,200,0
2023-01-12 16:00:00,1888.808,1899.509,1888.359,1897.745,23679,200,0
2023-01-12 20:00:00,1897.714,1899.478,1894.191,1898.022,8272,200,0
2023-01-13 00:00:00,1898.023,1900.916,1895.957,1897.826,16162,200,0
2023-01-13 04:00:00,1897.815,1899.863,1892.282,1899.525,15322,200,0
2023-01-13 08:00:00,1899.557,1909.644,1897.951,1899.542,21315,200,0
2023-01-13 12:00:00,1899.508,1916.193,1893.618,1913.666,33861,200,0
2023-01-13 16:00:00,1913.635,1921.854,1909.403,1919.966,19990,200,0
2023-01-13 20:00:00,1919.99,1921.422,1918.438,1920.251,4878,200,0
2023-01-15 20:00:00,1919.066,1920.45,1916.844,1916.893,2928,200,0
2023-01-16 00:00:00,1916.904,1928.951,1916.749,1926.338,15183,200,0
2023-01-16 04:00:00,1926.34,1926.994,1913.343,1917.11,13901,200,0
2023-01-16 08:00:00,1917.067,1919.275,1910.813,1916.532,15941,200,0
2023-01-16 12:00:00,1916.501,1917.18,1911.334,1915.965,16696,200,0
2023-01-16 16:00:00,1915.982,1916.066,1912.765,1915.082,6115,200,0
2023-01-16 20:00:00,1914.926,1918.284,1914.918,1917.856,1507,200,0
2023-01-17 00:00:00,1917.882,1918.996,1909.315,1910.221,14554,200,0
2023-01-17 04:00:00,1910.229,1913.205,1906.949,1910.003,13884,200,0
2023-01-17 08:00:00,1909.985,1912.576,1904.211,1912.496,16652,200,0
2023-01-17 12:00:00,1912.504,1916.58,1907.033,1911.007,30531,200,0
2023-01-17 16:00:00,1911.029,1913.284,1903.633,1907.881,18725,200,0
2023-01-17 20:00:00,1907.851,1910.752,1907.482,1908.691,7569,200,0
2023-01-18 00:00:00,1908.674,1910.319,1899.183,1900.092,20332,200,0
2023-01-18 04:00:00,1900.062,1908.98,1896.559,1907.739,19400,200,0
2023-01-18 08:00:00,1907.741,1916.735,1907.741,1915.647,18298,200,0
2023-01-18 12:00:00,1915.614,1925.862,1911.353,1912.264,39029,200,0
2023-01-18 16:00:00,1912.234,1912.739,1901.547,1905.061,24057,200,0
2023-01-18 20:00:00,1905.092,1907.306,1902.275,1906.818,7999,200,0
2023-01-19 00:00:00,1906.848,1910.754,1900.95,1908.98,16800,200,0
2023-01-19 04:00:00,1908.95,1912.885,1906.368,1911.28,14929,200,0
2023-01-19 08:00:00,1911.319,1916.715,1906.618,1908.096,17467,200,0
2023-01-19 12:00:00,1908.095,1923.253,1906.807,1918.032,32965,200,0
2023-01-19 16:00:00,1918.064,1931.358,1917.619,1929.653,22843,200,0
2023-01-19 20:00:00,1929.62,1935.129,1929.281,1931.68,9673,200,0
2023-01-20 00:00:00,1931.683,1934.797,1927.466,1927.535,13219,200,0
2023-01-20 04:00:00,1927.539,1933.047,1923.156,1933.026,13999,200,0
2023-01-20 08:00:00,1932.982,1937.383,1926.506,1927.021,19114,200,0
2023-01-20 12:00:00,1926.959,1930.914,1920.58,1926.318,28128,200,0
2023-01-20 16:00:00,1926.352,1930.959,1922.787,1929.653,18442,200,0
2023-01-20 20:00:00,1929.629,1929.944,1925.9,1925.916,5023,200,0
2023-01-22 20:00:00,1924.243,1927.327,1924.189,1927.258,2521,200,0
2023-01-23 00:00:00,1927.232,1935.466,1927.232,1930.603,11990,200,0
2023-01-23 04:00:00,1930.6,1931.158,1919.641,1920.224,13917,200,0
2023-01-23 08:00:00,1920.258,1929.315,1918.778,1925.518,17985,200,0
2023-01-23 12:00:00,1925.548,1927.785,1911.296,1922.923,33244,200,0
2023-01-23 16:00:00,1922.953,1929.596,1919.128,1926.375,20625,200,0
2023-01-23 20:00:00,1926.407,1932.692,1925.96,1931.325,7598,200,0
2023-01-24 00:00:00,1931.313,1937.001,1930.77,1933.435,9893,200,0
2023-01-24 04:00:00,1933.427,1941.383,1931.802,1940.313,12900,200,0
2023-01-24 08:00:00,1940.339,1942.395,1934.279,1937.19,17024,200,0
2023-01-24 12:00:00,1937.201,1939.386,1916.962,1934.973,35929,200,0
2023-01-24 16:00:00,1935.005,1938.202,1930.122,1938.056,18950,200,0
2023-01-24 20:00:00,1938.087,1938.191,1936.271,1936.963,6418,200,0
2023-01-25 00:00:00,1936.953,1939.66,1928.724,1931.738,12104,200,0
2023-01-25 04:00:00,1931.768,1933.736,1925.781,1928.702,15412,200,0
2023-01-25 08:00:00,1928.733,1932.348,1922.687,1925.905,18117,200,0
2023-01-25 12:00:00,1925.871,1938.501,1919.727,1932.976,31402,200,0
2023-01-25 16:00:00,1933.006,1943.164,1928.771,1942.317,20068,200,0
2023-01-25 20:00:00,1942.349,1948.739,1942.288,1948.321,9951,200,0
2023-01-26 00:00:00,1948.346,1949.116,1942.5,1947.663,11279,200,0
2023-01-26 04:00:00,1947.675,1948.919,1938.023,1942.906,14477,200,0
2023-01-26 08:00:00,1942.876,1945.04,1933.068,1936.961,17593,200,0
2023-01-26 12:00:00,1936.991,1942.332,1923.156,1924.812,39304,200,0
2023-01-26 16:00:00,1924.782,1933.09,1918.36,1931.185,23975,200,0
2023-01-26 20:00:00,1931.215,1931.215,1928.269,1930.718,6713,200,0
2023-01-27 00:00:00,1930.679,1934.79,1923.868,1924.694,11887,200,0
2023-01-27 04:00:00,1924.699,1925.706,1919.812,1923.093,13009,200,0
2023-01-27 08:00:00,1923.126,1931.398,1922.962,1930.093,14660,200,0
2023-01-27 12:00:00,1930.124,1935.025,1916.455,1924.088,29731,200,0
2023-01-27 16:00:00,1924.057,1932.128,1923.811,1929.886,18362,200,0
2023-01-27 20:00:00,1929.904,1930.54,1926.162,1928.265,5077,200,0
2023-01-29 20:00:00,1926.737,1928.918,1926.408,1928.854,2431,200,0
2023-01-30 00:00:00,1928.859,1931.002,1924.385,1926.269,14854,200,0
2023-01-30 04:00:00,1926.268,1934.425,1923.13,1924.485,17262,200,0
2023-01-30 08:00:00,1924.478,1930.707,1920.627,1923.154,19180,200,0
2023-01-30 12:00:00,1923.159,1930.325,1922.461,1925.602,21471,200,0
2023-01-30 16:00:00,1925.57,1925.776,1920.748,1923.276,16511,200,0
2023-01-30 20:00:00,1923.278,1923.598,1921.162,1922.089,6916,200,0
2023-01-31 00:00:00,1922.121,1927.356,1920.793,1921.003,13348,200,0
2023-01-31 04:00:00,1921.028,1921.858,1911.977,1914.494,14853,200,0
2023-01-31 08:00:00,1914.386,1914.849,1901.123,1904.174,19727,200,0
2023-01-31 12:00:00,1904.207,1929.248,1900.736,1928.572,37526,200,0
2023-01-31 16:00:00,1928.606,1931.088,1926.255,1928.614,17879,200,0
2023-01-31 20:00:00,1928.644,1929.101,1927.065,1927.336,6952,200,0
2023-02-01 00:00:00,1927.329,1928.752,1924.52,1926.785,11038,200,0
2023-02-01 04:00:00,1926.774,1929.214,1924.101,1924.947,12123,200,0
2023-02-01 08:00:00,1924.956,1930.2,1923.27,1928.759,15215,200,0
2023-02-01 12:00:00,1928.75,1933.176,1922.755,1931.843,28951,200,0
2023-02-01 16:00:00,1931.874,1944.003,1920.494,1942.948,47156,200,0
2023-02-01 20:00:00,1942.981,1956.112,1939.164,1953.043,24125,200,0
2023-02-02 00:00:00,1953.008,1957.251,1950.712,1952.341,17918,200,0
2023-02-02 04:00:00,1952.326,1959.639,1951.198,1955.475,14845,200,0
2023-02-02 08:00:00,1955.506,1959.588,1951.55,1954.682,18721,200,0
2023-02-02 12:00:00,1954.714,1955.928,1916.967,1926.115,52843,200,0
2023-02-02 16:00:00,1926.078,1926.273,1911.751,1913.204,27933,200,0
2023-02-02 20:00:00,1913.172,1915.405,1911.211,1915.002,12162,200,0
2023-02-03 00:00:00,1914.998,1918.515,1913.975,1916.279,14105,200,0
2023-02-03 04:00:00,1916.269,1918.17,1910.086,1913.638,15317,200,0
2023-02-03 08:00:00,1913.639,1916.117,1909.235,1914.384,18149,200,0
2023-02-03 12:00:00,1914.377,1917.009,1869.067,1873.034,70334,200,0
2023-02-03 16:00:00,1873.07,1874.987,1861.424,1865.777,27752,0,0
2023-02-03 20:00:00,1865.769,1867.093,1864.36,1865.805,6918,0,0
2023-02-05 20:00:00,1864.169,1869.894,1863.718,1865.462,4303,200,0
2023-02-06 00:00:00,1865.429,1876.663,1863.68,1876.537,19737,200,0
2023-02-06 04:00:00,1876.541,1878.78,1874.352,1875.897,14874,200,0
2023-02-06 08:00:00,1875.928,1881.296,1868.186,1871.599,21570,200,0
2023-02-06 12:00:00,1871.581,1875.738,1862.982,1865.912,27965,200,0
2023-02-06 16:00:00,1865.946,1871.246,1863.525,1865.66,20753,200,0
2023-02-06 20:00:00,1865.629,1869.742,1865.179,1868.476,7554,200,0
2023-02-07 00:00:00,1868.507,1875.555,1868.254,1872.704,13643,200,0
2023-02-07 04:00:00,1872.714,1876.859,1871.641,1876.211,13561,200,0
2023-02-07 08:00:00,1876.192,1877.943,1866.058,1867.411,20147,200,0
2023-02-07 12:00:00,1867.419,1879.841,1865.671,1879.378,26941,200,0
2023-02-07 16:00:00,1879.383,1884.428,1864.972,1871.714,53717,200,0
2023-02-07 20:00:00,1871.744,1878.021,1867.282,1872.894,9557,200,0
2023-02-08 00:00:00,1872.893,1878.398,1872.464,1876.356,12216,200,0
2023-02-08 04:00:00,1876.322,1886.268,1873.263,1886.268,13236,200,0
2023-02-08 08:00:00,1886.309,1886.342,1878.603,1880.181,19389,200,0
2023-02-08 12:00:00,1880.212,1883.608,1868.977,1873.895,29018,200,0
2023-02-08 16:00:00,1873.876,1879.825,1872.232,1876.174,21521,200,0
2023-02-08 20:00:00,1876.153,1876.259,1873.763,1874.989,6932,200,0
2023-02-09 00:00:00,1874.983,1880.278,1872.05,1878.62,12513,200,0
2023-02-09 04:00:00,1878.637,1881.991,1876.774,1880.553,14409,200,0
2023-02-09 08:00:00,1880.52,1886.103,1879.9,1882.1,17658,200,0
2023-02-09 12:00:00,1882.131,1890.02,1872.502,1874.158,29322,200,0
2023-02-09 16:00:00,1874.124,1875.557,1859.878,1861.888,30194,200,0
2023-02-09 20:00:00,1861.921,1863.115,1858.842,1862.322,9593,200,0
2023-02-10 00:00:00,1862.353,1865.386,1855.188,1855.252,16074,200,0
2023-02-10 04:00:00,1855.243,1866.792,1852.744,1866.165,20295,200,0
2023-02-10 08:00:00,1866.13,1872.159,1860.416,1864.728,25863,200,0
2023-02-10 12:00:00,1864.707,1868.453,1858.886,1859.842,29812,200,0
2023-02-10 16:00:00,1859.811,1864.661,1856.354,1863.658,18674,200,0
2023-02-10 20:00:00,1863.672,1865.685,1862.682,1865.314,4944,200,0
2023-02-12 20:00:00,1863.97,1865.29,1862.633,1862.705,2215,200,0
2023-02-13 00:00:00,1862.739,1863.808,1858.064,1858.809,14229,200,0
2023-02-13 04:00:00,1858.78,1866.533,1856.994,1863.868,14652,200,0
2023-02-13 08:00:00,1863.898,1864.124,1853.798,1862.116,17684,200,0
2023-02-13 12:00:00,1862.133,1862.955,1853.145,1855.201,23995,200,0
2023-02-13 16:00:00,1855.169,1855.888,1850.417,1852.767,16035,200,0
2023-02-13 20:00:00,1852.775,1854.503,1851.109,1854.376,6240,200,0
2023-02-14 00:00:00,1854.38,1858.508,1853.988,1858.093,11725,200,0
2023-02-14 04:00:00,1858.12,1864.858,1857.073,1858.701,12611,200,0
2023-02-14 08:00:00,1858.732,1863.822,1853.571,1857.238,16329,200,0
2023-02-14 12:00:00,1857.229,1870.282,1843.14,1852.265,75666,200,0
2023-02-14 16:00:00,1852.296,1858.794,1843.764,1855.456,31766,200,0
2023-02-14 20:00:00,1855.425,1856.231,1853.459,1854.865,7742,200,0
2023-02-15 00:00:00,1854.862,1860.066,1847.474,1848.243,15431,200,0
2023-02-15 04:00:00,1848.241,1848.799,1834.882,1835.631,18924,200,0
2023-02-15 08:00:00,1835.598,1837.529,1831.813,1834.908,21663,200,0
2023-02-15 12:00:00,1834.875,1838.871,1830.262,1834.088,35505,200,0
2023-02-15 16:00:00,1834.1,1837.997,1831.207,1835.388,18989,200,0
2023-02-15 20:00:00,1835.42,1838.582,1834.782,1836.361,7388,200,0
2023-02-16 00:00:00,1836.353,1842.578,1834.459,1840.426,14103,200,0
2023-02-16 04:00:00,1840.449,1841.636,1834.259,1841.294,14093,200,0
2023-02-16 08:00:00,1841.262,1844.774,1834.759,1837.34,16402,200,0
2023-02-16 12:00:00,1837.37,1840.34,1827.404,1834.53,34909,200,0
2023-02-16 16:00:00,1834.563,1845.266,1832.373,1842.731,23093,200,0
2023-02-16 20:00:00,1842.764,1842.95,1833.277,1834.272,12368,200,0
2023-02-17 00:00:00,1834.288,1834.288,1825.646,1828.188,14482,200,0
2023-02-17 04:00:00,1828.205,1828.488,1821.773,1824.051,14822,200,0
2023-02-17 08:00:00,1824.007,1828.016,1818.861,1824.653,19434,200,0
2023-02-17 12:00:00,1824.683,1840.689,1822.565,1834.369,32701,200,0
2023-02-17 16:00:00,1834.4,1843.518,1834.257,1842.683,20879,200,0
2023-02-17 20:00:00,1842.713,1843.547,1840.909,1842.499,5390,200,0
2023-02-19 20:00:00,1841.163,1841.687,1838.386,1838.659,2114,200,0
2023-02-20 00:00:00,1838.666,1843.138,1837.282,1842.815,11846,200,0
2023-02-20 04:00:00,1842.813,1846.277,1841.125,1845.983,11918,200,0
2023-02-20 08:00:00,1845.965,1847.39,1841.001,1844.706,11115,200,0
2023-02-20 12:00:00,1844.758,1846.897,1842.241,1843.193,10979,329,0
2023-02-20 16:00:00,1843.183,1843.978,1840.239,1841.069,4956,329,0
2023-02-20 20:00:00,1841.31,1842.561,1841.212,1841.674,1015,200,0
2023-02-21 00:00:00,1841.705,1843.651,1837.083,1838.407,12378,200,0
2023-02-21 04:00:00,1838.387,1839.693,1833.525,1834.777,12951,200,0
2023-02-21 08:00:00,1834.747,1836.748,1831.05,1833.791,19505,200,0
2023-02-21 12:00:00,1833.798,1843.801,1830.204,1838.71,30503,200,0
2023-02-21 16:00:00,1838.742,1839.461,1831.687,1834.017,19023,200,0
2023-02-21 20:00:00,1834.048,1836.484,1834.048,1835.548,5904,200,0
2023-02-22 00:00:00,1835.552,1838.384,1834.964,1836.15,12482,200,0
2023-02-22 04:00:00,1836.152,1839.931,1834.592,1839.882,10305,200,0
2023-02-22 08:00:00,1839.85,1841.137,1832.02,1838.851,17723,200,0
2023-02-22 12:00:00,1838.891,1845.822,1831.712,1836.029,25531,200,0
2023-02-22 16:00:00,1835.996,1837.033,1824.667,1824.916,25565,200,0
2023-02-22 20:00:00,1824.886,1827.336,1823.473,1825.075,9290,200,0
2023-02-23 00:00:00,1825.086,1830.414,1823.143,1827.855,12325,200,0
2023-02-23 04:00:00,1827.835,1833.723,1827.472,1829.709,12265,200,0
2023-02-23 08:00:00,1829.674,1829.674,1823.944,1826.383,14340,200,0
2023-02-23 12:00:00,1826.406,1829.968,1817.188,1823.527,32141,200,0
2023-02-23 16:00:00,1823.522,1824.11,1818.408,1822.92,21798,200,0
2023-02-23 20:00:00,1822.938,1824.086,1822.135,1823.166,5922,200,0
2023-02-24 00:00:00,1823.187,1827.755,1822.944,1825.692,14182,200,0
2023-02-24 04:00:00,1825.713,1826.364,1821.721,1822.036,11475,200,0
2023-02-24 08:00:00,1822.022,1825.49,1817.152,1819.104,16407,200,0
2023-02-24 12:00:00,1819.07,1819.143,1808.931,1810.625,36289,200,0
2023-02-24 16:00:00,1810.658,1814.126,1808.912,1810.941,17159,200,0
2023-02-24 20:00:00,1810.898,1813.395,1810.511,1810.778,5315,200,0
2023-02-26 20:00:00,1811.891,1813.078,1811.239,1811.74,2182,200,0
2023-02-27 00:00:00,1811.728,1814.149,1806.177,1807.91,13484,200,0
2023-02-27 04:00:00,1807.938,1812.352,1807.071,1810.638,13337,200,0
2023-02-27 08:00:00,1810.631,1813.658,1808.24,1811.409,15462,200,0
2023-02-27 12:00:00,1811.377,1820.088,1810.07,1815.38,24635,200,0
2023-02-27 16:00:00,1815.373,1820.071,1812.583,1817.366,15916,200,0
2023-02-27 20:00:00,1817.335,1818.014,1815.957,1817.137,6282,200,0
2023-02-28 00:00:00,1817.138,1819.356,1814.64,1814.818,10297,200,0
2023-02-28 04:00:00,1814.812,1816.775,1810.163,1810.413,12086,200,0
2023-02-28 08:00:00,1810.444,1812.982,1804.363,1809.027,17246,200,0
2023-02-28 12:00:00,1808.998,1826.727,1807.228,1824.07,27513,200,0
2023-02-28 16:00:00,1824.101,1831.104,1824.076,1828.939,19703,200,0
2023-02-28 20:00:00,1828.951,1829.283,1825.405,1825.551,7411,200,0
2023-03-01 00:00:00,1825.552,1831.122,1823.042,1830.963,13577,200,0
2023-03-01 04:00:00,1830.961,1836.724,1829.908,1835.555,14518,200,0
2023-03-01 08:00:00,1835.524,1838.486,1830.37,1835.249,18046,200,0
2023-03-01 12:00:00,1835.279,1844.374,1833.35,1842.018,32167,200,0
2023-03-01 16:00:00,1842.01,1842.17,1836.467,1838.268,19514,200,0
2023-03-01 20:00:00,1838.303,1838.901,1836.547,1836.554,6117,200,0
2023-03-02 00:00:00,1836.53,1838.189,1830.972,1833.444,13202,200,0
2023-03-02 04:00:00,1833.443,1834.792,1830.159,1831.633,11778,200,0
2023-03-02 08:00:00,1831.658,1837.288,1829.947,1836.662,17302,200,0
2023-03-02 12:00:00,1836.653,1838.932,1830.055,1836.594,29042,200,0
2023-03-02 16:00:00,1836.58,1838.645,1832.223,1835.589,18276,200,0
2023-03-02 20:00:00,1835.559,1838.106,1834.889,1837.818,6836,200,0
2023-03-03 00:00:00,1837.787,1841.455,1837.756,1838.742,13556,200,0
2023-03-03 04:00:00,1838.749,1844.774,1837.823,1842.722,11359,200,0
2023-03-03 08:00:00,1842.718,1849.129,1842.718,1848.416,15923,200,0
2023-03-03 12:00:00,1848.403,1848.59,1838.952,1844.588,26418,200,0
2023-03-03 16:00:00,1844.619,1853.646,1843.796,1853.275,17406,200,0
2023-03-03 20:00:00,1853.307,1856.278,1852.638,1855.265,6010,200,0
2023-03-05 20:00:00,1853.694,1854.076,1852.152,1852.294,1832,200,0
2023-03-06 00:00:00,1852.302,1855.848,1850.73,1854.94,12808,200,0
2023-03-06 04:00:00,1854.941,1858.123,1852.753,1856.228,11989,200,0
2023-03-06 08:00:00,1856.195,1857.092,1847.207,1848.452,15858,200,0
2023-03-06 12:00:00,1848.454,1853.923,1848.038,1850.982,21452,200,0
2023-03-06 16:00:00,1850.95,1852.756,1845.066,1846.09,16755,200,0
2023-03-06 20:00:00,1846.072,1847.252,1845.604,1846.323,5909,200,0
2023-03-07 00:00:00,1846.303,1850.432,1844.02,1847.538,12087,200,0
2023-03-07 04:00:00,1847.53,1851.468,1845.366,1848.436,10969,200,0
2023-03-07 08:00:00,1848.404,1849.626,1840.885,1841.913,14595,200,0
2023-03-07 12:00:00,1841.906,1841.906,1815.301,1817.83,38066,200,0
2023-03-07 16:00:00,1817.767,1823.141,1812.67,1813.844,27082,200,0
2023-03-07 20:00:00,1813.884,1815.958,1813.139,1813.936,7519,200,0
2023-03-08 00:00:00,1813.935,1814.096,1809.372,1809.82,12567,200,0
2023-03-08 04:00:00,1809.826,1815.03,1809.826,1814.197,11553,200,0
2023-03-08 08:00:00,1814.166,1816.576,1812.323,1815.0,13449,200,0
2023-03-08 12:00:00,1815.017,1824.235,1812.159,1820.599,33363,200,0
2023-03-08 16:00:00,1820.635,1821.851,1813.278,1816.233,19170,200,0
2023-03-08 20:00:00,1816.264,1816.312,1812.834,1815.196,5961,200,0
2023-03-09 00:00:00,1815.209,1816.446,1811.922,1813.708,10363,200,0
2023-03-09 04:00:00,1813.712,1816.008,1812.696,1814.774,10002,200,0
2023-03-09 08:00:00,1814.783,1820.308,1813.645,1818.733,13196,200,0
2023-03-09 12:00:00,1818.698,1835.398,1815.424,1828.576,27118,200,0
2023-03-09 16:00:00,1828.608,1834.998,1825.492,1830.512,21612,200,0
2023-03-09 20:00:00,1830.545,1832.295,1828.954,1831.569,8537,200,0
2023-03-10 00:00:00,1831.565,1834.83,1828.075,1829.2,16139,200,0
2023-03-10 04:00:00,1829.202,1834.654,1827.702,1833.516,13746,200,0
2023-03-10 08:00:00,1833.548,1837.046,1830.91,1834.91,16854,200,0
2023-03-10 12:00:00,1834.941,1867.404,1831.765,1863.028,52493,200,0
2023-03-10 16:00:00,1863.024,1865.369,1854.087,1863.818,33294,200,0
2023-03-10 20:00:00,1863.842,1870.031,1863.514,1867.109,9150,200,0
2023-03-12 20:00:00,1883.238,1894.368,1875.749,1877.746,25382,200,0
2023-03-13 00:00:00,1877.716,1888.785,1872.137,1882.539,25320,200,0
2023-03-13 04:00:00,1882.572,1883.653,1871.496,1876.235,18706,200,0
2023-03-13 08:00:00,1876.231,1893.764,1875.449,1889.662,37724,200,0
2023-03-13 12:00:00,1889.631,1913.016,1887.177,1904.91,75169,200,0
2023-03-13 16:00:00,1904.878,1914.577,1903.313,1913.301,32360,200,0
2023-03-13 20:00:00,1913.263,1914.07,1909.909,1912.025,5421,200,0
2023-03-14 00:00:00,1912.055,1914.113,1902.565,1902.877,16383,200,0
2023-03-14 04:00:00,1902.894,1913.398,1901.454,1912.592,21198,200,0
2023-03-14 08:00:00,1912.557,1913.297,1900.545,1904.116,24872,200,0
2023-03-14 12:00:00,1904.149,1911.625,1895.228,1904.119,57953,200,0
2023-03-14 16:00:00,1904.089,1910.288,1902.167,1902.42,26849,200,0
2023-03-14 20:00:00,1902.453,1904.65,1902.453,1903.064,4393,200,0
2023-03-15 00:00:00,1903.055,1905.638,1899.925,1902.849,14463,200,0
2023-03-15 04:00:00,1902.844,1903.416,1896.302,1896.456,14488,200,0
2023-03-15 08:00:00,1896.423,1918.74,1885.551,1918.108,40817,200,0
2023-03-15 12:00:00,1918.075,1930.328,1916.967,1927.151,68288,200,0
2023-03-15 16:00:00,1927.183,1937.287,1908.969,1916.717,49617,200,0
2023-03-15 20:00:00,1916.747,1922.796,1916.128,1921.155,5478,200,0
2023-03-16 00:00:00,1921.145,1924.344,1907.298,1913.197,24206,200,0
2023-03-16 04:00:00,1913.208,1920.675,1912.189,1916.643,20161,200,0
2023-03-16 08:00:00,1916.673,1927.035,1915.759,1926.878,21875,200,0
2023-03-16 12:00:00,1926.908,1933.437,1913.335,1918.692,64088,200,0
2023-03-16 16:00:00,1918.648,1921.126,1914.332,1920.549,29471,200,0
2023-03-16 20:00:00,1920.514,1922.06,1918.466,1921.294,5619,200,0
2023-03-17 00:00:00,1921.306,1929.655,1918.196,1927.635,16205,200,0
2023-03-17 04:00:00,1927.653,1934.278,1927.209,1930.282,16455,200,0
2023-03-17 08:00:00,1930.312,1936.986,1927.331,1935.014,19358,200,0
2023-03-17 12:00:00,1935.049,1964.892,1934.916,1959.269,49653,200,0
2023-03-17 16:00:00,1959.3,1987.718,1955.282,1976.229,43667,200,0
2023-03-17 20:00:00,1976.27,1988.311,1975.236,1988.129,5883,200,0
2023-03-19 20:00:00,1985.925,1988.132,1975.037,1976.936,11961,200,0
2023-03-20 00:00:00,1976.968,1978.387,1968.114,1973.311,22701,200,0
2023-03-20 04:00:00,1973.308,2009.668,1972.97,2003.415,34835,200,0
2023-03-20 08:00:00,2003.384,2006.137,1973.704,1983.78,44654,200,0
2023-03-20 12:00:00,1983.812,1986.561,1965.507,1973.763,55577,200,0
2023-03-20 16:00:00,1973.73,1984.349,1972.931,1977.152,26968,200,0
2023-03-20 20:00:00,1977.17,1980.021,1976.241,1976.585,6160,200,0
2023-03-21 00:00:00,1976.581,1985.121,1975.242,1983.76,15508,200,0
2023-03-21 04:00:00,1983.756,1983.756,1970.255,1970.316,19004,200,0
2023-03-21 08:00:00,1970.286,1970.819,1962.639,1966.283,24345,200,0
2023-03-21 12:00:00,1966.285,1967.068,1943.125,1948.149,48440,200,0
2023-03-21 16:00:00,1948.115,1948.97,1935.343,1940.163,26499,200,0
2023-03-21 20:00:00,1940.195,1943.918,1939.31,1943.106,6132,200,0
2023-03-22 00:00:00,1943.074,1946.169,1938.167,1939.602,17050,200,0
2023-03-22 04:00:00,1939.574,1943.485,1934.107,1939.791,18118,200,0
2023-03-22 08:00:00,1939.759,1945.611,1939.579,1942.411,20752,200,0
2023-03-22 12:00:00,1942.414,1951.888,1937.051,1947.214,31892,200,0
2023-03-22 16:00:00,1947.228,1978.802,1945.048,1972.71,65201,200,0
2023-03-22 20:00:00,1972.678,1975.103,1964.52,1969.706,11668,200,0
2023-03-23 00:00:00,1969.755,1977.588,1966.317,1976.875,22279,200,0
2023-03-23 04:00:00,1976.878,1983.618,1974.926,1976.814,22518,200,0
2023-03-23 08:00:00,1976.846,1980.642,1974.25,1978.413,21800,200,0
2023-03-23 12:00:00,1978.407,1987.033,1966.514,1984.001,37261,200,0
2023-03-23 16:00:00,1984.038,2003.277,1982.717,1997.711,43528,200,0
2023-03-23 20:00:00,1997.747,1998.875,1990.086,1991.324,8781,200,0
2023-03-24 00:00:00,1991.292,1994.827,1989.714,1992.815,19623,200,0
2023-03-24 04:00:00,1992.829,1993.329,1985.267,1989.406,17739,200,0
2023-03-24 08:00:00,1989.437,2000.245,1981.221,1995.789,31793,200,0
2023-03-24 12:00:00,1995.748,2002.989,1985.886,1987.25,55950,200,0
2023-03-24 16:00:00,1987.276,1990.57,1975.239,1975.967,30598,200,0
2023-03-24 20:00:00,1975.997,1979.348,1975.165,1978.777,3093,200,0
2023-03-26 20:00:00,1976.4,1976.735,1969.353,1975.691,7621,200,0
2023-03-27 00:00:00,1975.658,1978.691,1972.101,1974.584,18691,200,0
2023-03-27 04:00:00,1974.588,1975.462,1965.876,1970.923,19456,200,0
2023-03-27 08:00:00,1970.887,1972.116,1948.143,1954.14,25535,200,0
2023-03-27 12:00:00,1954.154,1958.695,1943.944,1956.844,35326,200,0
2023-03-27 16:00:00,1956.831,1959.385,1950.706,1956.897,18330,200,0
2023-03-27 20:00:00,1956.928,1958.27,1955.688,1958.071,5181,200,0
2023-03-28 00:00:00,1958.04,1963.955,1957.692,1959.685,15340,200,0
2023-03-28 04:00:00,1959.658,1960.81,1951.873,1953.902,18129,200,0
2023-03-28 08:00:00,1953.932,1958.518,1949.141,1956.994,17351,200,0
2023-03-28 12:00:00,1956.989,1969.897,1956.944,1966.619,30569,200,0
2023-03-28 16:00:00,1966.65,1975.255,1965.652,1973.314,18416,200,0
2023-03-28 20:00:00,1973.348,1974.423,1971.476,1971.867,5212,200,0
2023-03-29 00:00:00,1971.898,1972.854,1965.859,1966.469,13640,200,0
2023-03-29 04:00:00,1966.474,1968.826,1958.665,1961.645,16306,200,0
2023-03-29 08:00:00,1961.657,1969.117,1960.808,1966.687,15165,200,0
2023-03-29 12:00:00,1966.693,1971.684,1960.571,1961.812,27869,200,0
2023-03-29 16:00:00,1961.78,1969.171,1961.067,1963.132,16486,200,0
2023-03-29 20:00:00,1963.164,1964.862,1962.673,1963.197,5108,200,0
2023-03-30 00:00:00,1963.201,1963.503,1955.345,1959.566,14114,200,0
2023-03-30 04:00:00,1959.577,1971.474,1958.93,1966.63,16358,200,0
2023-03-30 08:00:00,1966.6,1971.186,1964.919,1968.603,15086,200,0
2023-03-30 12:00:00,1968.635,1975.29,1963.913,1974.699,30467,200,0
2023-03-30 16:00:00,1974.73,1984.251,1974.73,1981.297,18545,200,0
2023-03-30 20:00:00,1981.261,1981.944,1977.982,1978.386,5466,200,0
2023-03-31 00:00:00,1978.412,1983.578,1977.633,1981.181,14965,200,0
2023-03-31 04:00:00,1981.158,1985.017,1974.804,1975.261,14559,200,0
2023-03-31 08:00:00,1975.266,1981.907,1973.172,1980.192,16521,200,0
2023-03-31 12:00:00,1980.204,1987.544,1974.764,1979.658,33405,200,0
2023-03-31 16:00:00,1979.65,1979.747,1966.806,1970.931,20334,200,0
2023-03-31 20:00:00,1970.895,1970.96,1968.46,1969.376,2532,200,0
2023-04-02 20:00:00,1966.275,1967.407,1956.964,1957.027,9069,200,0
2023-04-03 00:00:00,1957.063,1964.465,1949.542,1951.794,20454,200,0
2023-04-03 04:00:00,1951.801,1961.934,1950.456,1961.794,15655,200,0
2023-04-03 08:00:00,1961.785,1978.705,1961.181,1978.582,17289,200,0
2023-04-03 12:00:00,1978.55,1990.476,1972.293,1987.944,35338,200,0
2023-04-03 16:00:00,1987.942,1990.44,1981.862,1985.143,18671,200,0
2023-04-03 20:00:00,1985.109,1985.909,1983.558,1984.935,4454,200,0
2023-04-04 00:00:00,1984.929,1985.267,1977.777,1978.088,12879,200,0
2023-04-04 04:00:00,1978.08,1983.754,1976.821,1982.139,14979,200,0
2023-04-04 08:00:00,1982.134,1984.281,1978.473,1981.953,15553,200,0
2023-04-04 12:00:00,1981.987,2024.802,1981.44,2020.205,52557,200,0
2023-04-04 16:00:00,2020.174,2024.982,2017.828,2021.832,21219,200,0
2023-04-04 20:00:00,2021.8,2023.587,2019.708,2021.734,6867,200,0
2023-04-05 00:00:00,2021.748,2025.234,2019.342,2023.003,13026,200,0
2023-04-05 04:00:00,2022.993,2028.364,2022.077,2025.362,15112,200,0
2023-04-05 08:00:00,2025.331,2028.122,2021.468,2022.892,15254,200,0
2023-04-05 12:00:00,2022.928,2032.046,2009.719,2021.692,50194,200,0
2023-04-05 16:00:00,2021.674,2023.895,2019.064,2021.005,18395,200,0
2023-04-05 20:00:00,2021.043,2021.642,2018.686,2020.287,4562,200,0
2023-04-06 00:00:00,2020.269,2020.436,2007.666,2011.302,15747,200,0
2023-04-06 04:00:00,2011.296,2018.078,2010.468,2016.346,15304,200,0
2023-04-06 08:00:00,2016.342,2020.907,2014.795,2018.474,15187,200,0
2023-04-06 12:00:00,2018.437,2020.681,2000.61,2011.174,34012,200,0
2023-04-06 16:00:00,2011.138,2014.9,2006.197,2006.417,15351,200,0
2023-04-06 20:00:00,2006.45,2008.116,2005.752,2007.761,2023,200,0
2023-04-09 20:00:00,1997.006,2006.495,1995.817,2005.497,5721,200,0
2023-04-10 00:00:00,2005.529,2005.86,1988.663,1990.856,15580,200,0
2023-04-10 04:00:00,1990.886,1997.57,1989.475,1997.433,12625,200,0
2023-04-10 08:00:00,1997.403,2002.935,1995.905,2001.556,12975,200,0
2023-04-10 12:00:00,2001.526,2001.961,1981.436,1988.632,36351,200,0
2023-04-10 16:00:00,1988.629,1992.794,1987.112,1991.527,15405,200,0
2023-04-10 20:00:00,1991.558,1992.486,1990.342,1992.389,3632,200,0
2023-04-11 00:00:00,1992.356,1998.128,1988.773,1997.518,14085,200,0
2023-04-11 04:00:00,1997.509,2003.621,1997.339,2002.035,14895,200,0
2023-04-11 08:00:00,2002.003,2007.41,1999.345,2000.429,15363,200,0
2023-04-11 12:00:00,2000.418,2006.195,1995.351,2004.132,23095,200,0
2023-04-11 16:00:00,2004.113,2006.714,2000.953,2004.051,13814,200,0
2023-04-11 20:00:00,2004.082,2005.02,2002.832,2004.659,3531,200,0
2023-04-12 00:00:00,2004.675,2019.17,2003.922,2017.213,15665,200,0
2023-04-12 04:00:00,2017.25,2021.072,2011.612,2012.953,14976,200,0
2023-04-12 08:00:00,2012.983,2013.681,2007.161,2007.697,15131,200,0
2023-04-12 12:00:00,2007.663,2028.014,2000.847,2005.779,50609,200,0
2023-04-12 16:00:00,2005.748,2018.065,2005.209,2013.651,21347,200,0
2023-04-12 20:00:00,2013.62,2018.453,2013.232,2018.149,4841,200,0
2023-04-13 00:00:00,2018.118,2019.731,2015.676,2017.423,14802,200,0
2023-04-13 04:00:00,2017.415,2025.619,2015.276,2024.477,14786,200,0
2023-04-13 08:00:00,2024.5,2029.098,2024.415,2028.573,15075,200,0
2023-04-13 12:00:00,2028.565,2048.597,2026.243,2038.9,42110,200,0
2023-04-13 16:00:00,2038.939,2044.078,2036.599,2040.717,17789,200,0
2023-04-13 20:00:00,2040.678,2041.05,2039.834,2040.487,1416,200,0
2023-04-14 00:00:00,2043.62,2047.392,2042.828,2045.022,8623,200,0
2023-04-14 04:00:00,2045.021,2046.461,2036.597,2039.196,16180,200,0
2023-04-14 08:00:00,2039.191,2042.173,2031.688,2033.224,17870,200,0
2023-04-14 12:00:00,2033.248,2039.977,1993.504,1995.625,60300,200,0
2023-04-14 16:00:00,1995.623,2007.954,1992.364,2005.279,20907,200,0
2023-04-14 20:00:00,2005.264,2005.615,2003.836,2004.252,2018,200,0
2023-04-16 20:00:00,2001.207,2005.006,1999.651,2002.848,5116,200,0
2023-04-17 00:00:00,2002.866,2006.273,1995.351,2004.506,17497,200,0
2023-04-17 04:00:00,2004.479,2014.998,2003.709,2010.848,18582,200,0
2023-04-17 08:00:00,2010.782,2012.673,2004.87,2009.074,16299,200,0
2023-04-17 12:00:00,2009.104,2010.572,1980.899,1989.921,37154,200,0
2023-04-17 16:00:00,1989.923,1997.078,1987.244,1996.233,15990,200,0
2023-04-17 20:00:00,1996.266,1996.435,1993.797,1993.905,3892,200,0
2023-04-18 00:00:00,1993.915,2001.75,1993.311,2000.21,14281,200,0
2023-04-18 04:00:00,2000.251,2004.072,1996.328,2002.28,14264,200,0
2023-04-18 08:00:00,2002.284,2005.114,1999.05,2003.852,15302,200,0
2023-04-18 12:00:00,2003.883,2011.821,1991.071,2008.39,33538,200,0
2023-04-18 16:00:00,2008.422,2008.487,2003.349,2004.057,15349,200,0
2023-04-18 20:00:00,2004.088,2006.217,2004.066,2005.717,4344,200,0
2023-04-19 00:00:00,2005.719,2008.077,2001.977,2003.359,13958,200,0
2023-04-19 04:00:00,2003.402,2004.397,1986.801,1991.288,19488,200,0
2023-04-19 08:00:00,1991.319,1991.35,1969.176,1970.545,24464,200,0
2023-04-19 12:00:00,1970.552,1995.901,1969.632,1990.735,33718,200,0
2023-04-19 16:00:00,1990.768,1996.797,1990.303,1994.418,16076,200,0
2023-04-19 20:00:00,1994.385,1995.662,1993.126,1993.616,5615,200,0
2023-04-20 00:00:00,1993.651,1998.65,1990.476,1992.724,15937,200,0
2023-04-20 04:00:00,1992.715,2001.159,1991.383,1997.111,16445,200,0
2023-04-20 08:00:00,1997.125,2004.744,1992.333,2001.044,17944,200,0
2023-04-20 12:00:00,2001.077,2012.347,1997.413,2002.549,36356,200,0
2023-04-20 16:00:00,2002.58,2008.319,2002.153,2003.083,16692,200,0
2023-04-20 20:00:00,2003.114,2005.737,2001.787,2005.313,6482,200,0
2023-04-21 00:00:00,2005.287,2005.508,2000.506,2002.059,14299,200,0
2023-04-21 04:00:00,2002.091,2002.269,1981.912,1986.72,20697,200,0
2023-04-21 08:00:00,1986.717,1992.429,1984.048,1987.949,19523,200,0
2023-04-21 12:00:00,1987.945,1997.939,1971.584,1975.808,45985,200,0
2023-04-21 16:00:00,1975.845,1982.964,1973.987,1982.637,15696,200,0
2023-04-21 20:00:00,1982.67,1983.577,1981.73,1982.886,2059,200,0
2023-04-23 20:00:00,1982.082,1985.343,1981.789,1984.62,3555,200,0
2023-04-24 00:00:00,1984.618,1984.618,1978.505,1980.787,16077,200,0
2023-04-24 04:00:00,1980.756,1983.123,1976.426,1982.662,17512,200,0
2023-04-24 08:00:00,1982.664,1986.882,1980.81,1983.039,15866,200,0
2023-04-24 12:00:00,1983.035,1987.176,1974.028,1984.768,29345,200,0
2023-04-24 16:00:00,1984.764,1990.819,1984.609,1988.711,15327,200,0
2023-04-24 20:00:00,1988.68,1996.42,1988.266,1995.016,5977,200,0
2023-04-25 00:00:00,1995.015,2000.945,1992.814,1992.816,17763,200,0
2023-04-25 04:00:00,1992.822,1997.2,1987.453,1990.198,18276,200,0
2023-04-25 08:00:00,1990.21,1991.029,1976.688,1977.545,21722,200,0
2023-04-25 12:00:00,1977.576,1994.512,1976.067,1989.93,36250,200,0
2023-04-25 16:00:00,1989.965,2003.83,1988.237,1999.144,24855,200,0
2023-04-25 20:00:00,1999.111,2001.656,1995.811,2000.172,6848,200,0
2023-04-26 00:00:00,2000.178,2002.415,1993.117,1994.025,20847,200,0
2023-04-26 04:00:00,1994.058,1999.262,1994.058,1997.888,15841,200,0
2023-04-26 08:00:00,1997.898,2001.707,1991.199,1995.747,19331,200,0
2023-04-26 12:00:00,1995.716,2009.322,1991.415,1991.446,41118,200,0
2023-04-26 16:00:00,1991.469,1992.427,1983.348,1988.012,23876,200,0
2023-04-26 20:00:00,1987.979,1991.911,1987.178,1991.647,6299,200,0
2023-04-27 00:00:00,1991.617,2000.844,1989.513,1999.791,16181,200,0
2023-04-27 04:00:00,1999.821,2003.178,1997.269,1999.344,17210,200,0
2023-04-27 08:00:00,1999.374,2001.176,1995.9,1996.844,15430,200,0
2023-04-27 12:00:00,1996.876,2003.246,1974.016,1982.223,50242,200,0
2023-04-27 16:00:00,1982.254,1991.016,1981.149,1988.097,16423,200,0
2023-04-27 20:00:00,1988.127,1988.571,1986.298,1986.914,5714,200,0
2023-04-28 00:00:00,1986.879,1991.546,1984.863,1988.894,17993,200,0
2023-04-28 04:00:00,1988.877,1990.372,1981.561,1982.316,23309,200,0
2023-04-28 08:00:00,1982.411,1984.795,1979.664,1983.233,16766,200,0
2023-04-28 12:00:00,1983.266,1994.994,1976.103,1991.693,43809,200,0
2023-04-28 16:00:00,1991.726,1994.03,1987.436,1989.142,16954,200,0
2023-04-28 20:00:00,1989.175,1989.833,1987.911,1989.376,2298,200,0
2023-04-30 20:00:00,1989.602,1991.877,1986.62,1986.895,4632,200,0
2023-05-01 00:00:00,1986.927,1987.387,1980.451,1983.303,12946,200,0
2023-05-01 04:00:00,1983.336,1986.228,1978.958,1980.894,14648,200,0
2023-05-01 08:00:00,1980.868,1989.936,1977.054,1988.945,15433,200,0
2023-05-01 12:00:00,1988.947,2005.933,1980.475,1982.917,49990,200,0
2023-05-01 16:00:00,1982.884,1984.019,1979.325,1979.719,18025,200,0
2023-05-01 20:00:00,1979.751,1983.259,1979.6,1981.373,5610,200,0
2023-05-02 00:00:00,1981.385,1985.19,1981.305,1982.109,12887,200,0
2023-05-02 04:00:00,1982.073,1985.69,1980.39,1981.33,15134,200,0
2023-05-02 08:00:00,1981.342,1990.15,1978.455,1986.348,16768,200,0
2023-05-02 12:00:00,1986.314,2015.431,1984.415,2014.172,48177,200,0
2023-05-02 16:00:00,2014.203,2019.233,2011.16,2018.199,24133,200,0
2023-05-02 20:00:00,2018.232,2018.232,2015.489,2015.905,5018,200,0
2023-05-03 00:00:00,2015.916,2018.719,2014.166,2018.427,9668,200,0
2023-05-03 04:00:00,2018.425,2019.434,2012.609,2014.82,12859,200,0
2023-05-03 08:00:00,2014.8,2017.406,2014.274,2015.816,14503,200,0
2023-05-03 12:00:00,2015.849,2026.758,2007.647,2023.523,35030,200,0
2023-05-03 16:00:00,2023.492,2035.995,2016.941,2035.079,51081,200,0
2023-05-03 20:00:00,2035.11,2079.817,2029.043,2051.957,29768,200,0
2023-05-04 00:00:00,2051.959,2057.096,2038.372,2040.905,23646,200,0
2023-05-04 04:00:00,2040.872,2045.435,2030.327,2034.57,21775,200,0
2023-05-04 08:00:00,2034.507,2044.829,2031.123,2041.984,19829,200,0
2023-05-04 12:00:00,2041.953,2059.537,2032.038,2050.938,65463,200,0
2023-05-04 16:00:00,2050.971,2054.057,2044.437,2049.555,28828,200,0
2023-05-04 20:00:00,2049.586,2050.885,2047.48,2049.922,6461,200,0
2023-05-05 00:00:00,2049.924,2052.957,2045.436,2049.749,14524,200,0
2023-05-05 04:00:00,2049.782,2051.099,2039.307,2040.507,16305,200,0
2023-05-05 08:00:00,2040.509,2041.664,2034.707,2035.442,16151,200,0
2023-05-05 12:00:00,2035.436,2038.275,1999.451,2015.152,58137,200,0
2023-05-05 16:00:00,2015.182,2018.785,2012.998,2017.697,19811,200,0
2023-05-05 20:00:00,2017.73,2018.901,2015.723,2016.65,2167,200,0
2023-05-07 20:00:00,2016.428,2017.281,2014.174,2016.006,4614,200,0
2023-05-08 00:00:00,2015.976,2023.938,2015.15,2023.189,14730,200,0
2023-05-08 04:00:00,2023.205,2024.671,2020.084,2021.436,13850,200,0
2023-05-08 08:00:00,2021.401,2025.396,2019.937,2022.228,13680,200,0
2023-05-08 12:00:00,2022.251,2029.185,2017.835,2027.098,27516,200,0
2023-05-08 16:00:00,2027.066,2029.32,2020.19,2020.271,16197,200,0
2023-05-08 20:00:00,2020.301,2022.395,2020.136,2021.237,5227,200,0
2023-05-09 00:00:00,2021.266,2024.921,2019.483,2024.878,12622,200,0
2023-05-09 04:00:00,2024.894,2028.697,2021.575,2024.626,15302,200,0
2023-05-09 08:00:00,2024.596,2032.768,2021.378,2031.009,16211,200,0
2023-05-09 12:00:00,2031.0,2032.045,2022.83,2026.877,25729,200,0
2023-05-09 16:00:00,2026.912,2037.561,2026.835,2034.239,18482,200,0
2023-05-09 20:00:00,2034.278,2037.119,2034.083,2036.27,4885,200,0
2023-05-10 00:00:00,2036.31,2038.182,2030.44,2031.675,12227,200,0
2023-05-10 04:00:00,2031.643,2032.937,2027.414,2031.661,13403,200,0
2023-05-10 08:00:00,2031.657,2032.041,2026.239,2029.246,14378,200,0
2023-05-10 12:00:00,2029.277,2047.995,2021.306,2025.006,53575,200,0
2023-05-10 16:00:00,2024.983,2034.126,2024.489,2030.893,19080,200,0
2023-05-10 20:00:00,2030.926,2032.072,2029.101,2031.436,4355,200,0
2023-05-11 00:00:00,2031.411,2036.348,2031.132,2032.367,13766,200,0
2023-05-11 04:00:00,2032.363,2033.109,2021.759,2025.562,16715,200,0
2023-05-11 08:00:00,2025.515,2039.078,2021.606,2036.736,22005,200,0
2023-05-11 12:00:00,2036.768,2040.788,2011.104,2013.551,55495,200,0
2023-05-11 16:00:00,2013.517,2018.266,2012.842,2014.149,18431,200,0
2023-05-11 20:00:00,2014.182,2016.596,2013.727,2016.346,5245,200,0
2023-05-12 00:00:00,2016.367,2017.486,2008.487,2011.596,16409,200,0
2023-05-12 04:00:00,2011.565,2012.571,2005.618,2008.735,16860,200,0
2023-05-12 08:00:00,2008.723,2009.69,2000.895,2004.722,18151,200,0
2023-05-12 12:00:00,2004.718,2022.461,2003.539,2009.417,37531,200,0
2023-05-12 16:00:00,2009.383,2016.355,2008.309,2010.871,17198,200,0
2023-05-12 20:00:00,2010.902,2011.454,2010.36,2010.912,1618,200,0
2023-05-14 20:00:00,2008.664,2011.957,2008.664,2009.558,3383,200,0
2023-05-15 00:00:00,2009.551,2018.791,2008.637,2013.986,14941,200,0
2023-05-15 04:00:00,2013.984,2019.986,2013.224,2018.372,15252,200,0
2023-05-15 08:00:00,2018.339,2020.84,2011.885,2013.035,14075,200,0
2023-05-15 12:00:00,2013.033,2022.083,2011.454,2017.678,26025,200,0
2023-05-15 16:00:00,2017.696,2021.359,2014.352,2014.954,13407,200,0
2023-05-15 20:00:00,2014.95,2016.597,2013.765,2014.4,3850,200,0
2023-05-16 00:00:00,2014.411,2018.279,2014.126,2016.899,11495,200,0
2023-05-16 04:00:00,2016.897,2017.682,2002.554,2010.024,17643,200,0
2023-05-16 08:00:00,2010.041,2010.27,2005.11,2005.467,13755,200,0
2023-05-16 12:00:00,2005.472,2014.856,1994.431,1995.946,38790,200,0
2023-05-16 16:00:00,1995.953,1997.009,1985.414,1989.873,21201,200,0
2023-05-16 20:00:00,1989.907,1991.142,1988.054,1989.63,5184,200,0
2023-05-17 00:00:00,1989.633,1992.977,1989.633,1991.3,13384,200,0
2023-05-17 04:00:00,1991.302,1992.049,1986.684,1987.619,14345,200,0
2023-05-17 08:00:00,1987.588,1989.063,1983.675,1987.38,15716,200,0
2023-05-17 12:00:00,1987.39,1987.957,1974.734,1980.39,33252,200,0
2023-05-17 16:00:00,1980.358,1984.511,1980.094,1982.985,16288,200,0
2023-05-17 20:00:00,1982.955,1983.552,1980.909,1982.714,3757,200,0
2023-05-18 00:00:00,1982.717,1985.973,1981.332,1982.274,12170,200,0
2023-05-18 04:00:00,1982.268,1982.718,1973.556,1974.507,15508,200,0
2023-05-18 08:00:00,1974.539,1978.856,1972.146,1974.085,16272,200,0
2023-05-18 12:00:00,1974.088,1975.354,1951.937,1955.988,37853,200,0
2023-05-18 16:00:00,1956.004,1958.893,1953.938,1957.268,16620,200,0
2023-05-18 20:00:00,1957.277,1959.151,1956.875,1958.356,4042,200,0
2023-05-19 00:00:00,1958.364,1963.61,1954.003,1963.297,15175,200,0
2023-05-19 04:00:00,1963.273,1968.712,1960.617,1966.866,16126,200,0
2023-05-19 08:00:00,1966.861,1968.199,1962.285,1963.696,16225,200,0
2023-05-19 12:00:00,1963.664,1984.186,1957.136,1974.776,43063,200,0
2023-05-19 16:00:00,1974.806,1983.228,1973.093,1976.111,20497,200,0
2023-05-19 20:00:00,1976.142,1977.776,1975.439,1977.703,1979,200,0
2023-05-21 20:00:00,1978.005,1981.48,1978.005,1980.829,3723,200,0
2023-05-22 00:00:00,1980.827,1982.321,1976.283,1977.843,15425,200,0
2023-05-22 04:00:00,1977.873,1978.744,1971.21,1976.8,15643,200,0
2023-05-22 08:00:00,1976.783,1982.53,1969.575,1972.935,16110,200,0
2023-05-22 12:00:00,1972.908,1978.535,1968.69,1972.417,30739,200,0
2023-05-22 16:00:00,1972.45,1978.87,1971.615,1972.095,15746,200,0
2023-05-22 20:00:00,1972.065,1972.596,1969.586,1969.784,4707,200,0
2023-05-23 00:00:00,1969.814,1971.736,1960.243,1962.74,16719,200,0
2023-05-23 04:00:00,1962.709,1964.548,1955.443,1957.14,17174,200,0
2023-05-23 08:00:00,1957.173,1961.257,1954.232,1958.835,17693,200,0
2023-05-23 12:00:00,1958.838,1973.53,1957.699,1967.315,37831,200,0
2023-05-23 16:00:00,1967.313,1977.739,1966.239,1974.754,20078,200,0
2023-05-23 20:00:00,1974.787,1977.289,1974.218,1974.98,4681,200,0
2023-05-24 00:00:00,1975.021,1976.965,1972.735,1976.454,13969,200,0
2023-05-24 04:00:00,1976.453,1980.562,1970.665,1974.014,17362,200,0
2023-05-24 08:00:00,1974.044,1981.984,1973.52,1981.856,16951,200,0
2023-05-24 12:00:00,1981.854,1985.015,1960.202,1962.988,32740,200,0
2023-05-24 16:00:00,1963.027,1965.236,1956.683,1958.972,23035,200,0
2023-05-24 20:00:00,1958.959,1961.839,1957.09,1959.752,7439,200,0
2023-05-25 00:00:00,1959.748,1960.101,1954.91,1957.207,16444,200,0
2023-05-25 04:00:00,1957.213,1961.33,1954.885,1959.413,15533,200,0
2023-05-25 08:00:00,1959.421,1964.711,1959.21,1961.926,15701,200,0
2023-05-25 12:00:00,1961.958,1963.062,1939.029,1945.393,48142,200,0
2023-05-25 16:00:00,1945.426,1946.908,1938.813,1940.148,17596,200,0
2023-05-25 20:00:00,1940.153,1943.157,1939.377,1940.515,6034,200,0
2023-05-26 00:00:00,1940.492,1948.779,1936.576,1948.423,15953,200,0
2023-05-26 04:00:00,1948.408,1957.219,1946.965,1956.202,17226,200,0
2023-05-26 08:00:00,1956.172,1956.715,1950.991,1951.445,14488,200,0
2023-05-26 12:00:00,1951.435,1953.848,1938.658,1943.457,37113,200,0
2023-05-26 16:00:00,1943.427,1947.566,1942.79,1947.403,15519,200,0
2023-05-26 20:00:00,1947.434,1947.501,1946.197,1946.834,1576,200,0
2023-05-28 20:00:00,1943.265,1946.248,1943.227,1943.654,4454,200,0
2023-05-29 00:00:00,1943.687,1946.165,1940.27,1945.542,12607,200,0
2023-05-29 04:00:00,1945.547,1948.874,1943.741,1944.176,11198,200,0
2023-05-29 08:00:00,1944.193,1946.576,1940.731,1946.272,10859,200,0
2023-05-29 12:00:00,1946.303,1949.718,1944.778,1945.922,13485,200,0
2023-05-29 16:00:00,1945.882,1945.882,1942.772,1943.627,2271,200,0
2023-05-29 20:00:00,1943.445,1944.318,1941.347,1941.683,4372,200,0
2023-05-30 00:00:00,1941.498,1946.602,1939.225,1939.446,15449,200,0
2023-05-30 04:00:00,1939.424,1942.168,1932.042,1942.161,20145,200,0
2023-05-30 08:00:00,1942.149,1960.7,1941.527,1960.144,21384,200,0
2023-05-30 12:00:00,1960.12,1962.253,1950.577,1962.071,30050,200,0
2023-05-30 16:00:00,1962.101,1963.479,1957.703,1960.13,13502,200,0
2023-05-30 20:00:00,1960.098,1960.098,1957.99,1958.535,4184,200,0
2023-05-31 00:00:00,1958.544,1960.452,1953.625,1958.052,14888,200,0
2023-05-31 04:00:00,1958.051,1965.186,1955.735,1956.067,18876,200,0
2023-05-31 08:00:00,1956.092,1960.772,1954.843,1960.324,16956,200,0
2023-05-31 12:00:00,1960.321,1974.526,1959.932,1968.581,36055,200,0
2023-05-31 16:00:00,1968.551,1969.179,1962.654,1963.061,17630,200,0
2023-05-31 20:00:00,1963.094,1966.961,1962.378,1966.244,5670,200,0
2023-06-01 00:00:00,1966.275,1967.446,1961.996,1964.178,15539,200,0
2023-06-01 04:00:00,1964.194,1965.808,1955.08,1955.523,15395,200,0
2023-06-01 08:00:00,1955.535,1968.368,1953.338,1967.861,16281,200,0
2023-06-01 12:00:00,1967.828,1983.049,1958.663,1982.054,39919,200,0
2023-06-01 16:00:00,1982.086,1982.624,1975.635,1978.068,15197,200,0
2023-06-01 20:00:00,1978.101,1978.316,1975.886,1977.03,3690,200,0
2023-06-02 00:00:00,1977.033,1983.374,1974.015,1982.473,14418,200,0
2023-06-02 04:00:00,1982.47,1982.84,1975.784,1975.951,15453,200,0
2023-06-02 08:00:00,1975.933,1981.106,1974.956,1978.772,14068,200,0
2023-06-02 12:00:00,1978.802,1980.174,1960.987,1962.042,40665,200,0
2023-06-02 16:00:00,1962.012,1962.178,1948.066,1948.621,17075,200,0
2023-06-02 20:00:00,1948.584,1948.935,1947.58,1947.992,1667,200,0
2023-06-04 20:00:00,1947.366,1950.096,1947.297,1949.33,4212,200,0
2023-06-05 00:00:00,1949.344,1949.466,1943.826,1947.086,15453,200,0
2023-06-05 04:00:00,1947.085,1947.338,1938.476,1939.893,15037,200,0
2023-06-05 08:00:00,1939.842,1945.869,1938.341,1942.222,15518,200,0
2023-06-05 12:00:00,1942.252,1961.909,1938.048,1958.108,31289,200,0
2023-06-05 16:00:00,1958.144,1964.003,1957.066,1961.029,14170,200,0
2023-06-05 20:00:00,1961.066,1963.119,1960.628,1961.224,5108,200,0
2023-06-06 00:00:00,1961.231,1964.509,1959.007,1959.199,13064,200,0
2023-06-06 04:00:00,1959.196,1962.714,1956.846,1957.491,16780,200,0
2023-06-06 08:00:00,1957.513,1964.896,1957.242,1962.727,16142,200,0
2023-06-06 12:00:00,1962.733,1966.376,1954.345,1963.429,26683,200,0
2023-06-06 16:00:00,1963.432,1966.288,1961.019,1962.84,12441,200,0
2023-06-06 20:00:00,1962.871,1964.504,1962.45,1963.345,4062,200,0
2023-06-07 00:00:00,1963.315,1966.724,1962.905,1963.351,12542,200,0
2023-06-07 04:00:00,1963.348,1964.989,1954.903,1956.108,13446,200,0
2023-06-07 08:00:00,1956.088,1966.378,1955.702,1961.255,15168,200,0
2023-06-07 12:00:00,1961.223,1970.123,1946.404,1947.117,31843,200,0
2023-06-07 16:00:00,1947.148,1947.653,1939.997,1940.077,18782,200,0
2023-06-07 20:00:00,1940.044,1945.278,1939.839,1944.436,5848,200,0
2023-06-08 00:00:00,1944.433,1947.036,1944.24,1946.265,12502,200,0
2023-06-08 04:00:00,1946.29,1948.27,1942.764,1947.268,13918,200,0
2023-06-08 08:00:00,1947.238,1949.053,1944.902,1946.582,14113,200,0
2023-06-08 12:00:00,1946.619,1970.507,1946.2,1966.789,34734,200,0
2023-06-08 16:00:00,1966.819,1969.188,1961.713,1964.946,15642,200,0
2023-06-08 20:00:00,1964.98,1966.354,1964.837,1965.316,3539,200,0
2023-06-09 00:00:00,1965.313,1965.702,1963.176,1963.777,12038,200,0
2023-06-09 04:00:00,1963.776,1966.032,1962.358,1963.135,12994,200,0
2023-06-09 08:00:00,1963.105,1966.877,1960.653,1966.443,14652,200,0
2023-06-09 12:00:00,1966.438,1972.771,1956.58,1962.152,30712,200,0
2023-06-09 16:00:00,1962.119,1962.78,1959.6,1960.134,13318,200,0
2023-06-09 20:00:00,1960.166,1961.097,1960.039,1960.64,1171,200,0
2023-06-11 20:00:00,1959.592,1960.497,1958.013,1959.933,3406,200,0
2023-06-12 00:00:00,1959.941,1960.427,1954.226,1958.44,13103,200,0
2023-06-12 04:00:00,1958.416,1962.069,1956.542,1960.59,13827,200,0
2023-06-12 08:00:00,1960.558,1966.889,1960.187,1963.92,15158,200,0
2023-06-12 12:00:00,1963.921,1965.897,1949.118,1955.393,28575,200,0
2023-06-12 16:00:00,1955.361,1958.706,1953.073,1957.942,14171,200,0
2023-06-12 20:00:00,1957.974,1960.551,1956.744,1959.94,4564,200,0
2023-06-13 00:00:00,1959.953,1962.066,1955.9,1961.996,12680,200,0
2023-06-13 04:00:00,1962.006,1965.344,1958.233,1962.233,14818,200,0
2023-06-13 08:00:00,1962.202,1966.178,1961.448,1963.75,13363,200,0
2023-06-13 12:00:00,1963.736,1970.589,1941.884,1943.096,44075,200,0
2023-06-13 16:00:00,1943.086,1947.049,1939.975,1943.482,16714,200,0
2023-06-13 20:00:00,1943.446,1945.052,1942.089,1943.884,5030,200,0
2023-06-14 00:00:00,1943.891,1949.352,1942.733,1949.249,12404,200,0
2023-06-14 04:00:00,1949.275,1951.496,1945.204,1949.585,13211,200,0
2023-06-14 08:00:00,1949.563,1952.845,1945.774,1946.947,13825,200,0
2023-06-14 12:00:00,1946.952,1960.058,1946.262,1955.908,24247,200,0
2023-06-14 16:00:00,1955.939,1957.393,1939.88,1944.901,41411,200,0
2023-06-14 20:00:00,1944.936,1946.094,1939.673,1945.188,7199,200,0
2023-06-15 00:00:00,1945.146,1945.228,1932.207,1934.811,17993,200,0
2023-06-15 04:00:00,1934.839,1939.764,1928.867,1933.516,20223,200,0
2023-06-15 08:00:00,1933.493,1936.708,1927.793,1928.479,16581,200,0
2023-06-15 12:00:00,1928.449,1959.728,1924.838,1956.51,39113,200,0
2023-06-15 16:00:00,1956.541,1960.194,1956.541,1958.604,15402,200,0
2023-06-15 20:00:00,1958.634,1959.202,1957.215,1958.223,4076,200,0
2023-06-16 00:00:00,1958.223,1962.032,1955.137,1956.613,14387,200,0
2023-06-16 04:00:00,1956.617,1963.228,1954.629,1961.563,15208,200,0
2023-06-16 08:00:00,1961.594,1966.498,1959.966,1965.583,15975,200,0
2023-06-16 12:00:00,1965.614,1967.848,1953.188,1956.229,33060,200,0
2023-06-16 16:00:00,1956.196,1959.667,1953.908,1955.391,14732,200,0
2023-06-16 20:00:00,1955.359,1958.211,1955.321,1957.441,1725,200,0
2023-06-18 20:00:00,1958.5,1958.561,1956.235,1957.038,3499,200,0
2023-06-19 00:00:00,1957.046,1958.662,1953.977,1955.659,12262,200,0
2023-06-19 04:00:00,1955.627,1957.461,1952.687,1955.063,12771,200,0
2023-06-19 08:00:00,1955.032,1958.711,1948.288,1948.445,14491,200,0
2023-06-19 12:00:00,1948.478,1953.421,1947.734,1950.64,15245,200,0
2023-06-19 16:00:00,1950.643,1951.858,1949.723,1949.958,2932,200,0
2023-06-19 20:00:00,1950.701,1954.171,1950.641,1952.197,3540,200,0
2023-06-20 00:00:00,1952.383,1952.95,1944.892,1950.173,14820,200,0
2023-06-20 04:00:00,1950.176,1956.727,1946.882,1954.899,15491,200,0
2023-06-20 08:00:00,1954.859,1955.531,1949.898,1951.29,15308,200,0
2023-06-20 12:00:00,1951.32,1954.503,1929.584,1935.074,33030,200,0
2023-06-20 16:00:00,1935.108,1938.68,1934.137,1936.07,15026,200,0
2023-06-20 20:00:00,1936.106,1938.802,1935.419,1937.231,5761,200,0
2023-06-21 00:00:00,1937.225,1939.431,1935.341,1937.01,13289,200,0
2023-06-21 04:00:00,1937.027,1937.337,1931.177,1934.788,15716,200,0
2023-06-21 08:00:00,1934.789,1935.865,1932.083,1934.529,15466,200,0
2023-06-21 12:00:00,1934.498,1935.283,1918.808,1932.25,39768,200,0
2023-06-21 16:00:00,1932.216,1937.549,1930.355,1933.383,16529,200,0
2023-06-21 20:00:00,1933.406,1934.861,1931.929,1933.839,5717,200,0
2023-06-22 00:00:00,1933.838,1934.198,1931.484,1932.549,9460,200,0
2023-06-22 04:00:00,1932.523,1933.023,1927.025,1929.928,15062,200,0
2023-06-22 08:00:00,1929.898,1931.232,1924.729,1927.321,16312,200,0
2023-06-22 12:00:00,1927.306,1930.798,1912.757,1913.412,33334,200,0
2023-06-22 16:00:00,1913.378,1917.696,1913.0,1913.845,15864,200,0
2023-06-22 20:00:00,1913.81,1914.923,1912.355,1914.439,5097,200,0
2023-06-23 00:00:00,1914.439,1916.031,1910.091,1912.356,12525,200,0
2023-06-23 04:00:00,1912.349,1918.893,1912.07,1917.996,17329,200,0
2023-06-23 08:00:00,1918.045,1920.589,1916.567,1919.123,15288,200,0
2023-06-23 12:00:00,1919.13,1937.231,1918.764,1920.996,34657,200,0
2023-06-23 16:00:00,1921.006,1922.302,1917.865,1919.065,14292,200,0
2023-06-23 20:00:00,1919.034,1921.682,1918.937,1921.192,1759,200,0
2023-06-25 20:00:00,1922.951,1925.402,1922.682,1925.294,4392,200,0
2023-06-26 00:00:00,1925.293,1928.47,1924.059,1925.461,15180,200,0
2023-06-26 04:00:00,1925.462,1929.074,1922.125,1928.869,14414,200,0
2023-06-26 08:00:00,1928.869,1933.28,1928.857,1931.345,14925,200,0
2023-06-26 12:00:00,1931.347,1933.051,1921.269,1925.644,23900,200,0
2023-06-26 16:00:00,1925.675,1926.502,1922.344,1922.819,13383,200,0
2023-06-26 20:00:00,1922.78,1924.656,1920.902,1922.485,4474,200,0
2023-06-27 00:00:00,1922.501,1930.207,1921.659,1928.414,13009,200,0
2023-06-27 04:00:00,1928.408,1929.615,1924.155,1928.152,12911,200,0
2023-06-27 08:00:00,1928.152,1928.59,1919.429,1923.09,13863,200,0
2023-06-27 12:00:00,1923.068,1930.639,1911.243,1913.461,30680,200,0
2023-06-27 16:00:00,1913.444,1916.497,1910.8,1913.686,14804,200,0
2023-06-27 20:00:00,1913.716,1915.779,1912.915,1915.385,4340,200,0
2023-06-28 00:00:00,1915.389,1917.174,1913.445,1915.176,12625,200,0
2023-06-28 04:00:00,1915.176,1916.741,1908.997,1910.891,13521,200,0
2023-06-28 08:00:00,1910.89,1911.901,1905.571,1907.12,15337,200,0
2023-06-28 12:00:00,1907.121,1913.176,1902.5,1910.823,28856,200,0
2023-06-28 16:00:00,1910.792,1913.334,1909.161,1909.243,13855,200,0
2023-06-28 20:00:00,1909.208,1910.706,1906.774,1909.681,5493,200,0
2023-06-29 00:00:00,1909.712,1912.779,1902.715,1905.418,14013,200,0
2023-06-29 04:00:00,1905.387,1907.308,1902.51,1905.661,14561,200,0
2023-06-29 08:00:00,1905.693,1910.968,1903.886,1910.002,14103,200,0
2023-06-29 12:00:00,1910.007,1912.847,1892.839,1908.94,35858,200,0
2023-06-29 16:00:00,1908.916,1910.73,1906.208,1907.602,14080,200,0
2023-06-29 20:00:00,1907.571,1908.935,1907.08,1908.661,4690,200,0
2023-06-30 00:00:00,1908.692,1909.687,1907.079,1908.252,12003,200,0
2023-06-30 04:00:00,1908.254,1909.862,1903.73,1905.245,13485,200,0
2023-06-30 08:00:00,1905.219,1906.604,1900.419,1905.239,14467,200,0
2023-06-30 12:00:00,1905.272,1919.359,1904.593,1918.98,35002,200,0
2023-06-30 16:00:00,1918.995,1922.693,1917.426,1920.043,14929,200,0
2023-06-30 20:00:00,1920.011,1920.1,1918.098,1919.333,1890,200,0
2023-07-02 20:00:00,1918.552,1919.584,1917.464,1918.169,3360,200,0
2023-07-03 00:00:00,1918.164,1919.005,1914.604,1918.307,12797,200,0
2023-07-03 04:00:00,1918.338,1920.582,1912.068,1912.131,14440,200,0
2023-07-03 08:00:00,1912.155,1914.318,1910.003,1912.502,13268,200,0
2023-07-03 12:00:00,1912.509,1930.631,1911.59,1926.565,26788,200,0
2023-07-03 16:00:00,1926.563,1926.648,1920.565,1921.309,9155,200,0
2023-07-03 20:00:00,1921.307,1921.652,1919.665,1921.181,2580,200,0
2023-07-04 00:00:00,1921.18,1923.451,1920.024,1922.912,10833,200,0
2023-07-04 04:00:00,1922.918,1928.399,1922.696,1927.978,12301,200,0
2023-07-04 08:00:00,1927.977,1930.645,1925.678,1928.474,12438,200,0
2023-07-04 12:00:00,1928.477,1930.268,1926.099,1926.993,12243,200,0
2023-07-04 16:00:00,1926.993,1927.135,1923.958,1924.993,3890,200,0
2023-07-04 20:00:00,1925.509,1929.274,1924.84,1926.176,3387,200,0
2023-07-05 00:00:00,1926.247,1927.058,1923.145,1924.359,10676,200,0
2023-07-05 04:00:00,1924.358,1927.713,1920.809,1927.415,12988,200,0
2023-07-05 08:00:00,1927.384,1929.556,1925.148,1927.471,13489,200,0
2023-07-05 12:00:00,1927.468,1934.767,1918.926,1923.173,28475,200,0
2023-07-05 16:00:00,1923.172,1924.734,1915.127,1915.799,16207,200,0
2023-07-05 20:00:00,1915.763,1917.869,1914.765,1916.772,5258,200,0
2023-07-06 00:00:00,1916.784,1919.696,1916.06,1918.108,12655,200,0
2023-07-06 04:00:00,1918.113,1921.445,1916.9,1918.876,13372,200,0
2023-07-06 08:00:00,1918.91,1927.178,1916.054,1926.585,14405,200,0
2023-07-06 12:00:00,1926.586,1927.548,1902.568,1911.45,44178,200,0
2023-07-06 16:00:00,1911.472,1912.346,1908.864,1910.161,13236,200,0
2023-07-06 20:00:00,1910.192,1912.189,1909.567,1911.516,4621,200,0
2023-07-07 00:00:00,1911.543,1912.391,1909.625,1911.094,11721,200,0
2023-07-07 04:00:00,1911.091,1916.421,1910.212,1914.538,13389,200,0
2023-07-07 08:00:00,1914.568,1918.302,1913.291,1917.483,13434,200,0
2023-07-07 12:00:00,1917.515,1934.845,1914.251,1927.57,39028,200,0
2023-07-07 16:00:00,1927.539,1929.297,1924.596,1924.608,14032,200,0
2023-07-07 20:00:00,1924.642,1925.41,1924.216,1925.339,1738,200,0
2023-07-09 20:00:00,1925.288,1928.14,1923.842,1924.848,4469,200,0
2023-07-10 00:00:00,1924.858,1926.88,1922.512,1923.84,13717,200,0
2023-07-10 04:00:00,1923.837,1925.658,1919.318,1924.845,13232,200,0
2023-07-10 08:00:00,1924.843,1926.183,1922.641,1924.621,12614,200,0
2023-07-10 12:00:00,1924.652,1924.972,1912.299,1923.522,26426,200,0
2023-07-10 16:00:00,1923.513,1926.794,1922.65,1925.798,12783,200,0
2023-07-10 20:00:00,1925.766,1925.873,1924.362,1924.821,4027,200,0
2023-07-11 00:00:00,1924.822,1928.891,1924.406,1926.616,13063,200,0
2023-07-11 04:00:00,1926.621,1937.902,1926.355,1932.222,16321,200,0
2023-07-11 08:00:00,1932.228,1938.404,1931.936,1936.266,14294,200,0
2023-07-11 12:00:00,1936.235,1936.442,1929.37,1931.048,22224,200,0
2023-07-11 16:00:00,1931.017,1932.777,1929.306,1932.473,11679,200,0
2023-07-11 20:00:00,1932.462,1933.761,1931.574,1933.24,4111,200,0
2023-07-12 00:00:00,1933.244,1940.93,1933.171,1938.494,13507,200,0
2023-07-12 04:00:00,1938.493,1940.178,1933.836,1934.641,13147,200,0
2023-07-12 08:00:00,1934.641,1936.386,1933.343,1934.628,12168,200,0
2023-07-12 12:00:00,1934.624,1958.237,1933.528,1955.661,36771,200,0
2023-07-12 16:00:00,1955.63,1959.618,1955.349,1958.686,13923,200,0
2023-07-12 20:00:00,1958.662,1958.686,1956.886,1957.713,4622,200,0
2023-07-13 00:00:00,1957.714,1961.607,1956.317,1960.268,14021,200,0
2023-07-13 04:00:00,1960.276,1963.303,1955.23,1961.745,16207,200,0
2023-07-13 08:00:00,1961.766,1962.689,1957.916,1959.868,13208,200,0
2023-07-13 12:00:00,1959.868,1963.276,1952.294,1954.943,31751,200,0
2023-07-13 16:00:00,1954.974,1960.765,1954.744,1959.986,14122,200,0
2023-07-13 20:00:00,1959.959,1961.818,1959.82,1960.134,5108,200,0
2023-07-14 00:00:00,1960.124,1963.671,1958.324,1962.545,13808,200,0
2023-07-14 04:00:00,1962.547,1962.547,1954.271,1956.849,14715,200,0
2023-07-14 08:00:00,1956.819,1960.003,1955.149,1959.225,13713,200,0
2023-07-14 12:00:00,1959.233,1962.711,1950.661,1958.074,32699,200,0
2023-07-14 16:00:00,1958.078,1960.984,1954.277,1954.277,13993,200,0
2023-07-14 20:00:00,1954.328,1955.64,1954.283,1955.223,1973,200,0
2023-07-16 20:00:00,1954.975,1954.975,1951.354,1953.281,4160,200,0
2023-07-17 00:00:00,1953.281,1955.909,1950.881,1952.055,12597,200,0
2023-07-17 04:00:00,1952.056,1956.8,1950.502,1952.254,13439,200,0
2023-07-17 08:00:00,1952.224,1959.801,1951.902,1957.602,14555,200,0
2023-07-17 12:00:00,1957.577,1959.377,1945.553,1954.585,25449,200,0
2023-07-17 16:00:00,1954.617,1956.31,1952.436,1955.334,11406,200,0
2023-07-17 20:00:00,1955.3,1956.253,1954.346,1955.398,3831,200,0
2023-07-18 00:00:00,1955.396,1960.576,1954.677,1959.764,13326,200,0
2023-07-18 04:00:00,1959.762,1964.019,1957.732,1961.479,14173,200,0
2023-07-18 08:00:00,1961.482,1971.798,1960.518,1962.989,15674,200,0
2023-07-18 12:00:00,1963.019,1984.251,1960.671,1978.084,39952,200,0
2023-07-18 16:00:00,1978.089,1981.438,1974.965,1977.719,14170,200,0
2023-07-18 20:00:00,1977.696,1979.126,1976.733,1977.481,4940,200,0
2023-07-19 00:00:00,1977.464,1978.459,1974.409,1975.443,12735,200,0
2023-07-19 04:00:00,1975.444,1980.859,1972.971,1977.929,15023,200,0
2023-07-19 08:00:00,1977.912,1979.064,1971.518,1973.704,13829,200,0
2023-07-19 12:00:00,1973.723,1979.822,1969.692,1973.789,24372,200,0
2023-07-19 16:00:00,1973.806,1978.861,1972.049,1978.439,12831,200,0
2023-07-19 20:00:00,1978.434,1978.877,1975.4,1977.683,4830,200,0
2023-07-20 00:00:00,1977.661,1987.421,1977.299,1985.174,14989,200,0
2023-07-20 04:00:00,1985.176,1985.448,1977.811,1979.155,14643,200,0
2023-07-20 08:00:00,1979.134,1983.809,1978.141,1981.407,13750,200,0
2023-07-20 12:00:00,1981.408,1981.544,1965.438,1968.609,28973,200,0
2023-07-20 16:00:00,1968.604,1971.423,1965.32,1968.712,13941,200,0
2023-07-20 20:00:00,1968.681,1972.82,1968.435,1972.197,4306,200,0
2023-07-21 00:00:00,1972.227,1973.735,1969.85,1970.234,13113,200,0
2023-07-21 04:00:00,1970.21,1972.141,1964.156,1964.208,13908,200,0
2023-07-21 08:00:00,1964.208,1966.745,1961.056,1965.74,16674,200,0
2023-07-21 12:00:00,1965.715,1968.049,1956.605,1960.257,25222,200,0
2023-07-21 16:00:00,1960.222,1964.806,1960.154,1962.415,11941,200,0
2023-07-21 20:00:00,1962.445,1962.627,1961.463,1961.851,1405,200,0
2023-07-23 20:00:00,1962.228,1962.882,1960.351,1961.177,2975,200,0
2023-07-24 00:00:00,1961.172,1962.623,1959.033,1960.143,12906,200,0
2023-07-24 04:00:00,1960.112,1965.632,1957.839,1963.236,13910,200,0
2023-07-24 08:00:00,1963.218,1967.805,1959.318,1964.957,14865,200,0
2023-07-24 12:00:00,1964.987,1967.607,1957.098,1959.621,25725,200,0
2023-07-24 16:00:00,1959.638,1961.407,1953.425,1954.301,13848,200,0
2023-07-24 20:00:00,1954.336,1955.413,1953.174,1954.393,4585,200,0
2023-07-25 00:00:00,1954.394,1963.498,1953.854,1961.553,13647,200,0
2023-07-25 04:00:00,1961.553,1964.098,1959.544,1961.169,13573,200,0
2023-07-25 08:00:00,1961.135,1963.624,1953.093,1960.736,14864,200,0
2023-07-25 12:00:00,1960.72,1965.311,1951.787,1964.246,23760,200,0
2023-07-25 16:00:00,1964.224,1965.62,1961.266,1964.431,11866,200,0
2023-07-25 20:00:00,1964.398,1966.242,1964.099,1965.284,5231,200,0
2023-07-26 00:00:00,1965.283,1966.026,1962.002,1963.88,12002,200,0
2023-07-26 04:00:00,1963.889,1971.079,1962.387,1970.591,12842,200,0
2023-07-26 08:00:00,1970.613,1974.149,1969.591,1971.911,12839,200,0
2023-07-26 12:00:00,1972.038,1974.96,1963.682,1972.347,22815,200,0
2023-07-26 16:00:00,1972.374,1978.243,1965.531,1974.807,27606,200,0
2023-07-26 20:00:00,1974.777,1974.777,1970.942,1972.009,6448,200,0
2023-07-27 00:00:00,1972.012,1982.133,1971.117,1977.879,12821,200,0
2023-07-27 04:00:00,1977.905,1982.081,1974.004,1979.892,14550,200,0
2023-07-27 08:00:00,1979.922,1981.053,1973.557,1978.989,14606,200,0
2023-07-27 12:00:00,1979.002,1979.066,1942.642,1946.88,38594,200,0
2023-07-27 16:00:00,1946.849,1949.632,1942.018,1944.14,19844,200,0
2023-07-27 20:00:00,1944.107,1948.058,1943.373,1947.443,6695,200,0
2023-07-28 00:00:00,1947.411,1954.92,1946.054,1954.185,24310,200,0
2023-07-28 04:00:00,1954.216,1956.696,1948.219,1949.603,24507,200,0
2023-07-28 08:00:00,1949.666,1957.96,1947.819,1956.578,15963,200,0
2023-07-28 12:00:00,1956.544,1963.355,1952.244,1960.909,28834,200,0
2023-07-28 16:00:00,1960.892,1963.46,1957.479,1959.081,11862,200,0
2023-07-28 20:00:00,1959.049,1959.547,1958.603,1959.184,1454,200,0
2023-07-30 20:00:00,1959.875,1960.47,1957.373,1958.063,3961,200,0
2023-07-31 00:00:00,1958.054,1958.828,1953.647,1954.551,14309,200,0
2023-07-31 04:00:00,1954.539,1956.967,1953.056,1954.823,13931,200,0
2023-07-31 08:00:00,1954.846,1961.041,1950.718,1959.03,14058,200,0
2023-07-31 12:00:00,1959.06,1972.326,1957.477,1970.636,23241,200,0
2023-07-31 16:00:00,1970.646,1972.201,1964.209,1964.482,11642,200,0
2023-07-31 20:00:00,1964.514,1965.944,1963.846,1963.907,5151,200,0
2023-08-01 00:00:00,1963.906,1964.628,1958.972,1962.139,11993,200,0
2023-08-01 04:00:00,1962.13,1962.277,1954.351,1955.437,13802,200,0
2023-08-01 08:00:00,1955.404,1957.657,1953.013,1953.524,14176,200,0
2023-08-01 12:00:00,1953.546,1955.767,1941.267,1944.199,31135,200,0
2023-08-01 16:00:00,1944.169,1945.501,1941.209,1944.37,11042,200,0
2023-08-01 20:00:00,1944.402,1952.858,1944.04,1952.146,9549,200,0
2023-08-02 00:00:00,1952.14,1952.381,1946.676,1949.275,13917,200,0
2023-08-02 04:00:00,1949.268,1950.351,1945.283,1948.372,14194,200,0
2023-08-02 08:00:00,1948.414,1954.752,1948.26,1950.621,14588,200,0
2023-08-02 12:00:00,1950.657,1951.821,1932.864,1935.52,31630,200,0
2023-08-02 16:00:00,1935.489,1939.091,1934.979,1935.194,12144,200,0
2023-08-02 20:00:00,1935.182,1936.927,1934.388,1936.0,4298,200,0
2023-08-03 00:00:00,1936.025,1938.822,1933.917,1937.228,11139,200,0
2023-08-03 04:00:00,1937.249,1938.206,1930.777,1936.873,15993,200,0
2023-08-03 08:00:00,1936.881,1938.37,1932.804,1935.001,16224,200,0
2023-08-03 12:00:00,1935.0,1938.673,1929.496,1933.021,33074,200,0
2023-08-03 16:00:00,1933.021,1935.882,1932.49,1934.212,10909,200,0
2023-08-03 20:00:00,1934.207,1937.004,1933.925,1935.774,4840,200,0
2023-08-04 00:00:00,1935.747,1937.964,1934.32,1935.16,12323,200,0
2023-08-04 04:00:00,1935.16,1937.429,1932.094,1932.832,13042,200,0
2023-08-04 08:00:00,1932.856,1934.142,1931.219,1932.269,12383,200,0
2023-08-04 12:00:00,1932.27,1946.752,1925.071,1942.672,36782,200,0
2023-08-04 16:00:00,1942.64,1943.486,1939.779,1941.338,11951,200,0
2023-08-04 20:00:00,1941.306,1943.279,1941.138,1942.483,1956,200,0
2023-08-06 20:00:00,1942.56,1946.648,1942.415,1943.79,4433,200,0
2023-08-07 00:00:00,1943.785,1945.267,1938.156,1939.32,12018,200,0
2023-08-07 04:00:00,1939.299,1939.448,1935.226,1936.728,13589,200,0
2023-08-07 08:00:00,1936.714,1937.563,1933.354,1936.18,13635,200,0
2023-08-07 12:00:00,1936.172,1941.653,1931.357,1932.46,21130,200,0
2023-08-07 16:00:00,1932.458,1937.591,1932.074,1936.65,11116,200,0
2023-08-07 20:00:00,1936.619,1938.031,1935.561,1936.732,4655,200,0
2023-08-08 00:00:00,1936.763,1937.305,1931.087,1933.105,12504,200,0
2023-08-08 04:00:00,1933.074,1934.813,1930.162,1930.393,13101,200,0
2023-08-08 08:00:00,1930.426,1935.509,1928.087,1928.916,15475,200,0
2023-08-08 12:00:00,1928.925,1931.797,1922.508,1925.774,25893,200,0
2023-08-08 16:00:00,1925.777,1928.401,1923.561,1924.796,11747,200,0
2023-08-08 20:00:00,1924.764,1925.699,1924.491,1925.569,3441,200,0
2023-08-09 00:00:00,1925.574,1930.816,1924.188,1930.111,12450,200,0
2023-08-09 04:00:00,1930.103,1932.204,1928.524,1930.541,12671,200,0
2023-08-09 08:00:00,1930.515,1930.769,1923.109,1924.564,13779,200,0
2023-08-09 12:00:00,1924.53,1927.377,1915.4,1916.653,25293,200,0
2023-08-09 16:00:00,1916.683,1918.118,1915.387,1915.493,12187,200,0
2023-08-09 20:00:00,1915.462,1916.892,1913.983,1916.688,4508,200,0
2023-08-10 00:00:00,1916.688,1919.13,1915.363,1918.637,11209,200,0
2023-08-10 04:00:00,1918.636,1920.576,1915.465,1919.316,12104,200,0
2023-08-10 08:00:00,1919.314,1922.628,1918.575,1921.817,12271,200,0
2023-08-10 12:00:00,1921.811,1929.514,1912.825,1919.961,35619,200,0
2023-08-10 16:00:00,1919.995,1921.66,1912.839,1913.289,14771,200,0
2023-08-10 20:00:00,1913.255,1913.626,1910.694,1912.358,4734,200,0
2023-08-11 00:00:00,1912.358,1915.945,1911.858,1914.581,10263,200,0
2023-08-11 04:00:00,1914.581,1917.965,1912.584,1917.851,11695,200,0
2023-08-11 08:00:00,1917.844,1919.769,1916.021,1918.954,11610,200,0
2023-08-11 12:00:00,1918.972,1920.882,1912.837,1913.978,26867,200,0
2023-08-11 16:00:00,1913.992,1915.443,1912.175,1913.548,10824,200,0
2023-08-11 20:00:00,1913.517,1913.993,1912.893,1913.786,1283,200,0
2023-08-13 20:00:00,1913.666,1915.181,1912.395,1913.62,3311,200,0
2023-08-14 00:00:00,1913.62,1913.719,1910.06,1912.696,12674,200,0
2023-08-14 04:00:00,1912.694,1915.913,1910.56,1914.408,12278,200,0
2023-08-14 08:00:00,1914.439,1916.156,1912.193,1913.927,12179,200,0
2023-08-14 12:00:00,1913.922,1913.978,1902.465,1910.612,24621,200,0
2023-08-14 16:00:00,1910.581,1913.155,1907.175,1907.563,11658,200,0
2023-08-14 20:00:00,1907.523,1908.039,1904.751,1907.557,4254,200,0
2023-08-15 00:00:00,1907.567,1908.036,1903.671,1907.124,12766,200,0
2023-08-15 04:00:00,1907.125,1907.455,1903.479,1904.921,12979,200,0
2023-08-15 08:00:00,1904.926,1905.119,1901.808,1904.166,13942,200,0
2023-08-15 12:00:00,1904.167,1911.563,1896.208,1906.82,31281,200,0
2023-08-15 16:00:00,1906.802,1907.377,1902.425,1902.664,13317,200,0
2023-08-15 20:00:00,1902.632,1903.54,1900.244,1901.419,4922,200,0
2023-08-16 00:00:00,1901.412,1905.273,1900.446,1904.071,11651,200,0
2023-08-16 04:00:00,1904.061,1906.508,1902.741,1904.51,11834,200,0
2023-08-16 08:00:00,1904.511,1907.146,1903.041,1903.087,11922,200,0
2023-08-16 12:00:00,1903.056,1906.383,1899.308,1901.885,21013,200,0
2023-08-16 16:00:00,1901.872,1902.53,1891.652,1892.146,15906,200,0
2023-08-16 20:00:00,1892.183,1894.924,1891.798,1893.295,6265,200,0
2023-08-17 00:00:00,1893.298,1893.906,1889.392,1892.721,12715,200,0
2023-08-17 04:00:00,1892.721,1897.499,1892.051,1896.389,11608,200,0
2023-08-17 08:00:00,1896.385,1899.437,1893.604,1898.822,13698,200,0
2023-08-17 12:00:00,1898.791,1903.413,1889.09,1889.428,25132,200,0
2023-08-17 16:00:00,1889.416,1891.165,1884.996,1889.039,13919,200,0
2023-08-17 20:00:00,1888.999,1891.622,1888.352,1891.227,4580,200,0
2023-08-18 00:00:00,1891.231,1895.1,1890.633,1892.674,12220,200,0
2023-08-18 04:00:00,1892.674,1894.059,1891.141,1892.547,12722,200,0
2023-08-18 08:00:00,1892.53,1895.498,1891.35,1893.733,11975,200,0
2023-08-18 12:00:00,1893.721,1896.549,1888.425,1891.206,21507,200,0
2023-08-18 16:00:00,1891.176,1891.897,1886.724,1889.248,11950,200,0
2023-08-18 20:00:00,1889.21,1889.935,1888.309,1889.529,1552,200,0
2023-08-20 20:00:00,1889.357,1890.823,1888.8,1889.919,3175,200,0
2023-08-21 00:00:00,1889.934,1893.481,1884.547,1891.643,13229,200,0
2023-08-21 04:00:00,1891.628,1894.015,1887.372,1888.104,13394,200,0
2023-08-21 08:00:00,1888.102,1893.109,1886.76,1892.879,13272,200,0
2023-08-21 12:00:00,1892.852,1898.47,1885.182,1889.148,24718,200,0
2023-08-21 16:00:00,1889.146,1895.337,1889.072,1894.268,11639,200,0
2023-08-21 20:00:00,1894.237,1895.99,1894.2,1894.664,3446,200,0
2023-08-22 00:00:00,1894.674,1897.257,1893.62,1896.016,12166,200,0
2023-08-22 04:00:00,1896.029,1901.659,1893.79,1901.445,12621,200,0
2023-08-22 08:00:00,1901.449,1904.41,1898.367,1902.113,13133,200,0
2023-08-22 12:00:00,1902.112,1903.368,1888.824,1897.808,23029,200,0
2023-08-22 16:00:00,1897.839,1898.876,1896.37,1897.571,10324,200,0
2023-08-22 20:00:00,1897.547,1898.569,1897.063,1898.478,2703,200,0
2023-08-23 00:00:00,1898.476,1902.74,1898.432,1901.524,11175,200,0
2023-08-23 04:00:00,1901.524,1904.665,1900.68,1903.587,13081,200,0
2023-08-23 08:00:00,1903.553,1905.241,1901.235,1903.259,13343,200,0
2023-08-23 12:00:00,1903.26,1918.61,1902.611,1918.268,27872,200,0
2023-08-23 16:00:00,1918.27,1920.292,1916.264,1916.831,12087,200,0
2023-08-23 20:00:00,1916.802,1918.005,1914.442,1917.849,4912,200,0
2023-08-24 00:00:00,1917.849,1921.6,1917.295,1920.867,11641,200,0
2023-08-24 04:00:00,1920.87,1922.753,1919.423,1919.456,13718,200,0
2023-08-24 08:00:00,1919.489,1921.938,1916.322,1916.567,12060,200,0
2023-08-24 12:00:00,1916.566,1923.056,1911.554,1921.007,22950,200,0
2023-08-24 16:00:00,1920.974,1921.408,1916.635,1916.738,11301,200,0
2023-08-24 20:00:00,1916.775,1917.481,1915.638,1915.847,3611,200,0
2023-08-25 00:00:00,1915.845,1917.516,1913.147,1913.417,10515,200,0
2023-08-25 04:00:00,1913.416,1915.939,1912.733,1914.149,11767,200,0
2023-08-25 08:00:00,1914.146,1918.375,1913.29,1918.276,11017,200,0
2023-08-25 12:00:00,1918.245,1922.118,1903.45,1907.747,32541,200,0
2023-08-25 16:00:00,1907.784,1914.694,1907.58,1914.31,13194,200,0
2023-08-25 20:00:00,1914.292,1914.917,1913.287,1914.321,1374,200,0
2023-08-27 20:00:00,1915.974,1916.068,1914.322,1915.028,3310,200,0
2023-08-28 00:00:00,1915.029,1917.352,1914.549,1916.222,10736,200,0
2023-08-28 04:00:00,1916.222,1917.719,1914.294,1914.464,10304,200,0
2023-08-28 08:00:00,1914.495,1915.641,1913.477,1914.757,9736,200,0
2023-08-28 12:00:00,1914.757,1925.991,1912.694,1924.732,18826,200,0
2023-08-28 16:00:00,1924.727,1925.195,1916.833,1919.659,11078,200,0
2023-08-28 20:00:00,1919.676,1921.576,1919.591,1921.186,2787,200,0
2023-08-29 00:00:00,1921.199,1925.763,1921.009,1925.36,9814,200,0
2023-08-29 04:00:00,1925.348,1925.547,1921.585,1923.183,10613,200,0
2023-08-29 08:00:00,1923.216,1924.407,1916.629,1917.184,12111,200,0
2023-08-29 12:00:00,1917.184,1937.58,1914.357,1936.727,26346,200,0
2023-08-29 16:00:00,1936.701,1938.12,1934.039,1937.991,12091,200,0
2023-08-29 20:00:00,1938.018,1938.018,1935.924,1936.168,3884,200,0
2023-08-30 00:00:00,1936.176,1937.467,1935.36,1936.739,9971,200,0
2023-08-30 04:00:00,1936.738,1937.077,1934.94,1936.458,10833,200,0
2023-08-30 08:00:00,1936.488,1939.606,1935.445,1939.065,11968,200,0
2023-08-30 12:00:00,1939.053,1949.006,1938.747,1944.911,26986,200,0
2023-08-30 16:00:00,1944.88,1945.564,1942.782,1943.385,10797,200,0
2023-08-30 20:00:00,1943.409,1945.424,1942.073,1944.185,5120,200,0
2023-08-31 00:00:00,1944.195,1947.66,1944.106,1945.136,9722,200,0
2023-08-31 04:00:00,1945.105,1946.253,1943.195,1945.035,10294,200,0
2023-08-31 08:00:00,1945.043,1945.869,1943.62,1945.633,11370,200,0
2023-08-31 12:00:00,1945.635,1947.526,1939.033,1940.592,24865,200,0
2023-08-31 16:00:00,1940.595,1942.448,1939.047,1940.019,10532,200,0
2023-08-31 20:00:00,1940.054,1940.509,1939.043,1939.824,3852,200,0
2023-09-01 00:00:00,1939.828,1943.911,1938.638,1938.907,10749,200,0
2023-09-01 04:00:00,1938.899,1943.458,1938.191,1943.072,10518,200,0
2023-09-01 08:00:00,1943.064,1945.822,1941.873,1944.442,10521,200,0
2023-09-01 12:00:00,1944.432,1952.331,1934.334,1938.779,34438,200,0
2023-09-01 16:00:00,1938.78,1941.53,1937.31,1940.49,10481,200,0
2023-09-01 20:00:00,1940.491,1940.667,1939.225,1939.704,1227,200,0
2023-09-03 20:00:00,1939.987,1941.0,1939.406,1940.558,2143,200,0
2023-09-04 00:00:00,1940.557,1946.04,1940.098,1944.931,10558,200,0
2023-09-04 04:00:00,1944.921,1946.232,1943.078,1943.78,10620,200,0
2023-09-04 08:00:00,1943.775,1944.417,1939.816,1941.589,9990,200,0
2023-09-04 12:00:00,1941.6,1941.68,1936.688,1938.598,11222,200,0
2023-09-04 16:00:00,1938.597,1938.822,1937.931,1938.118,1935,200,0
2023-09-04 20:00:00,1938.457,1938.742,1937.628,1937.659,2037,200,0
2023-09-05 00:00:00,1937.551,1938.618,1934.72,1936.926,10188,200,0
2023-09-05 04:00:00,1936.926,1938.927,1935.172,1935.541,11526,200,0
2023-09-05 08:00:00,1935.54,1935.624,1929.911,1930.428,12621,200,0
2023-09-05 12:00:00,1930.398,1934.486,1925.272,1926.07,24964,200,0
2023-09-05 16:00:00,1926.039,1927.878,1925.412,1925.78,10115,200,0
2023-09-05 20:00:00,1925.811,1926.883,1925.387,1926.559,3465,200,0
2023-09-06 00:00:00,1926.559,1926.695,1924.189,1926.501,10069,200,0
2023-09-06 04:00:00,1926.494,1928.428,1922.741,1922.741,11529,200,0
2023-09-06 08:00:00,1922.775,1927.551,1922.338,1925.371,11589,200,0
2023-09-06 12:00:00,1925.363,1929.079,1915.153,1916.736,25742,200,0
2023-09-06 16:00:00,1916.739,1920.622,1915.959,1916.642,10209,200,0
2023-09-06 20:00:00,1916.672,1918.103,1915.921,1917.091,3718,200,0
2023-09-07 00:00:00,1917.086,1920.662,1916.283,1920.117,9780,200,0
2023-09-07 04:00:00,1920.1,1920.209,1917.069,1918.344,11119,200,0
2023-09-07 08:00:00,1918.312,1922.257,1917.336,1921.773,11128,200,0
2023-09-07 12:00:00,1921.787,1923.414,1915.987,1920.906,21478,200,0
2023-09-07 16:00:00,1920.903,1921.378,1917.414,1918.716,9036,200,0
2023-09-07 20:00:00,1918.748,1920.294,1918.748,1920.247,3155,200,0
2023-09-08 00:00:00,1920.255,1927.131,1920.063,1924.905,12838,200,0
2023-09-08 04:00:00,1924.905,1927.236,1923.81,1924.073,10415,200,0
2023-09-08 08:00:00,1924.066,1925.813,1922.608,1922.953,10863,200,0
2023-09-08 12:00:00,1922.954,1929.558,1919.149,1919.546,20855,200,0
2023-09-08 16:00:00,1919.545,1920.631,1917.153,1919.156,8978,200,0
2023-09-08 20:00:00,1919.146,1919.348,1918.756,1918.973,1009,200,0
2023-09-10 20:00:00,1919.621,1919.653,1916.576,1918.801,4003,200,0
2023-09-11 00:00:00,1918.795,1924.001,1918.316,1923.274,12421,200,0
2023-09-11 04:00:00,1923.274,1930.44,1922.921,1926.422,14482,200,0
2023-09-11 08:00:00,1926.392,1927.977,1924.623,1925.167,11759,200,0
2023-09-11 12:00:00,1925.16,1929.984,1921.344,1922.987,19544,200,0
2023-09-11 16:00:00,1922.987,1925.038,1921.436,1922.7,9557,200,0
2023-09-11 20:00:00,1922.668,1923.236,1921.205,1921.624,3244,200,0
2023-09-12 00:00:00,1921.59,1924.282,1920.311,1923.623,10657,200,0
2023-09-12 04:00:00,1923.623,1924.447,1918.763,1918.968,10968,200,0
2023-09-12 08:00:00,1918.967,1921.298,1910.736,1912.936,13256,200,0
2023-09-12 12:00:00,1912.936,1914.453,1907.232,1912.411,21025,200,0
2023-09-12 16:00:00,1912.422,1915.007,1911.68,1912.942,9925,200,0
2023-09-12 20:00:00,1912.927,1913.778,1912.434,1912.858,3470,200,0
2023-09-13 00:00:00,1912.857,1913.781,1908.168,1909.604,11065,200,0
2023-09-13 04:00:00,1909.602,1912.6,1908.154,1911.997,12198,200,0
2023-09-13 08:00:00,1911.988,1913.055,1910.739,1912.262,10950,200,0
2023-09-13 12:00:00,1912.262,1915.545,1905.105,1910.375,30430,200,0
2023-09-13 16:00:00,1910.376,1911.631,1908.129,1908.739,10965,200,0
2023-09-13 20:00:00,1908.767,1909.776,1907.431,1909.176,3998,200,0
2023-09-14 00:00:00,1909.169,1912.856,1908.763,1909.643,12229,200,0
2023-09-14 04:00:00,1909.641,1910.983,1905.166,1905.818,11673,200,0
2023-09-14 08:00:00,1905.817,1909.078,1905.498,1907.458,11384,200,0
2023-09-14 12:00:00,1907.488,1911.332,1900.918,1907.913,31444,200,0
2023-09-14 16:00:00,1907.92,1912.03,1907.903,1909.412,11904,200,0
2023-09-14 20:00:00,1909.377,1911.026,1909.178,1909.735,3893,200,0
2023-09-15 00:00:00,1909.766,1915.941,1909.766,1915.55,12150,200,0
2023-09-15 04:00:00,1915.538,1919.505,1914.893,1917.973,13737,200,0
2023-09-15 08:00:00,1917.972,1919.852,1916.697,1919.146,11692,200,0
2023-09-15 12:00:00,1919.153,1930.372,1915.703,1926.378,24803,200,0
2023-09-15 16:00:00,1926.381,1927.804,1922.353,1922.45,11146,200,0
2023-09-15 20:00:00,1922.483,1923.868,1922.378,1923.831,1767,200,0
2023-09-17 20:00:00,1924.077,1924.53,1922.547,1923.227,2713,200,0
2023-09-18 00:00:00,1923.227,1929.448,1923.192,1928.838,11721,200,0
2023-09-18 04:00:00,1928.807,1930.57,1926.411,1926.44,12391,200,0
2023-09-18 08:00:00,1926.41,1928.126,1925.043,1926.77,10898,200,0
2023-09-18 12:00:00,1926.755,1929.379,1922.723,1928.965,18190,200,0
2023-09-18 16:00:00,1928.998,1933.534,1927.646,1933.282,10224,200,0
2023-09-18 20:00:00,1933.251,1934.453,1933.034,1934.04,3772,200,0
2023-09-19 00:00:00,1934.061,1934.534,1931.683,1932.227,9266,200,0
2023-09-19 04:00:00,1932.226,1934.752,1929.8,1934.407,10418,200,0
2023-09-19 08:00:00,1934.408,1936.745,1933.426,1935.207,9752,200,0
2023-09-19 12:00:00,1935.215,1937.345,1931.001,1933.056,18747,200,0
2023-09-19 16:00:00,1933.07,1933.687,1929.723,1931.895,10076,200,0
2023-09-19 20:00:00,1931.861,1932.307,1930.868,1931.319,3296,200,0
2023-09-20 00:00:00,1931.317,1931.491,1928.232,1930.551,9704,200,0
2023-09-20 04:00:00,1930.552,1932.281,1927.837,1928.668,10984,200,0
2023-09-20 08:00:00,1928.637,1932.669,1928.608,1932.034,10607,200,0
2023-09-20 12:00:00,1932.048,1945.774,1930.858,1941.77,19412,200,0
2023-09-20 16:00:00,1941.746,1947.361,1932.811,1932.956,25032,200,0
2023-09-20 20:00:00,1932.988,1933.639,1929.121,1929.424,7088,200,0
2023-09-21 00:00:00,1929.428,1929.657,1924.189,1928.299,12472,200,0
2023-09-21 04:00:00,1928.3,1930.451,1926.351,1927.12,11604,200,0
2023-09-21 08:00:00,1927.089,1927.382,1920.189,1920.705,13985,200,0
2023-09-21 12:00:00,1920.712,1923.774,1913.641,1917.397,28735,200,0
2023-09-21 16:00:00,1917.428,1921.218,1916.242,1919.691,11617,200,0
2023-09-21 20:00:00,1919.724,1921.5,1919.329,1921.353,4182,200,0
2023-09-22 00:00:00,1921.361,1925.49,1921.19,1923.776,11229,200,0
2023-09-22 04:00:00,1923.776,1928.63,1923.371,1927.963,12930,200,0
2023-09-22 08:00:00,1927.929,1927.948,1924.261,1925.507,11928,200,0
2023-09-22 12:00:00,1925.507,1928.846,1924.1,1927.669,19221,200,0
2023-09-22 16:00:00,1927.666,1928.478,1924.242,1925.336,10077,200,0
2023-09-22 20:00:00,1925.304,1925.52,1924.594,1925.231,1182,200,0
2023-09-24 20:00:00,1926.116,1926.294,1924.402,1924.717,3126,200,0
2023-09-25 00:00:00,1924.73,1925.264,1922.608,1923.582,9359,200,0
2023-09-25 04:00:00,1923.579,1927.147,1920.827,1923.449,10874,200,0
2023-09-25 08:00:00,1923.448,1924.951,1920.97,1924.019,12569,200,0
2023-09-25 12:00:00,1923.987,1926.8,1914.981,1917.417,22489,200,0
2023-09-25 16:00:00,1917.41,1918.22,1915.144,1915.454,10564,200,0
2023-09-25 20:00:00,1915.475,1916.744,1915.397,1916.207,2885,200,0
2023-09-26 00:00:00,1916.209,1916.447,1912.928,1913.592,9614,200,0
2023-09-26 04:00:00,1913.59,1915.133,1909.505,1913.637,10458,200,0
2023-09-26 08:00:00,1913.674,1915.577,1910.518,1911.534,12248,200,0
2023-09-26 12:00:00,1911.532,1912.791,1900.432,1902.352,23204,200,0
2023-09-26 16:00:00,1902.366,1903.598,1899.103,1900.456,12366,200,0
2023-09-26 20:00:00,1900.496,1902.032,1900.238,1901.529,3580,200,0
2023-09-27 00:00:00,1901.524,1903.712,1899.302,1899.873,10456,200,0
2023-09-27 04:00:00,1899.864,1899.864,1895.479,1896.619,12673,200,0
2023-09-27 08:00:00,1896.588,1897.799,1892.469,1892.851,12679,200,0
2023-09-27 12:00:00,1892.842,1893.052,1879.609,1881.49,22719,200,0
2023-09-27 16:00:00,1881.525,1881.591,1872.491,1876.67,16185,200,0
2023-09-27 20:00:00,1876.701,1877.65,1874.549,1877.562,4778,200,0
2023-09-28 00:00:00,1877.583,1877.853,1873.566,1874.63,10904,200,0
2023-09-28 04:00:00,1874.611,1878.17,1873.689,1875.68,13333,200,0
2023-09-28 08:00:00,1875.714,1877.125,1873.586,1875.972,13023,200,0
2023-09-28 12:00:00,1875.984,1879.49,1857.494,1864.718,30525,200,0
2023-09-28 16:00:00,1864.758,1867.276,1860.947,1867.102,14771,200,0
2023-09-28 20:00:00,1867.071,1867.225,1863.775,1866.7,5288,200,0
2023-09-29 00:00:00,1866.695,1867.204,1862.89,1863.302,9737,200,0
2023-09-29 04:00:00,1863.301,1873.947,1863.072,1873.502,12503,200,0
2023-09-29 08:00:00,1873.528,1873.724,1867.53,1869.425,13971,200,0
2023-09-29 12:00:00,1869.424,1879.601,1852.144,1854.741,34426,200,0
2023-09-29 16:00:00,1854.773,1856.417,1846.282,1848.23,15422,200,0
2023-09-29 20:00:00,1848.199,1849.854,1847.686,1848.796,2117,200,0
2023-10-01 20:00:00,1847.284,1848.678,1845.687,1848.314,4065,200,0
2023-10-02 00:00:00,1848.314,1848.885,1842.85,1843.436,8917,200,0
2023-10-02 04:00:00,1843.432,1846.183,1839.257,1839.776,13032,200,0
2023-10-02 08:00:00,1839.744,1843.168,1831.045,1837.264,16711,200,0
2023-10-02 12:00:00,1837.263,1840.559,1827.113,1832.544,31153,200,0
2023-10-02 16:00:00,1832.576,1833.566,1829.164,1829.306,14740,200,0
2023-10-02 20:00:00,1829.276,1829.587,1820.404,1824.944,7150,200,0
2023-10-03 00:00:00,1824.919,1825.179,1815.218,1820.49,13657,200,0
2023-10-03 04:00:00,1820.494,1824.586,1818.158,1823.999,14718,200,0
2023-10-03 08:00:00,1824.025,1829.087,1823.62,1825.909,16103,200,0
2023-10-03 12:00:00,1825.908,1833.344,1819.247,1824.787,46474,200,0
2023-10-03 16:00:00,1824.819,1828.045,1821.853,1823.856,16590,200,0
2023-10-03 20:00:00,1823.886,1824.955,1822.129,1823.303,5197,200,0
2023-10-04 00:00:00,1823.303,1824.996,1819.6,1820.731,12474,200,0
2023-10-04 04:00:00,1820.73,1823.787,1816.669,1823.064,14587,200,0
2023-10-04 08:00:00,1823.033,1827.128,1820.231,1824.949,16810,200,0
2023-10-04 12:00:00,1824.945,1830.542,1817.07,1823.718,36843,200,0
2023-10-04 16:00:00,1823.817,1823.983,1816.556,1823.286,15715,200,0
2023-10-04 20:00:00,1823.321,1823.985,1820.45,1822.524,4685,200,0
2023-10-05 00:00:00,1822.472,1828.672,1821.775,1828.297,11147,200,0
2023-10-05 04:00:00,1828.328,1829.173,1819.841,1820.69,12711,200,0
2023-10-05 08:00:00,1820.719,1823.932,1819.629,1822.994,14152,200,0
2023-10-05 12:00:00,1822.99,1823.842,1812.994,1815.479,30740,200,0
2023-10-05 16:00:00,1815.471,1820.802,1814.804,1820.301,14491,200,0
2023-10-05 20:00:00,1820.332,1823.102,1819.42,1821.272,3710,200,0
2023-10-06 00:00:00,1821.272,1824.4,1819.658,1823.944,9791,200,0
2023-10-06 04:00:00,1823.905,1824.51,1818.561,1821.348,11419,200,0
2023-10-06 08:00:00,1821.335,1825.05,1819.274,1821.209,13390,200,0
2023-10-06 12:00:00,1821.206,1834.832,1810.402,1832.556,44522,200,0
2023-10-06 16:00:00,1832.534,1833.93,1828.762,1829.386,15638,200,0
2023-10-06 20:00:00,1829.354,1832.166,1828.94,1831.9,1902,200,0
2023-10-08 20:00:00,1853.39,1854.643,1845.525,1847.965,10973,200,0
2023-10-09 00:00:00,1847.992,1852.726,1846.237,1851.044,15295,200,0
2023-10-09 04:00:00,1851.074,1854.361,1848.02,1850.426,14820,200,0
2023-10-09 08:00:00,1850.39,1852.262,1848.882,1849.948,12577,200,0
2023-10-09 12:00:00,1849.985,1853.129,1844.161,1851.54,23790,200,0
2023-10-09 16:00:00,1851.539,1863.416,1848.633,1863.223,13335,200,0
2023-10-09 20:00:00,1863.191,1863.191,1860.342,1862.536,4680,200,0
2023-10-10 00:00:00,1862.582,1865.278,1861.366,1862.42,14306,200,0
2023-10-10 04:00:00,1862.42,1862.46,1855.135,1857.335,15161,200,0
2023-10-10 08:00:00,1857.341,1859.733,1854.815,1857.127,15871,200,0
2023-10-10 12:00:00,1857.157,1862.258,1852.97,1861.253,24854,200,0
2023-10-10 16:00:00,1861.245,1862.721,1858.061,1860.103,14593,200,0
2023-10-10 20:00:00,1860.071,1860.723,1859.329,1859.647,3605,200,0
2023-10-11 00:00:00,1859.633,1862.07,1859.531,1860.057,10966,200,0
2023-10-11 04:00:00,1860.057,1868.123,1858.59,1867.911,13021,200,0
2023-10-11 08:00:00,1867.881,1874.712,1866.876,1870.971,15433,200,0
2023-10-11 12:00:00,1870.971,1875.003,1867.347,1872.995,26915,200,0
2023-10-11 16:00:00,1873.027,1877.152,1870.783,1873.584,15547,200,0
2023-10-11 20:00:00,1873.614,1875.663,1873.297,1875.25,4026,200,0
2023-10-12 00:00:00,1875.251,1878.679,1874.453,1877.592,11116,200,0
2023-10-12 04:00:00,1877.623,1882.592,1876.738,1878.855,12065,200,0
2023-10-12 08:00:00,1878.824,1884.434,1878.604,1883.494,12940,200,0
2023-10-12 12:00:00,1883.497,1884.918,1870.689,1872.283,30445,200,0
2023-10-12 16:00:00,1872.313,1873.589,1867.883,1868.298,16017,200,0
2023-10-12 20:00:00,1868.257,1871.177,1868.257,1870.555,3862,200,0
2023-10-13 00:00:00,1870.546,1873.956,1870.055,1873.643,10345,200,0
2023-10-13 04:00:00,1873.643,1883.071,1873.541,1882.093,13243,200,0
2023-10-13 08:00:00,1882.112,1899.822,1881.87,1896.419,17924,200,0
2023-10-13 12:00:00,1896.388,1923.112,1896.388,1922.951,41489,200,0
2023-10-13 16:00:00,1922.981,1930.698,1922.392,1928.293,16730,200,0
2023-10-13 20:00:00,1928.323,1932.593,1928.092,1932.217,2148,200,0
2023-10-15 20:00:00,1927.521,1927.521,1921.177,1925.836,7670,200,0
2023-10-16 00:00:00,1925.842,1925.927,1918.029,1920.027,12732,200,0
2023-10-16 04:00:00,1920.025,1920.362,1908.144,1911.418,16404,200,0
2023-10-16 08:00:00,1911.394,1918.28,1909.943,1915.566,16422,200,0
2023-10-16 12:00:00,1915.598,1924.526,1914.38,1921.454,29725,200,0
2023-10-16 16:00:00,1921.487,1922.721,1917.826,1918.942,12247,200,0
2023-10-16 20:00:00,1918.987,1921.736,1918.768,1919.386,4756,200,0
2023-10-17 00:00:00,1919.382,1919.967,1912.343,1916.784,12231,200,0
2023-10-17 04:00:00,1916.81,1921.338,1914.198,1920.005,13034,200,0
2023-10-17 08:00:00,1919.972,1926.504,1918.594,1923.993,16049,200,0
2023-10-17 12:00:00,1924.013,1931.323,1918.978,1926.817,32400,200,0
2023-10-17 16:00:00,1926.785,1926.785,1919.109,1922.615,15127,200,0
2023-10-17 20:00:00,1922.681,1925.524,1922.094,1924.715,4361,200,0
2023-10-18 00:00:00,1924.711,1942.722,1923.763,1937.48,16596,200,0
2023-10-18 04:00:00,1937.473,1940.099,1935.068,1939.553,14586,200,0
2023-10-18 08:00:00,1939.522,1947.448,1937.231,1946.101,16323,200,0
2023-10-18 12:00:00,1946.089,1962.597,1938.057,1945.112,36080,200,0
2023-10-18 16:00:00,1945.138,1956.517,1944.568,1950.351,17808,200,0
2023-10-18 20:00:00,1950.352,1951.641,1946.986,1950.867,6074,200,0
2023-10-19 00:00:00,1950.8,1953.222,1945.172,1946.254,13300,200,0
2023-10-19 04:00:00,1946.26,1952.757,1945.249,1949.455,15536,200,0
2023-10-19 08:00:00,1949.427,1954.466,1947.817,1952.056,15673,200,0
2023-10-19 12:00:00,1952.087,1959.911,1949.691,1956.163,28638,200,0
2023-10-19 16:00:00,1956.193,1977.659,1952.098,1974.317,31714,200,0
2023-10-19 20:00:00,1974.348,1982.381,1972.394,1977.103,9992,200,0
2023-10-20 00:00:00,1977.137,1981.889,1971.961,1977.696,17936,200,0
2023-10-20 04:00:00,1977.694,1982.103,1974.083,1980.125,16264,200,0
2023-10-20 08:00:00,1980.138,1985.849,1976.338,1977.264,17386,200,0
2023-10-20 12:00:00,1977.294,1997.135,1973.211,1991.602,32821,200,0
2023-10-20 16:00:00,1991.588,1992.386,1974.232,1979.651,25119,200,0
2023-10-20 20:00:00,1979.622,1981.287,1978.882,1980.769,2178,200,0
2023-10-22 20:00:00,1972.732,1978.541,1970.037,1971.554,6283,200,0
2023-10-23 00:00:00,1971.516,1974.76,1964.273,1973.655,18347,200,0
2023-10-23 04:00:00,1973.642,1979.729,1972.679,1979.385,15855,200,0
2023-10-23 08:00:00,1979.346,1982.768,1975.267,1979.273,16944,200,0
2023-10-23 12:00:00,1979.294,1981.921,1970.11,1975.293,29536,200,0
2023-10-23 16:00:00,1975.274,1979.339,1971.124,1973.135,17460,200,0
2023-10-23 20:00:00,1973.103,1973.808,1971.379,1973.522,4616,200,0
2023-10-24 00:00:00,1973.52,1980.832,1972.382,1976.839,14587,200,0
2023-10-24 04:00:00,1976.808,1979.113,1974.419,1975.335,14630,200,0
2023-10-24 08:00:00,1975.329,1975.927,1953.409,1963.753,21100,200,0
2023-10-24 12:00:00,1963.723,1970.035,1958.954,1969.719,31118,200,0
2023-10-24 16:00:00,1969.68,1977.54,1968.834,1972.667,15850,200,0
2023-10-24 20:00:00,1972.63,1973.412,1969.948,1972.844,4462,200,0
2023-10-25 00:00:00,1972.848,1976.973,1970.821,1973.279,13934,200,0
2023-10-25 04:00:00,1973.204,1975.952,1968.259,1971.123,14335,200,0
2023-10-25 08:00:00,1971.119,1976.43,1969.416,1974.654,15718,200,0
2023-10-25 12:00:00,1974.695,1987.236,1963.001,1981.184,36705,200,0
2023-10-25 16:00:00,1981.191,1985.688,1976.511,1980.747,18873,200,0
2023-10-25 20:00:00,1980.717,1984.085,1977.698,1982.92,9129,200,0
2023-10-26 00:00:00,1982.941,1987.375,1982.407,1987.131,12826,200,0
2023-10-26 04:00:00,1987.128,1990.035,1983.936,1990.017,15976,200,0
2023-10-26 08:00:00,1990.033,1993.424,1982.42,1984.606,15246,200,0
2023-10-26 12:00:00,1984.625,1986.654,1971.77,1980.204,34409,200,0
2023-10-26 16:00:00,1980.201,1989.254,1979.671,1984.328,17617,200,0
2023-10-26 20:00:00,1984.296,1986.734,1983.359,1984.345,5655,200,0
2023-10-27 00:00:00,1984.343,1988.823,1982.843,1987.86,12779,200,0
2023-10-27 04:00:00,1987.852,1989.925,1985.789,1987.331,14204,200,0
2023-10-27 08:00:00,1987.331,1987.893,1979.912,1981.823,13841,200,0
2023-10-27 12:00:00,1981.771,1986.121,1976.84,1979.897,32163,200,0
2023-10-27 16:00:00,1979.867,2009.356,1979.128,2006.944,24203,200,0
2023-10-27 20:00:00,2006.976,2007.13,2004.333,2006.083,3166,200,0
2023-10-29 20:00:00,2002.989,2004.741,1996.833,2002.621,9375,200,0
2023-10-30 00:00:00,2002.649,2006.767,2001.48,2002.092,13895,200,0
2023-10-30 04:00:00,2002.11,2002.649,1993.393,1993.643,13886,200,0
2023-10-30 08:00:00,1993.677,1997.311,1990.941,1995.712,17476,200,0
2023-10-30 12:00:00,1995.718,2002.446,1991.975,1999.059,30532,200,0
2023-10-30 16:00:00,1999.095,2000.614,1994.655,1995.902,14644,200,0
2023-10-30 20:00:00,1995.872,1996.659,1993.929,1995.513,4946,200,0
2023-10-31 00:00:00,1995.531,1997.241,1991.695,1992.16,13650,200,0
2023-10-31 04:00:00,1992.157,1997.603,1990.538,1996.248,12729,200,0
2023-10-31 08:00:00,1996.246,2000.336,1995.087,1999.844,15172,200,0
2023-10-31 12:00:00,1999.811,2007.849,1992.454,1994.277,31773,200,0
2023-10-31 16:00:00,1994.204,1994.724,1978.806,1984.796,22235,200,0
2023-10-31 20:00:00,1984.826,1986.118,1983.096,1983.667,6354,200,0
2023-11-01 00:00:00,1983.67,1983.947,1976.836,1977.08,13071,200,0
2023-11-01 04:00:00,1977.079,1980.967,1975.232,1977.103,12863,200,0
2023-11-01 08:00:00,1977.097,1985.128,1977.085,1983.418,14418,200,0
2023-11-01 12:00:00,1983.415,1992.618,1978.341,1979.238,30173,200,0
2023-11-01 16:00:00,1979.206,1982.258,1969.823,1978.596,28987,200,0
2023-11-01 20:00:00,1978.563,1985.633,1977.115,1985.01,7642,200,0
2023-11-02 00:00:00,1984.989,1988.122,1983.316,1985.374,12757,200,0
2023-11-02 04:00:00,1985.402,1986.62,1983.639,1985.408,12427,200,0
2023-11-02 08:00:00,1985.377,1990.337,1984.507,1988.474,14046,200,0
2023-11-02 12:00:00,1988.506,1990.926,1978.798,1981.14,27243,200,0
2023-11-02 16:00:00,1981.127,1986.656,1978.986,1985.399,14320,200,0
2023-11-02 20:00:00,1985.367,1986.464,1984.301,1984.961,4546,200,0
2023-11-03 00:00:00,1984.956,1987.813,1983.218,1985.802,10076,200,0
2023-11-03 04:00:00,1985.803,1989.045,1984.583,1986.525,10765,200,0
2023-11-03 08:00:00,1986.523,1990.185,1986.11,1987.536,12633,200,0
2023-11-03 12:00:00,1987.588,2004.002,1985.685,1991.707,44324,200,0
2023-11-03 16:00:00,1991.737,1995.057,1989.316,1992.72,15840,200,0
2023-11-03 20:00:00,1992.692,1992.885,1992.022,1992.516,1595,200,0
2023-11-05 20:00:00,1991.419,1991.579,1987.149,1988.47,2473,200,0
2023-11-06 00:00:00,1988.473,1993.042,1981.86,1985.186,14191,200,0
2023-11-06 04:00:00,1985.154,1985.272,1982.246,1983.435,11925,200,0
2023-11-06 08:00:00,1983.461,1988.353,1982.889,1987.637,13910,200,0
2023-11-06 12:00:00,1987.633,1989.047,1981.078,1981.078,21132,200,0
2023-11-06 16:00:00,1981.123,1984.421,1979.175,1980.301,13791,200,0
2023-11-06 20:00:00,1980.281,1980.281,1975.736,1976.677,7681,200,0
2023-11-07 00:00:00,1976.653,1977.001,1972.228,1972.562,12103,200,0
2023-11-07 04:00:00,1972.563,1974.137,1967.19,1969.283,11764,200,0
2023-11-07 08:00:00,1969.276,1970.199,1962.638,1963.845,16164,200,0
2023-11-07 12:00:00,1963.84,1967.194,1956.624,1963.297,26740,200,0
2023-11-07 16:00:00,1963.299,1969.839,1961.737,1967.424,16107,200,0
2023-11-07 20:00:00,1967.424,1969.336,1966.911,1968.902,6716,200,0
2023-11-08 00:00:00,1968.908,1970.989,1967.323,1967.75,12010,200,0
2023-11-08 04:00:00,1967.746,1969.101,1964.95,1967.593,11759,200,0
2023-11-08 08:00:00,1967.561,1968.937,1959.421,1964.386,15311,200,0
2023-11-08 12:00:00,1964.396,1966.646,1950.918,1955.355,23394,200,0
2023-11-08 16:00:00,1955.325,1957.865,1947.469,1948.13,18803,200,0
2023-11-08 20:00:00,1948.124,1951.749,1947.335,1950.812,7572,200,0
2023-11-09 00:00:00,1950.815,1954.5,1947.766,1949.202,13874,200,0
2023-11-09 04:00:00,1949.224,1950.469,1948.04,1949.328,12418,200,0
2023-11-09 08:00:00,1949.298,1949.673,1944.514,1948.794,14058,200,0
2023-11-09 12:00:00,1948.801,1964.923,1944.807,1962.925,27245,200,0
2023-11-09 16:00:00,1962.862,1965.718,1956.158,1958.349,22205,200,0
2023-11-09 20:00:00,1958.386,1959.996,1956.86,1959.058,7892,200,0
2023-11-10 00:00:00,1959.06,1960.715,1956.427,1959.386,12625,200,0
2023-11-10 04:00:00,1959.383,1959.467,1953.715,1955.35,11928,200,0
2023-11-10 08:00:00,1955.333,1957.159,1947.059,1948.177,14399,200,0
2023-11-10 12:00:00,1948.167,1949.147,1939.678,1941.97,24805,200,0
2023-11-10 16:00:00,1942.009,1943.404,1932.898,1935.44,16779,200,0
2023-11-10 20:00:00,1935.436,1938.905,1934.553,1938.353,4881,200,0
2023-11-12 20:00:00,1941.002,1941.299,1921.384,1940.344,2187,200,0
2023-11-13 00:00:00,1940.374,1941.913,1934.052,1935.312,14208,200,0
2023-11-13 04:00:00,1935.313,1941.184,1934.146,1938.763,12430,200,0
2023-11-13 08:00:00,1938.795,1940.424,1935.981,1937.965,13499,200,0
2023-11-13 12:00:00,1937.955,1938.911,1931.604,1938.422,19469,200,0
2023-11-13 16:00:00,1938.405,1949.187,1938.135,1946.142,14837,200,0
2023-11-13 20:00:00,1946.126,1946.76,1945.15,1946.4,5348,200,0
2023-11-14 00:00:00,1946.414,1948.32,1944.319,1944.763,10764,200,0
2023-11-14 04:00:00,1944.731,1946.429,1943.732,1945.593,10165,200,0
2023-11-14 08:00:00,1945.611,1948.089,1944.296,1945.837,13403,200,0
2023-11-14 12:00:00,1945.871,1970.954,1937.47,1964.315,33758,200,0
2023-11-14 16:00:00,1964.349,1966.556,1961.583,1963.618,16555,200,0
2023-11-14 20:00:00,1963.623,1964.463,1962.178,1962.493,6132,200,0
2023-11-15 00:00:00,1962.487,1966.96,1961.527,1966.815,13033,200,0
2023-11-15 04:00:00,1966.827,1971.012,1965.87,1970.261,13269,200,0
2023-11-15 08:00:00,1970.288,1974.03,1969.75,1972.896,14823,200,0
2023-11-15 12:00:00,1972.901,1975.28,1955.412,1963.115,27184,200,0
2023-11-15 16:00:00,1963.132,1963.66,1959.121,1961.686,15500,200,0
2023-11-15 20:00:00,1961.713,1962.177,1958.92,1960.331,6488,200,0
2023-11-16 00:00:00,1960.333,1962.139,1956.436,1961.401,12422,200,0
2023-11-16 04:00:00,1961.397,1967.745,1960.785,1966.536,11596,200,0
2023-11-16 08:00:00,1966.505,1968.536,1964.605,1965.536,13114,200,0
2023-11-16 12:00:00,1965.531,1986.453,1962.069,1984.879,25938,200,0
2023-11-16 16:00:00,1984.858,1987.943,1980.127,1983.299,17231,200,0
2023-11-16 20:00:00,1983.325,1984.041,1980.537,1982.599,6505,199,0
2023-11-17 00:00:00,1982.577,1986.944,1981.733,1986.573,13097,199,0
2023-11-17 04:00:00,1986.541,1987.669,1982.676,1987.568,11681,199,0
2023-11-17 08:00:00,1987.489,1993.409,1984.588,1988.734,16701,199,0
2023-11-17 12:00:00,1988.802,1991.596,1979.324,1983.4,23618,199,0
2023-11-17 16:00:00,1983.432,1985.282,1978.514,1980.321,15415,199,0
2023-11-17 20:00:00,1980.368,1981.021,1978.954,1980.635,4480,199,0
2023-11-19 20:00:00,1977.456,1978.695,1974.12,1974.471,2471,199,0
2023-11-20 00:00:00,1974.532,1985.122,1973.353,1982.266,16104,199,0
2023-11-20 04:00:00,1982.24,1983.381,1978.084,1978.495,15128,199,0
2023-11-20 08:00:00,1978.547,1980.526,1972.219,1973.332,17135,199,0
2023-11-20 12:00:00,1973.311,1973.379,1965.416,1971.887,23606,199,0
2023-11-20 16:00:00,1971.925,1978.924,1971.229,1978.377,17072,199,0
2023-11-20 20:00:00,1978.382,1981.57,1976.888,1981.169,6857,199,0
2023-11-21 00:00:00,1981.155,1994.273,1980.709,1993.257,16860,199,0
2023-11-21 04:00:00,1993.2,1994.044,1989.625,1992.302,15338,199,0
2023-11-21 08:00:00,1992.359,1994.243,1984.247,1987.202,17434,199,0
2023-11-21 12:00:00,1987.216,2007.488,1986.601,2004.158,27059,199,0
2023-11-21 16:00:00,2004.172,2005.353,1996.131,2000.021,18869,199,0
2023-11-21 20:00:00,2000.06,2000.153,1997.798,1999.339,6780,199,0
2023-11-22 00:00:00,1999.338,1999.338,1995.462,1996.464,13867,199,0
2023-11-22 04:00:00,1996.461,2004.029,1996.17,2003.657,14980,199,0
2023-11-22 08:00:00,2003.629,2006.394,1998.97,2000.6,16561,199,0
2023-11-22 12:00:00,2000.604,2003.21,1989.885,1994.901,24437,199,0
2023-11-22 16:00:00,1994.896,1995.478,1986.851,1990.647,16037,199,0
2023-11-22 20:00:00,1990.7,1991.813,1989.346,1990.506,6650,199,0
2023-11-23 00:00:00,1990.515,1998.235,1990.114,1997.704,12714,199,0
2023-11-23 04:00:00,1997.686,1998.562,1993.316,1996.365,12631,199,0
2023-11-23 08:00:00,1996.334,1996.406,1992.128,1993.841,13417,199,0
2023-11-23 12:00:00,1993.823,1994.854,1991.778,1992.129,13012,199,0
2023-11-23 16:00:00,1992.139,1992.957,1989.762,1992.078,5114,199,0
2023-11-23 20:00:00,1992.54,1994.311,1992.48,1993.983,1467,357,0
2023-11-24 00:00:00,1994.072,1994.881,1991.479,1993.523,13092,199,0
2023-11-24 04:00:00,1993.524,1994.79,1991.467,1993.483,12788,199,0
2023-11-24 08:00:00,1993.453,1996.297,1992.221,1995.179,13558,199,0
2023-11-24 12:00:00,1995.229,2003.621,1994.324,1998.331,21199,199,0
2023-11-24 16:00:00,1998.34,2002.308,1997.111,2002.19,8801,199,0
2023-11-26 20:00:00,2000.897,2002.978,2000.484,2002.25,2311,357,0
2023-11-27 00:00:00,2002.364,2018.187,2001.79,2009.551,20020,199,0
2023-11-27 04:00:00,2009.531,2013.724,2008.389,2010.854,15719,199,0
2023-11-27 08:00:00,2010.83,2015.49,2010.466,2012.518,16046,199,0
2023-11-27 12:00:00,2012.528,2016.337,2008.642,2010.202,24482,199,0
2023-11-27 16:00:00,2010.255,2013.563,2005.668,2012.776,16603,199,0
2023-11-27 20:00:00,2012.77,2015.423,2011.924,2015.215,6838,199,0
2023-11-28 00:00:00,2015.217,2018.027,2013.812,2014.899,14330,199,0
2023-11-28 04:00:00,2014.937,2016.864,2012.08,2013.509,12274,199,0
2023-11-28 08:00:00,2013.519,2016.661,2012.477,2015.127,14135,199,0
2023-11-28 12:00:00,2015.173,2031.509,2011.389,2030.794,26062,199,0
2023-11-28 16:00:00,2030.797,2043.026,2030.365,2041.772,19404,199,0
2023-11-28 20:00:00,2041.769,2044.573,2039.617,2044.406,8403,199,0
2023-11-29 00:00:00,2044.426,2052.03,2042.75,2044.011,19109,199,0
2023-11-29 04:00:00,2044.016,2048.966,2040.974,2042.483,15971,199,0
2023-11-29 08:00:00,2042.413,2044.082,2035.228,2040.064,17948,199,0
2023-11-29 12:00:00,2040.019,2046.971,2037.055,2042.886,30463,199,0
2023-11-29 16:00:00,2042.86,2049.536,2039.434,2046.258,18072,199,0
2023-11-29 20:00:00,2046.27,2046.421,2042.777,2044.643,7893,199,0
2023-11-30 00:00:00,2044.64,2047.26,2042.579,2046.039,13535,199,0
2023-11-30 04:00:00,2046.065,2046.877,2041.329,2044.574,14395,199,0
2023-11-30 08:00:00,2044.676,2045.674,2035.857,2037.147,17884,199,0
2023-11-30 12:00:00,2037.193,2044.029,2031.274,2037.827,32286,199,0
2023-11-30 16:00:00,2037.842,2041.369,2033.581,2036.065,16331,199,0
2023-11-30 20:00:00,2036.018,2040.461,2034.715,2039.918,6956,360,0
2023-12-01 00:00:00,2040.075,2043.37,2038.653,2039.41,13824,199,0
2023-12-01 04:00:00,2039.403,2042.835,2038.808,2039.502,12971,199,0
2023-12-01 08:00:00,2039.55,2049.853,2036.421,2037.033,17620,199,0
2023-12-01 12:00:00,2037.064,2053.3,2033.825,2049.296,30530,199,0
2023-12-01 16:00:00,2049.336,2075.271,2044.606,2066.985,27553,199,0
2023-12-01 20:00:00,2066.982,2071.841,2066.384,2071.554,5166,367,0
2023-12-03 20:00:00,2074.106,2144.465,2071.634,2117.509,17125,381,0
2023-12-04 00:00:00,2117.935,2120.648,2083.149,2085.774,38652,199,0
2023-12-04 04:00:00,2085.799,2090.49,2061.459,2063.518,26238,199,0
2023-12-04 08:00:00,2063.551,2076.37,2057.705,2070.835,27668,199,0
2023-12-04 12:00:00,2070.807,2071.32,2019.986,2022.545,55766,199,0
2023-12-04 16:00:00,2022.515,2031.505,2020.66,2030.877,30174,199,0
2023-12-04 20:00:00,2030.911,2034.129,2026.134,2034.087,10992,199,0
2023-12-05 00:00:00,2033.931,2041.17,2032.642,2037.286,20019,199,0
2023-12-05 04:00:00,2037.271,2038.311,2030.373,2032.642,18983,199,0
2023-12-05 08:00:00,2032.599,2039.578,2021.493,2024.679,22361,199,0
2023-12-05 12:00:00,2024.718,2030.834,2009.744,2016.232,41617,199,0
2023-12-05 16:00:00,2016.261,2020.558,2012.112,2019.721,22993,199,0
2023-12-05 20:00:00,2019.712,2020.909,2017.181,2018.903,8369,199,0
2023-12-06 00:00:00,2018.904,2024.22,2018.683,2023.13,14903,199,0
2023-12-06 04:00:00,2023.171,2035.915,2020.387,2034.026,16065,199,0
2023-12-06 08:00:00,2033.989,2034.898,2020.093,2021.32,19398,199,0
2023-12-06 12:00:00,2021.332,2033.016,2020.955,2030.206,31579,199,0
2023-12-06 16:00:00,2030.244,2031.334,2023.86,2029.879,19464,199,0
2023-12-06 20:00:00,2029.886,2029.906,2024.39,2027.006,8906,199,0
2023-12-07 00:00:00,2026.977,2030.051,2026.02,2026.869,14559,199,0
2023-12-07 04:00:00,2026.827,2030.721,2025.165,2029.582,16202,199,0
2023-12-07 08:00:00,2029.622,2035.115,2028.801,2032.562,17013,199,0
2023-12-07 12:00:00,2032.569,2039.889,2025.074,2029.303,32339,199,0
2023-12-07 16:00:00,2029.254,2031.883,2020.091,2029.821,22680,199,0
2023-12-07 20:00:00,2029.842,2031.197,2026.744,2027.916,6597,359,0
2023-12-08 00:00:00,2028.061,2034.004,2027.499,2032.361,17501,199,0
2023-12-08 04:00:00,2032.388,2032.408,2028.837,2030.904,14679,199,0
2023-12-08 08:00:00,2030.855,2032.393,2026.433,2029.972,19532,199,0
2023-12-08 12:00:00,2030.01,2030.096,2002.498,2008.866,47112,199,0
2023-12-08 16:00:00,2008.866,2009.662,1994.518,2000.758,22873,199,0
2023-12-08 20:00:00,2000.734,2005.049,2000.007,2004.34,5765,199,0
2023-12-10 20:00:00,2005.584,2007.648,2004.547,2007.054,3143,199,0
2023-12-11 00:00:00,2006.993,2007.808,1995.396,1996.892,17971,199,0
2023-12-11 04:00:00,1996.906,2000.553,1991.27,1992.761,15748,199,0
2023-12-11 08:00:00,1992.765,1997.809,1991.156,1996.1,17974,199,0
2023-12-11 12:00:00,1996.153,1996.743,1980.572,1982.301,26094,199,0
2023-12-11 16:00:00,1982.36,1984.307,1975.841,1981.574,20410,199,0
2023-12-11 20:00:00,1981.616,1984.302,1980.288,1982.96,7833,199,0
2023-12-12 00:00:00,1982.954,1989.505,1981.855,1985.462,16392,199,0
2023-12-12 04:00:00,1985.459,1989.079,1984.639,1988.021,13430,199,0
2023-12-12 08:00:00,1987.993,1988.429,1982.615,1988.334,15626,199,0
2023-12-12 12:00:00,1988.367,1996.662,1980.013,1981.571,33664,199,0
2023-12-12 16:00:00,1981.596,1983.637,1977.115,1980.267,18514,199,0
2023-12-12 20:00:00,1980.261,1982.808,1979.001,1982.453,6889,199,0
2023-12-13 00:00:00,1982.452,1982.516,1977.719,1977.986,12582,199,0
2023-12-13 04:00:00,1977.937,1980.465,1973.033,1979.225,14581,199,0
2023-12-13 08:00:00,1979.262,1983.568,1978.562,1982.751,15230,199,0
2023-12-13 12:00:00,1982.761,1986.708,1978.392,1981.784,23206,199,0
2023-12-13 16:00:00,1981.824,2017.45,1979.614,2013.6,34179,199,0
2023-12-13 20:00:00,2013.645,2033.128,2012.572,2032.813,23751,199,0
2023-12-14 00:00:00,2032.858,2039.32,2029.935,2030.983,26834,199,0
2023-12-14 04:00:00,2030.939,2037.375,2029.256,2032.658,20171,199,0
2023-12-14 08:00:00,2032.617,2040.311,2031.986,2034.879,22482,199,0
2023-12-14 12:00:00,2035.01,2047.909,2027.353,2040.212,40779,199,0
2023-12-14 16:00:00,2040.18,2041.462,2028.944,2033.195,24403,199,0
2023-12-14 20:00:00,2033.163,2038.646,2032.697,2035.552,10247,199,0
2023-12-15 00:00:00,2035.52,2037.464,2031.196,2035.747,16503,199,0
2023-12-15 04:00:00,2035.713,2039.095,2034.308,2037.836,15250,199,0
2023-12-15 08:00:00,2037.797,2044.372,2036.95,2041.635,17935,199,0
2023-12-15 12:00:00,2041.623,2044.909,2026.881,2035.08,36450,199,0
2023-12-15 16:00:00,2035.05,2036.398,2015.546,2019.067,22905,199,0
2023-12-15 20:00:00,2019.019,2021.62,2017.395,2019.491,7066,199,0
2023-12-17 20:00:00,2019.802,2020.102,2015.895,2017.415,3338,199,0
2023-12-18 00:00:00,2017.414,2024.114,2016.067,2022.787,17712,199,0
2023-12-18 04:00:00,2022.78,2024.832,2021.457,2023.145,13345,199,0
2023-12-18 08:00:00,2023.112,2027.315,2018.754,2021.951,18996,199,0
2023-12-18 12:00:00,2021.919,2026.908,2020.302,2022.284,21283,199,0
2023-12-18 16:00:00,2022.329,2033.69,2021.148,2026.21,17947,199,0
2023-12-18 20:00:00,2026.244,2027.989,2025.506,2027.604,7676,199,0
2023-12-19 00:00:00,2027.568,2029.289,2022.599,2023.338,15696,199,0
2023-12-19 04:00:00,2023.289,2026.413,2021.696,2024.753,16256,199,0
2023-12-19 08:00:00,2024.721,2028.412,2023.827,2026.523,14193,199,0
2023-12-19 12:00:00,2026.543,2045.462,2026.167,2041.741,26080,199,0
2023-12-19 16:00:00,2041.76,2046.965,2036.624,2039.445,18010,199,0
2023-12-19 20:00:00,2039.482,2041.624,2038.672,2040.932,7926,199,0
2023-12-20 00:00:00,2040.862,2041.029,2036.7,2040.393,13776,199,0
2023-12-20 04:00:00,2040.393,2043.445,2039.344,2042.264,13237,199,0
2023-12-20 08:00:00,2042.209,2042.445,2031.751,2033.502,15506,199,0
2023-12-20 12:00:00,2033.421,2039.857,2029.506,2032.479,24477,199,0
2023-12-20 16:00:00,2032.526,2037.178,2030.124,2032.308,16841,199,0
2023-12-20 20:00:00,2032.27,2033.825,2027.387,2032.128,11625,199,0
2023-12-21 00:00:00,2032.103,2037.659,2031.906,2037.366,13098,199,0
2023-12-21 04:00:00,2037.372,2038.244,2033.873,2034.879,12541,199,0
2023-12-21 08:00:00,2034.865,2037.196,2032.984,2034.054,14032,199,0
2023-12-21 12:00:00,2034.097,2046.017,2032.009,2041.472,30334,199,0
2023-12-21 16:00:00,2041.464,2045.087,2037.41,2043.929,18029,199,0
2023-12-21 20:00:00,2043.926,2055.012,2043.062,2052.778,10453,199,0
2023-12-22 00:00:00,2052.788,2053.914,2046.753,2048.258,17219,199,0
2023-12-22 04:00:00,2048.258,2050.882,2047.01,2049.94,13949,199,0
2023-12-22 08:00:00,2049.935,2063.006,2049.619,2060.633,16212,199,0
2023-12-22 12:00:00,2060.671,2070.611,2057.648,2060.785,32548,199,0
2023-12-22 16:00:00,2060.786,2062.171,2051.084,2053.959,20930,199,0
2023-12-22 20:00:00,2053.949,2054.052,2052.11,2053.095,5587,199,0
2023-12-25 20:00:00,2057.746,2057.746,2052.916,2054.497,1477,1115,0
2023-12-26 00:00:00,2054.489,2065.122,2053.318,2063.877,9621,365,0
2023-12-26 04:00:00,2063.86,2064.989,2061.277,2064.132,8690,366,0
2023-12-26 08:00:00,2064.153,2064.49,2060.373,2063.353,9382,365,0
2023-12-26 12:00:00,2063.4,2063.85,2054.445,2056.756,13802,257,0
2023-12-26 16:00:00,2056.777,2062.077,2056.471,2061.624,11342,273,0
2023-12-26 20:00:00,2061.65,2069.045,2061.484,2065.502,6487,275,0
2023-12-27 00:00:00,2065.846,2067.802,2063.897,2064.533,13750,199,0
2023-12-27 04:00:00,2064.539,2067.41,2064.051,2065.942,11905,199,0
2023-12-27 08:00:00,2065.94,2069.259,2061.469,2068.064,14360,199,0
2023-12-27 12:00:00,2068.111,2081.885,2064.366,2078.816,22933,199,0
2023-12-27 16:00:00,2078.786,2084.425,2075.86,2077.449,18602,199,0
2023-12-27 20:00:00,2077.496,2079.565,2076.307,2079.169,7497,200,0
2023-12-28 00:00:00,2079.268,2088.485,2079.171,2087.199,15930,199,0
2023-12-28 04:00:00,2087.2,2087.6,2083.976,2086.072,14705,199,0
2023-12-28 08:00:00,2086.146,2086.408,2072.639,2075.486,18728,199,0
2023-12-28 12:00:00,2075.51,2081.134,2071.261,2077.235,23070,199,0
2023-12-28 16:00:00,2077.186,2077.324,2065.891,2068.054,19636,199,0
2023-12-28 20:00:00,2068.007,2068.896,2064.456,2066.564,8034,199,0
2023-12-29 00:00:00,2066.602,2071.39,2066.01,2069.494,15099,199,0
2023-12-29 04:00:00,2069.495,2074.729,2068.85,2071.925,12265,199,0
2023-12-29 08:00:00,2071.974,2073.435,2061.782,2067.69,16353,199,0
2023-12-29 12:00:00,2067.72,2068.868,2058.095,2064.836,23671,199,0
2023-12-29 16:00:00,2064.791,2068.149,2061.103,2067.251,20608,199,0
2023-12-29 20:00:00,2067.228,2067.363,2062.424,2062.838,5915,199,0
2024-01-01 20:00:00,2064.593,2066.095,2062.645,2063.543,1996,377,0
2024-01-02 00:00:00,2063.347,2070.338,2062.173,2069.487,13309,199,0
2024-01-02 04:00:00,2069.492,2076.651,2068.823,2073.065,12434,368,0
2024-01-02 08:00:00,2073.13,2078.877,2068.241,2069.221,16574,199,0
2024-01-02 12:00:00,2069.179,2071.008,2056.097,2059.305,32915,199,0
2024-01-02 16:00:00,2059.336,2067.583,2059.092,2060.946,18604,199,0
2024-01-02 20:00:00,2060.99,2061.577,2057.837,2059.476,7461,199,0
2024-01-03 00:00:00,2059.448,2065.542,2059.227,2065.072,14533,199,0
2024-01-03 04:00:00,2065.023,2065.982,2060.838,2062.915,13467,199,0
2024-01-03 08:00:00,2062.91,2064.376,2046.624,2047.617,19397,199,0
2024-01-03 12:00:00,2047.648,2048.765,2031.682,2032.552,37277,199,0
2024-01-03 16:00:00,2032.601,2042.278,2030.522,2036.62,25833,199,0
2024-01-03 20:00:00,2036.583,2043.669,2036.405,2042.666,10374,199,0
2024-01-04 00:00:00,2042.657,2046.96,2040.044,2044.684,14902,199,0
2024-01-04 04:00:00,2044.682,2049.552,2042.311,2047.599,15609,199,0
2024-01-04 08:00:00,2047.654,2050.958,2044.83,2045.136,17474,199,0
2024-01-04 12:00:00,2045.137,2047.736,2036.174,2045.046,25518,199,0
2024-01-04 16:00:00,2045.084,2046.685,2040.825,2044.3,17644,199,0
2024-01-04 20:00:00,2044.282,2044.783,2042.485,2043.865,7596,199,0
2024-01-05 00:00:00,2043.917,2048.264,2043.235,2045.32,15407,199,0
2024-01-05 04:00:00,2045.276,2046.989,2040.849,2043.125,14854,199,0
2024-01-05 08:00:00,2043.14,2044.382,2037.017,2039.152,16415,199,0
2024-01-05 12:00:00,2039.136,2063.986,2024.317,2054.775,55641,199,0
2024-01-05 16:00:00,2054.829,2056.205,2040.37,2045.682,26944,199,0
2024-01-05 20:00:00,2045.702,2046.177,2042.787,2045.479,7236,199,0
2024-01-07 20:00:00,2044.595,2045.575,2042.902,2044.208,2759,199,0
2024-01-08 00:00:00,2044.212,2046.59,2035.017,2036.098,15734,199,0
2024-01-08 04:00:00,2036.117,2037.543,2026.943,2031.393,19370,199,0
2024-01-08 08:00:00,2031.393,2031.738,2016.674,2020.087,22123,199,0
2024-01-08 12:00:00,2020.056,2034.806,2018.368,2034.227,33277,199,0
2024-01-08 16:00:00,2034.259,2036.899,2026.275,2029.301,19975,199,0
2024-01-08 20:00:00,2029.315,2030.685,2026.082,2030.439,7798,199,0
2024-01-09 00:00:00,2030.411,2035.9,2030.411,2033.589,16760,199,0
2024-01-09 04:00:00,2033.598,2037.206,2030.293,2035.961,16868,199,0
2024-01-09 08:00:00,2036.01,2038.492,2031.249,2034.929,19470,199,0
2024-01-09 12:00:00,2034.992,2042.004,2028.708,2028.708,28309,199,0
2024-01-09 16:00:00,2028.659,2032.017,2026.021,2028.79,20230,199,0
2024-01-09 20:00:00,2028.809,2031.085,2027.977,2030.401,7362,199,0
2024-01-10 00:00:00,2030.403,2032.824,2027.242,2028.801,14549,199,0
2024-01-10 04:00:00,2028.793,2031.614,2023.759,2030.928,15903,199,0
2024-01-10 08:00:00,2030.924,2040.263,2030.19,2034.043,19466,199,0
2024-01-10 12:00:00,2034.046,2035.664,2024.774,2027.812,25242,199,0
2024-01-10 16:00:00,2027.775,2028.511,2020.353,2024.009,18771,199,0
2024-01-10 20:00:00,2024.07,2027.768,2021.842,2026.358,8649,199,0
2024-01-11 00:00:00,2026.413,2031.969,2026.413,2030.79,13609,199,0
2024-01-11 04:00:00,2030.79,2035.64,2030.78,2033.843,13369,199,0
2024-01-11 08:00:00,2033.896,2034.383,2030.09,2034.287,15589,199,0
2024-01-11 12:00:00,2034.319,2047.852,2024.849,2028.985,49989,199,0
2024-01-11 16:00:00,2028.949,2029.593,2013.209,2026.438,31427,199,0
2024-01-11 20:00:00,2026.487,2035.447,2023.443,2034.954,10655,199,0
2024-01-12 00:00:00,2035.011,2035.637,2030.01,2033.876,15546,199,0
2024-01-12 04:00:00,2033.847,2039.35,2032.784,2037.554,14684,199,0
2024-01-12 08:00:00,2037.552,2047.382,2036.909,2045.307,18676,199,0
2024-01-12 12:00:00,2045.339,2062.267,2044.329,2053.612,40123,199,0
2024-01-12 16:00:00,2053.646,2055.521,2041.397,2047.283,24670,199,0
2024-01-12 20:00:00,2047.331,2049.223,2046.008,2049.032,5737,199,0
2024-01-14 20:00:00,2048.13,2048.705,2046.293,2047.612,2659,200,0
2024-01-15 00:00:00,2047.652,2058.033,2045.764,2057.376,16756,199,0
2024-01-15 04:00:00,2057.373,2057.551,2052.866,2054.114,14826,199,0
2024-01-15 08:00:00,2054.167,2058.626,2051.451,2053.257,16001,199,0
2024-01-15 12:00:00,2053.263,2054.422,2049.193,2053.258,15539,199,0
2024-01-15 16:00:00,2053.231,2056.379,2053.148,2053.936,8067,199,0
2024-01-15 20:00:00,2054.643,2055.324,2053.124,2053.841,2239,599,0
2024-01-16 00:00:00,2053.997,2054.508,2048.344,2049.436,16096,199,0
2024-01-16 04:00:00,2049.437,2050.885,2047.355,2049.377,14505,199,0
2024-01-16 08:00:00,2049.345,2050.024,2038.139,2039.874,22357,199,0
2024-01-16 12:00:00,2039.814,2045.088,2031.244,2041.053,34066,199,0
2024-01-16 16:00:00,2041.102,2041.269,2024.188,2029.19,32307,199,0
2024-01-16 20:00:00,2029.22,2029.754,2025.584,2027.826,8031,199,0
2024-01-17 00:00:00,2027.858,2032.935,2023.395,2024.074,16105,199,0
2024-01-17 04:00:00,2024.07,2026.107,2017.55,2025.746,19665,199,0
2024-01-17 08:00:00,2025.697,2028.307,2018.977,2023.938,19102,199,0
2024-01-17 12:00:00,2023.893,2029.032,2006.077,2008.853,36178,199,0
2024-01-17 16:00:00,2008.814,2011.968,2001.739,2005.414,22221,199,0
2024-01-17 20:00:00,2005.46,2009.598,2004.709,2009.243,8237,199,0
2024-01-18 00:00:00,2009.261,2012.071,2006.438,2008.024,14893,199,0
2024-01-18 04:00:00,2008.009,2014.013,2005.717,2012.319,14599,199,0
2024-01-18 08:00:00,2012.305,2013.474,2008.092,2012.554,16382,199,0
2024-01-18 12:00:00,2012.576,2017.234,2007.358,2013.552,27650,199,0
2024-01-18 16:00:00,2013.549,2021.101,2013.017,2019.745,18786,199,0
2024-01-18 20:00:00,2019.739,2024.232,2019.739,2023.423,8106,199,0
2024-01-19 00:00:00,2023.523,2025.508,2021.856,2022.746,13501,199,0
2024-01-19 04:00:00,2022.741,2029.613,2020.31,2027.946,13497,199,0
2024-01-19 08:00:00,2027.908,2031.996,2026.172,2031.618,14871,199,0
2024-01-19 12:00:00,2031.653,2039.232,2023.126,2027.661,26178,199,0
2024-01-19 16:00:00,2027.64,2029.521,2023.178,2029.075,18101,199,0
2024-01-19 20:00:00,2029.056,2029.97,2027.687,2029.452,5357,199,0
2024-01-21 20:00:00,2028.529,2028.563,2026.882,2027.504,2792,200,0
2024-01-22 00:00:00,2027.49,2032.074,2025.395,2026.943,14141,199,0
2024-01-22 04:00:00,2026.935,2027.178,2019.067,2021.795,16938,199,0
2024-01-22 08:00:00,2021.756,2026.607,2020.407,2026.116,16908,199,0
2024-01-22 12:00:00,2026.066,2030.168,2016.399,2024.1,25574,199,0
2024-01-22 16:00:00,2024.141,2024.601,2019.028,2020.96,15320,199,0
2024-01-22 20:00:00,2020.972,2021.774,2019.109,2020.552,6629,199,0
2024-01-23 00:00:00,2020.554,2027.861,2019.559,2027.393,14084,199,0
2024-01-23 04:00:00,2027.389,2037.908,2026.652,2031.549,17881,199,0
2024-01-23 08:00:00,2031.553,2031.648,2022.388,2023.862,17487,199,0
2024-01-23 12:00:00,2023.868,2030.32,2021.352,2025.108,23366,199,0
2024-01-23 16:00:00,2025.165,2030.684,2022.565,2029.836,16260,199,0
2024-01-23 20:00:00,2029.818,2030.286,2027.09,2029.137,6983,199,0
2024-01-24 00:00:00,2029.003,2029.279,2023.647,2024.82,12954,199,0
2024-01-24 04:00:00,2024.818,2031.586,2022.735,2029.528,13971,199,0
2024-01-24 08:00:00,2029.561,2034.231,2028.173,2033.463,17134,199,0
2024-01-24 12:00:00,2033.412,2036.63,2014.827,2015.213,31904,199,0
2024-01-24 16:00:00,2015.244,2019.778,2011.138,2012.057,21035,199,0
2024-01-24 20:00:00,2012.089,2017.389,2011.781,2016.101,8225,199,0
2024-01-25 00:00:00,2015.977,2017.282,2014.439,2015.768,13593,199,0
2024-01-25 04:00:00,2015.766,2018.249,2013.553,2015.811,12324,199,0
2024-01-25 08:00:00,2015.763,2019.492,2012.637,2017.45,16036,199,0
2024-01-25 12:00:00,2017.451,2025.241,2009.497,2020.279,31443,199,0
2024-01-25 16:00:00,2020.285,2021.607,2012.418,2017.7,18171,199,0
2024-01-25 20:00:00,2017.734,2021.561,2016.866,2020.248,7202,199,0
2024-01-26 00:00:00,2020.356,2024.171,2019.353,2021.773,12228,199,0
2024-01-26 04:00:00,2021.718,2023.466,2019.771,2021.252,12086,199,0
2024-01-26 08:00:00,2021.249,2024.648,2018.184,2023.429,15635,199,0
2024-01-26 12:00:00,2023.385,2026.819,2016.043,2017.082,24779,199,0
2024-01-26 16:00:00,2017.005,2019.444,2015.854,2017.015,15077,199,0
2024-01-26 20:00:00,2016.991,2019.215,2016.447,2018.469,4581,199,0
2024-01-28 20:00:00,2023.424,2028.599,2021.187,2021.831,5024,199,0
2024-01-29 00:00:00,2021.832,2026.322,2019.282,2025.6,14127,199,0
2024-01-29 04:00:00,2025.594,2033.823,2024.658,2031.276,13083,199,0
2024-01-29 08:00:00,2031.248,2033.558,2025.427,2028.111,15260,199,0
2024-01-29 12:00:00,2028.134,2037.561,2020.461,2025.387,22240,199,0
2024-01-29 16:00:00,2025.344,2031.097,2023.955,2026.881,15481,199,0
2024-01-29 20:00:00,2026.916,2035.251,2026.916,2030.73,9815,199,0
2024-01-30 00:00:00,2030.692,2034.066,2029.789,2031.999,12839,199,0
2024-01-30 04:00:00,2032.003,2040.452,2031.153,2037.856,13300,199,0
2024-01-30 08:00:00,2037.814,2039.464,2030.993,2034.252,16189,199,0
2024-01-30 12:00:00,2034.224,2048.556,2029.024,2032.543,31799,199,0
2024-01-30 16:00:00,2032.606,2037.021,2031.376,2036.04,17552,199,0
2024-01-30 20:00:00,2036.003,2037.079,2035.233,2036.231,6882,199,0
2024-01-31 00:00:00,2036.4,2038.641,2032.811,2033.908,11471,199,0
2024-01-31 04:00:00,2033.905,2038.535,2033.197,2036.563,11157,199,0
2024-01-31 08:00:00,2036.566,2040.437,2036.079,2037.284,14217,199,0
2024-01-31 12:00:00,2037.287,2055.969,2035.981,2052.115,27749,199,0
2024-01-31 16:00:00,2052.132,2053.58,2039.378,2044.78,37089,199,0
2024-01-31 20:00:00,2044.748,2045.913,2030.821,2039.784,24526,199,0
2024-02-01 00:00:00,2039.897,2049.516,2039.121,2046.288,14931,199,0
2024-02-01 04:00:00,2046.335,2046.641,2041.089,2042.895,13720,199,0
2024-02-01 08:00:00,2042.81,2042.81,2029.913,2033.378,19922,199,0
2024-02-01 12:00:00,2033.38,2053.012,2030.034,2051.911,34337,199,0
2024-02-01 16:00:00,2051.86,2065.458,2051.261,2054.78,29531,199,0
2024-02-01 20:00:00,2054.73,2056.102,2053.414,2054.627,7952,199,0
2024-02-02 00:00:00,2054.638,2056.91,2051.894,2054.559,12880,199,0
2024-02-02 04:00:00,2054.564,2056.931,2054.06,2055.042,13223,199,0
2024-02-02 08:00:00,2055.024,2056.777,2052.669,2056.038,14559,199,0
2024-02-02 12:00:00,2056.069,2057.623,2027.741,2034.993,43895,199,0
2024-02-02 16:00:00,2034.943,2038.735,2033.056,2038.052,18809,199,0
2024-02-02 20:00:00,2038.107,2039.785,2035.967,2039.607,5708,199,0
2024-02-04 20:00:00,2041.781,2042.217,2039.07,2039.716,3243,199,0
2024-02-05 00:00:00,2039.298,2039.822,2030.232,2032.222,17643,199,0
2024-02-05 04:00:00,2032.264,2033.31,2026.719,2027.502,14923,199,0
2024-02-05 08:00:00,2027.556,2028.353,2020.588,2027.577,16301,199,0
2024-02-05 12:00:00,2027.58,2028.018,2014.811,2017.792,26353,199,0
2024-02-05 16:00:00,2017.742,2027.475,2017.742,2025.928,16477,199,0
2024-02-05 20:00:00,2025.897,2026.377,2023.445,2024.859,6614,199,0
2024-02-06 00:00:00,2024.81,2028.539,2023.416,2023.894,12436,199,0
2024-02-06 04:00:00,2023.896,2029.804,2023.523,2026.243,13493,199,0
2024-02-06 08:00:00,2026.264,2027.472,2022.831,2026.696,14646,199,0
2024-02-06 12:00:00,2026.648,2038.108,2024.462,2036.285,24360,199,0
2024-02-06 16:00:00,2036.231,2038.88,2032.066,2035.904,18484,199,0
2024-02-06 20:00:00,2035.964,2036.952,2034.287,2035.069,6537,199,0
2024-02-07 00:00:00,2035.115,2036.095,2034.03,2034.442,10944,199,0
2024-02-07 04:00:00,2034.43,2036.172,2032.409,2035.124,10927,199,0
2024-02-07 08:00:00,2035.182,2035.75,2031.216,2034.122,13873,199,0
2024-02-07 12:00:00,2034.114,2044.527,2030.508,2038.345,24820,199,0
2024-02-07 16:00:00,2038.303,2040.882,2033.951,2035.511,16965,199,0
2024-02-07 20:00:00,2035.465,2036.371,2033.686,2036.227,6345,199,0
2024-02-08 00:00:00,2036.221,2038.726,2031.757,2032.755,10975,199,0
2024-02-08 04:00:00,2032.748,2034.951,2031.094,2032.794,11722,199,0
2024-02-08 08:00:00,2032.795,2038.499,2027.789,2028.972,16668,199,0
2024-02-08 12:00:00,2028.986,2034.011,2020.115,2031.933,27901,199,0
2024-02-08 16:00:00,2031.971,2035.35,2027.673,2032.495,16735,199,0
2024-02-08 20:00:00,2032.491,2034.631,2032.491,2034.123,5630,199,0
2024-02-09 00:00:00,2033.939,2035.113,2031.935,2033.548,9839,199,0
2024-02-09 04:00:00,2033.575,2034.96,2032.114,2033.522,9419,199,0
2024-02-09 08:00:00,2033.521,2034.076,2030.49,2031.516,14501,199,0
2024-02-09 12:00:00,2031.517,2037.174,2021.784,2022.452,28327,199,0
2024-02-09 16:00:00,2022.461,2026.298,2020.193,2024.749,15458,199,0
2024-02-09 20:00:00,2024.739,2026.19,2023.805,2024.24,4758,199,0
2024-02-11 20:00:00,2026.346,2026.705,2024.402,2025.266,2169,200,0
2024-02-12 00:00:00,2025.417,2026.557,2021.812,2022.857,9217,199,0
2024-02-12 04:00:00,2022.879,2026.403,2022.502,2025.501,9020,199,0
2024-02-12 08:00:00,2025.449,2027.251,2019.917,2021.704,14139,199,0
2024-02-12 12:00:00,2021.693,2027.553,2012.039,2013.132,22568,199,0
2024-02-12 16:00:00,2013.201,2021.562,2011.873,2019.158,16669,199,0
2024-02-12 20:00:00,2019.099,2020.516,2018.282,2018.65,6031,199,0
2024-02-13 00:00:00,2018.601,2021.187,2016.867,2018.524,9620,199,0
2024-02-13 04:00:00,2018.479,2025.793,2018.324,2025.154,10408,199,0
2024-02-13 08:00:00,2025.203,2029.293,2024.415,2027.666,13595,199,0
2024-02-13 12:00:00,2027.712,2032.196,1989.965,1992.232,40081,199,0
2024-02-13 16:00:00,1992.282,1997.775,1991.186,1991.754,18069,199,0
2024-02-13 20:00:00,1991.715,1993.611,1990.459,1991.193,7179,199,0
2024-02-14 00:00:00,1991.332,1993.56,1988.795,1992.464,11697,199,0
2024-02-14 04:00:00,1992.459,1993.297,1989.276,1989.439,11231,199,0
2024-02-14 08:00:00,1989.497,1993.348,1985.962,1992.2,16827,199,0
2024-02-14 12:00:00,1992.232,1993.185,1984.158,1987.849,25812,199,0
2024-02-14 16:00:00,1987.896,1996.068,1987.385,1991.657,19428,199,0
2024-02-14 20:00:00,1991.667,1994.914,1989.558,1993.452,6695,199,0
2024-02-15 00:00:00,1993.441,1994.291,1990.172,1990.753,10517,199,0
2024-02-15 04:00:00,1990.755,1994.597,1990.408,1993.726,10237,199,0
2024-02-15 08:00:00,1993.68,1998.105,1993.43,1997.473,13931,199,0
2024-02-15 12:00:00,1997.451,2008.221,1995.62,2000.804,29995,199,0
2024-02-15 16:00:00,2000.749,2006.403,1998.409,2005.007,17127,199,0
2024-02-15 20:00:00,2004.991,2005.062,2003.15,2003.157,6105,199,0
2024-02-16 00:00:00,2003.094,2005.617,2002.331,2004.266,10157,199,0
2024-02-16 04:00:00,2004.264,2006.431,2002.725,2005.147,10681,199,0
2024-02-16 08:00:00,2005.188,2007.774,2003.862,2007.238,13318,199,0
2024-02-16 12:00:00,2007.25,2011.032,1995.07,2007.891,32053,199,0
2024-02-16 16:00:00,2007.923,2015.126,2007.134,2012.579,18039,199,0
2024-02-16 20:00:00,2012.598,2013.989,2011.207,2013.269,5313,199,0
2024-02-18 20:00:00,2012.706,2019.066,1997.784,2010.603,4243,200,0
2024-02-19 00:00:00,2012.792,2022.861,2009.184,2019.845,14636,199,0
2024-02-19 04:00:00,2019.889,2022.956,2018.211,2020.876,11771,199,0
2024-02-19 08:00:00,2020.904,2021.224,2018.195,2018.365,13974,199,0
2024-02-19 12:00:00,2018.413,2019.321,2014.677,2014.887,14566,199,0
2024-02-19 16:00:00,2014.873,2018.458,2013.223,2017.878,6812,199,0
2024-02-19 20:00:00,2017.244,2017.364,2015.572,2016.203,1692,599,0
2024-02-20 00:00:00,2015.981,2019.134,2014.957,2018.27,11427,199,0
2024-02-20 04:00:00,2018.285,2022.867,2017.728,2021.441,10698,199,0
2024-02-20 08:00:00,2021.394,2027.559,2020.736,2026.866,16173,199,0
2024-02-20 12:00:00,2026.868,2030.875,2025.434,2027.378,21429,199,0
2024-02-20 16:00:00,2027.357,2028.904,2024.754,2025.106,14343,199,0
2024-02-20 20:00:00,2025.151,2025.192,2023.54,2024.128,6297,199,0
2024-02-21 00:00:00,2024.048,2030.835,2022.867,2030.425,11132,199,0
2024-02-21 04:00:00,2030.433,2032.25,2028.349,2028.791,11478,199,0
2024-02-21 08:00:00,2028.78,2030.077,2025.94,2028.243,13839,199,0
2024-02-21 12:00:00,2028.245,2031.536,2024.012,2024.149,19530,199,0
2024-02-21 16:00:00,2024.191,2026.463,2020.001,2025.928,18733,199,0
2024-02-21 20:00:00,2025.938,2026.959,2023.909,2025.568,7889,199,0
2024-02-22 00:00:00,2025.483,2028.528,2025.019,2026.292,11280,199,0
2024-02-22 04:00:00,2026.299,2031.976,2025.474,2031.396,11411,199,0
2024-02-22 08:00:00,2031.395,2034.833,2027.256,2028.937,16423,199,0
2024-02-22 12:00:00,2028.93,2029.844,2020.195,2023.306,26951,199,0
2024-02-22 16:00:00,2023.322,2024.644,2019.547,2022.982,16073,199,0
2024-02-22 20:00:00,2023.009,2025.786,2022.503,2024.677,6774,199,0
2024-02-23 00:00:00,2024.524,2027.342,2022.722,2025.688,11262,199,0
2024-02-23 04:00:00,2025.686,2026.438,2018.148,2021.801,11069,199,0
2024-02-23 08:00:00,2021.802,2023.934,2015.981,2023.79,15964,199,0
2024-02-23 12:00:00,2023.808,2031.128,2023.014,2030.038,22638,199,0
2024-02-23 16:00:00,2030.088,2041.344,2030.088,2037.302,18714,199,0
2024-02-23 20:00:00,2037.3,2037.474,2035.093,2035.524,5221,200,0
2024-02-25 20:00:00,2033.24,2034.94,2033.179,2034.224,2093,200,0
2024-02-26 00:00:00,2033.996,2034.105,2029.876,2032.442,11864,199,0
2024-02-26 04:00:00,2032.439,2035.304,2031.811,2035.01,11005,199,0
2024-02-26 08:00:00,2034.961,2037.02,2030.798,2030.891,15933,199,0
2024-02-26 12:00:00,2030.94,2034.416,2025.015,2029.104,19630,199,0
2024-02-26 16:00:00,2029.044,2030.139,2026.482,2029.676,15298,199,0
2024-02-26 20:00:00,2029.642,2033.662,2029.642,2031.073,6251,199,0
2024-02-27 00:00:00,2030.986,2034.55,2030.986,2033.372,9814,199,0
2024-02-27 04:00:00,2033.365,2036.18,2032.773,2035.386,10226,199,0
2024-02-27 08:00:00,2035.38,2039.471,2034.573,2038.172,14798,199,0
2024-02-27 12:00:00,2038.182,2039.097,2032.991,2033.746,20270,199,0
2024-02-27 16:00:00,2033.794,2036.025,2029.341,2030.214,15714,199,0
2024-02-27 20:00:00,2030.215,2030.73,2028.677,2030.09,5752,199,0
2024-02-28 00:00:00,2029.968,2033.694,2029.1,2030.935,11039,199,0
2024-02-28 04:00:00,2030.937,2032.019,2027.815,2028.121,10432,199,0
2024-02-28 08:00:00,2028.166,2029.233,2024.476,2027.255,14887,199,0
2024-02-28 12:00:00,2027.204,2037.922,2026.832,2031.787,20457,199,0
2024-02-28 16:00:00,2031.757,2035.522,2030.834,2032.089,14577,199,0
2024-02-28 20:00:00,2032.14,2035.415,2032.053,2034.303,6045,199,0
2024-02-29 00:00:00,2034.378,2037.036,2033.935,2036.541,10563,199,0
2024-02-29 04:00:00,2036.541,2037.839,2034.375,2037.23,10368,199,0
2024-02-29 08:00:00,2037.173,2037.454,2028.799,2030.236,15256,199,0
2024-02-29 12:00:00,2030.237,2050.671,2028.064,2048.068,28977,199,0
2024-02-29 16:00:00,2048.098,2048.352,2043.272,2044.477,17007,199,0
2024-02-29 20:00:00,2044.42,2045.419,2042.763,2043.981,6489,199,0
2024-03-01 00:00:00,2044.053,2046.792,2042.769,2046.518,9844,199,0
2024-03-01 04:00:00,2046.518,2048.758,2043.409,2045.396,10546,199,0
2024-03-01 08:00:00,2045.46,2057.474,2039.039,2055.324,18490,199,0
2024-03-01 12:00:00,2055.324,2070.929,2045.572,2069.182,30327,199,0
2024-03-01 16:00:00,2069.211,2088.31,2069.211,2085.252,24001,199,0
2024-03-01 20:00:00,2085.223,2085.344,2082.822,2083.315,5535,199,0
2024-03-03 20:00:00,2082.522,2086.145,2082.522,2083.44,2901,199,0
2024-03-04 00:00:00,2083.591,2084.346,2079.411,2081.366,12491,199,0
2024-03-04 04:00:00,2081.367,2088.248,2080.244,2087.334,11072,199,0
2024-03-04 08:00:00,2087.374,2087.438,2081.798,2082.112,15679,199,0
2024-03-04 12:00:00,2082.102,2109.355,2081.115,2108.97,27206,199,0
2024-03-04 16:00:00,2108.934,2119.885,2107.591,2116.24,26175,199,0
2024-03-04 20:00:00,2116.249,2118.521,2113.392,2114.48,7116,199,0
2024-03-05 00:00:00,2114.34,2116.843,2110.41,2112.96,13125,199,0
2024-03-05 04:00:00,2112.984,2119.632,2112.599,2114.449,13629,199,0
2024-03-05 08:00:00,2114.495,2127.325,2114.44,2124.431,19240,199,0
2024-03-05 12:00:00,2124.434,2141.881,2121.087,2126.618,48608,199,0
2024-03-05 16:00:00,2126.574,2134.71,2123.631,2129.53,22191,199,0
2024-03-05 20:00:00,2129.485,2130.963,2126.656,2128.162,7751,199,0
2024-03-06 00:00:00,2127.777,2128.105,2123.603,2124.697,12086,199,0
2024-03-06 04:00:00,2124.715,2131.465,2124.715,2128.478,11848,199,0
2024-03-06 08:00:00,2128.43,2132.601,2124.299,2132.474,16803,199,0
2024-03-06 12:00:00,2132.519,2149.185,2130.95,2140.923,40378,199,0
2024-03-06 16:00:00,2140.891,2152.234,2139.385,2144.309,29522,199,0
2024-03-06 20:00:00,2144.258,2151.006,2143.114,2147.192,8833,199,0
2024-03-07 00:00:00,2146.851,2152.494,2144.185,2151.709,16961,199,0
2024-03-07 04:00:00,2151.718,2161.588,2151.506,2155.951,22743,199,0
2024-03-07 08:00:00,2156.003,2159.83,2153.256,2155.941,19177,199,0
2024-03-07 12:00:00,2155.95,2164.753,2147.866,2153.701,36586,199,0
2024-03-07 16:00:00,2153.694,2160.907,2149.223,2159.99,20737,199,0
2024-03-07 20:00:00,2159.944,2161.467,2157.949,2161.467,7335,199,0
2024-03-08 00:00:00,2161.643,2163.567,2153.952,2157.578,13417,199,0
2024-03-08 04:00:00,2157.579,2162.032,2156.319,2161.345,13611,199,0
2024-03-08 08:00:00,2161.299,2171.084,2161.056,2168.221,19384,199,0
2024-03-08 12:00:00,2168.225,2185.413,2156.305,2177.164,49079,199,0
2024-03-08 16:00:00,2177.209,2195.146,2168.28,2176.435,35258,199,0
2024-03-08 20:00:00,2176.465,2179.047,2175.648,2178.502,6054,199,0
2024-03-10 20:00:00,2179.559,2183.825,2177.113,2181.567,5759,199,0
2024-03-11 00:00:00,2181.593,2189.012,2176.862,2179.462,17336,199,0
2024-03-11 04:00:00,2179.469,2182.742,2176.798,2182.2,14213,199,0
2024-03-11 08:00:00,2182.241,2183.082,2175.792,2178.888,17857,199,0
2024-03-11 12:00:00,2178.924,2185.655,2174.633,2184.27,29226,199,0
2024-03-11 16:00:00,2184.291,2184.649,2177.073,2181.291,17769,199,0
2024-03-11 20:00:00,2181.329,2184.651,2180.563,2183.552,6387,199,0
2024-03-12 00:00:00,2183.551,2184.483,2176.751,2177.469,13149,199,0
2024-03-12 04:00:00,2177.472,2179.157,2173.541,2176.924,14279,199,0
2024-03-12 08:00:00,2176.881,2179.048,2170.566,2171.956,16814,199,0
2024-03-12 12:00:00,2171.934,2181.981,2152.55,2163.015,58661,199,0
2024-03-12 16:00:00,2163.007,2166.496,2150.467,2157.314,19959,199,0
2024-03-12 20:00:00,2157.299,2161.196,2155.752,2156.915,7842,199,0
2024-03-13 00:00:00,2156.907,2161.503,2156.531,2159.057,13469,199,0
2024-03-13 04:00:00,2159.056,2161.491,2157.223,2159.648,13366,199,0
2024-03-13 08:00:00,2159.689,2164.177,2157.508,2163.925,16525,199,0
2024-03-13 12:00:00,2163.923,2174.523,2161.367,2171.759,32163,199,0
2024-03-13 16:00:00,2171.706,2179.797,2169.536,2172.546,20573,199,0
2024-03-13 20:00:00,2172.497,2176.209,2172.274,2175.361,5890,199,0
2024-03-14 00:00:00,2175.448,2176.971,2171.097,2172.264,13028,199,0
2024-03-14 04:00:00,2172.255,2172.513,2167.419,2168.634,13236,199,0
2024-03-14 08:00:00,2168.58,2171.959,2167.1,2168.455,15560,199,0
2024-03-14 12:00:00,2168.496,2170.378,2152.649,2157.191,41305,199,0
2024-03-14 16:00:00,2157.19,2164.997,2156.663,2163.449,17589,199,0
2024-03-14 20:00:00,2163.514,2163.858,2160.825,2161.62,4909,199,0
2024-03-15 00:00:00,2161.698,2165.901,2160.588,2164.53,12417,199,0
2024-03-15 04:00:00,2164.532,2170.15,2163.475,2167.016,14682,199,0
2024-03-15 08:00:00,2167.056,2172.712,2165.26,2166.91,17272,199,0
2024-03-15 12:00:00,2166.896,2167.293,2156.437,2159.99,31705,199,0
2024-03-15 16:00:00,2159.942,2163.447,2155.092,2156.917,17290,199,0
2024-03-15 20:00:00,2156.949,2158.257,2155.395,2155.697,1937,199,0
2024-03-17 20:00:00,2153.279,2156.533,2153.081,2156.516,5016,200,0
2024-03-18 00:00:00,2156.473,2157.481,2146.028,2146.768,15681,199,0
2024-03-18 04:00:00,2146.768,2152.161,2146.06,2152.161,13118,199,0
2024-03-18 08:00:00,2152.099,2161.237,2150.121,2160.974,17947,199,0
2024-03-18 12:00:00,2161.021,2163.613,2155.473,2158.31,25401,199,0
2024-03-18 16:00:00,2158.344,2161.127,2154.603,2160.167,16171,199,0
2024-03-18 20:00:00,2160.153,2162.29,2159.386,2161.65,4966,199,0
2024-03-19 00:00:00,2162.053,2162.836,2158.588,2161.428,13849,199,0
2024-03-19 04:00:00,2161.414,2162.062,2153.94,2155.74,16043,199,0
2024-03-19 08:00:00,2155.778,2156.671,2147.156,2155.536,20695,199,0
2024-03-19 12:00:00,2155.485,2158.693,2148.389,2154.219,26076,199,0
2024-03-19 16:00:00,2154.256,2157.921,2153.094,2157.681,15495,199,0
2024-03-19 20:00:00,2157.728,2159.519,2156.986,2157.009,4779,199,0
2024-03-20 00:00:00,2157.054,2160.004,2155.176,2159.807,10983,199,0
2024-03-20 04:00:00,2159.85,2160.176,2156.33,2158.266,12408,199,0
2024-03-20 08:00:00,2158.226,2158.353,2152.264,2153.978,15631,199,0
2024-03-20 12:00:00,2154.024,2164.828,2149.55,2155.852,25527,199,0
2024-03-20 16:00:00,2155.863,2188.807,2155.456,2182.88,53093,199,0
2024-03-20 20:00:00,2182.832,2211.005,2182.781,2203.501,12538,199,0
2024-03-21 00:00:00,2203.971,2212.563,2192.364,2202.726,24687,199,0
2024-03-21 04:00:00,2202.753,2210.158,2201.775,2206.572,17594,199,0
2024-03-21 08:00:00,2206.507,2211.751,2196.808,2207.486,25015,199,0
2024-03-21 12:00:00,2207.431,2208.811,2166.296,2174.68,48860,199,0
2024-03-21 16:00:00,2174.706,2183.946,2172.954,2181.426,20343,199,0
2024-03-21 20:00:00,2181.479,2182.42,2180.381,2181.491,5359,199,0
2024-03-22 00:00:00,2181.676,2186.043,2171.805,2173.738,19710,199,0
2024-03-22 04:00:00,2173.734,2176.303,2162.584,2168.401,18397,199,0
2024-03-22 08:00:00,2168.397,2170.033,2164.871,2166.016,19645,199,0
2024-03-22 12:00:00,2166.059,2180.06,2165.404,2166.095,31544,199,0
2024-03-22 16:00:00,2166.059,2167.464,2156.981,2163.986,19707,199,0
2024-03-22 20:00:00,2164.021,2167.186,2163.567,2165.338,2849,199,0
2024-03-24 20:00:00,2166.313,2168.894,2165.06,2168.337,5628,199,0
2024-03-25 00:00:00,2168.318,2178.321,2163.904,2170.602,22247,199,0
2024-03-25 04:00:00,2170.612,2171.605,2163.415,2165.814,16099,199,0
2024-03-25 08:00:00,2165.768,2171.834,2163.81,2170.398,18400,199,0
2024-03-25 12:00:00,2170.436,2181.26,2170.261,2175.412,25183,199,0
2024-03-25 16:00:00,2175.405,2177.796,2170.665,2170.945,14802,199,0
2024-03-25 20:00:00,2170.992,2173.308,2170.739,2172.878,6155,199,0
2024-03-26 00:00:00,2172.883,2174.403,2167.54,2170.346,15101,199,0
2024-03-26 04:00:00,2170.354,2174.172,2169.583,2173.008,13236,199,0
2024-03-26 08:00:00,2172.99,2200.05,2171.564,2196.423,24646,199,0
2024-03-26 12:00:00,2196.458,2197.326,2171.679,2174.245,33991,199,0
2024-03-26 16:00:00,2174.292,2179.213,2174.242,2177.876,16456,199,0
2024-03-26 20:00:00,2177.92,2179.942,2174.607,2179.466,5846,199,0
2024-03-27 00:00:00,2179.463,2181.699,2173.105,2177.725,16052,199,0
2024-03-27 04:00:00,2177.704,2180.786,2175.655,2180.488,13639,199,0
2024-03-27 08:00:00,2180.526,2197.586,2176.434,2188.403,24323,199,0
2024-03-27 12:00:00,2188.439,2195.223,2183.412,2190.495,30223,199,0
2024-03-27 16:00:00,2190.476,2194.212,2188.991,2193.284,16239,199,0
2024-03-27 20:00:00,2193.338,2195.21,2189.729,2190.969,7270,199,0
2024-03-28 00:00:00,2190.723,2196.438,2187.305,2194.774,16034,199,0
2024-03-28 04:00:00,2194.752,2200.634,2192.629,2193.719,15304,199,0
2024-03-28 08:00:00,2193.738,2213.777,2190.828,2210.26,25314,199,0
2024-03-28 12:00:00,2210.258,2217.13,2202.211,2215.877,41320,199,0
2024-03-28 16:00:00,2215.89,2225.576,2213.458,2221.638,21485,199,0
2024-03-28 20:00:00,2221.631,2236.293,2219.601,2232.587,4195,199,0
2024-03-31 20:00:00,2239.644,2247.34,2235.573,2244.928,10518,299,0
2024-04-01 00:00:00,2245.959,2265.143,2243.814,2264.309,22502,299,0
2024-04-01 04:00:00,2264.36,2265.678,2256.868,2257.535,15247,199,0
2024-04-01 08:00:00,2257.562,2260.187,2245.581,2246.851,18923,199,0
2024-04-01 12:00:00,2246.819,2257.903,2228.473,2239.638,45404,199,0
2024-04-01 16:00:00,2239.656,2244.722,2234.665,2244.669,17341,199,0
2024-04-01 20:00:00,2244.612,2255.709,2242.987,2248.935,9633,199,0
2024-04-02 00:00:00,2248.963,2255.262,2246.656,2251.531,19720,199,0
2024-04-02 04:00:00,2251.534,2259.857,2250.418,2256.373,18705,199,0
2024-04-02 08:00:00,2256.325,2266.782,2255.04,2260.526,24677,199,0
2024-04-02 12:00:00,2260.57,2276.974,2250.794,2258.604,53196,199,0
2024-04-02 16:00:00,2258.658,2279.304,2254.074,2277.354,23829,199,0
2024-04-02 20:00:00,2277.395,2288.148,2275.647,2280.206,11188,199,0
2024-04-03 00:00:00,2279.886,2287.944,2276.736,2285.006,22347,199,0
2024-04-03 04:00:00,2285.023,2287.046,2270.337,2271.188,20301,199,0
2024-04-03 08:00:00,2271.173,2276.104,2267.627,2273.785,23098,199,0
2024-04-03 12:00:00,2273.736,2288.352,2265.347,2286.298,51270,199,0
2024-04-03 16:00:00,2286.291,2298.866,2280.699,2297.373,26981,199,0
2024-04-03 20:00:00,2297.404,2302.445,2296.245,2297.448,9597,199,0
2024-04-04 00:00:00,2297.5,2304.869,2297.227,2299.175,18203,199,0
2024-04-04 04:00:00,2299.125,2300.666,2291.837,2292.952,16782,199,0
2024-04-04 08:00:00,2292.94,2295.18,2288.752,2289.261,19072,199,0
2024-04-04 12:00:00,2289.31,2299.374,2282.702,2292.081,39813,199,0
2024-04-04 16:00:00,2292.026,2305.537,2279.817,2284.919,40299,199,0
2024-04-04 20:00:00,2284.888,2293.233,2284.755,2288.891,9349,199,0
2024-04-05 00:00:00,2288.702,2290.276,2267.751,2276.733,28287,199,0
2024-04-05 04:00:00,2276.689,2290.566,2276.543,2289.045,21519,199,0
2024-04-05 08:00:00,2289.014,2296.142,2284.859,2291.132,20745,199,0
2024-04-05 12:00:00,2291.1,2328.448,2280.192,2326.175,75281,199,0
2024-04-05 16:00:00,2326.191,2330.526,2320.637,2323.12,24042,199,0
2024-04-05 20:00:00,2323.159,2329.994,2322.812,2329.355,3498,200,0
2024-04-07 20:00:00,2327.315,2328.564,2303.998,2311.647,19545,199,0
2024-04-08 00:00:00,2311.297,2354.147,2302.862,2345.488,62985,199,0
2024-04-08 04:00:00,2345.535,2345.574,2331.76,2337.761,35350,199,0
2024-04-08 08:00:00,2337.71,2343.531,2333.259,2337.341,30482,199,0
2024-04-08 12:00:00,2337.286,2338.004,2318.646,2327.835,70111,199,0
2024-04-08 16:00:00,2327.882,2341.996,2326.029,2338.344,25071,199,0
2024-04-08 20:00:00,2338.397,2340.455,2336.601,2338.788,7307,199,0
2024-04-09 00:00:00,2338.784,2348.497,2337.771,2343.943,26558,199,0
2024-04-09 04:00:00,2343.981,2357.01,2343.022,2353.963,23031,199,0
2024-04-09 08:00:00,2353.96,2365.34,2349.554,2354.445,29091,199,0
2024-04-09 12:00:00,2354.414,2364.281,2338.236,2340.29,70999,199,0
2024-04-09 16:00:00,2340.328,2351.52,2340.014,2351.118,26748,199,0
2024-04-09 20:00:00,2351.072,2355.239,2350.279,2354.776,7885,199,0
2024-04-10 00:00:00,2354.899,2355.576,2344.697,2351.249,21322,199,0
2024-04-10 04:00:00,2351.202,2360.079,2350.831,2353.072,21332,199,0
2024-04-10 08:00:00,2353.121,2355.856,2344.711,2347.029,22758,199,0
2024-04-10 12:00:00,2346.974,2352.349,2319.215,2337.065,109432,199,0
2024-04-10 16:00:00,2337.054,2345.243,2325.717,2329.635,44803,199,0
2024-04-10 20:00:00,2329.687,2337.205,2329.509,2335.429,8669,199,0
2024-04-11 00:00:00,2335.489,2346.92,2333.319,2343.967,22353,199,0
2024-04-11 04:00:00,2343.911,2346.082,2333.881,2336.396,25303,199,0
2024-04-11 08:00:00,2336.437,2339.678,2325.593,2337.253,27311,199,0
2024-04-11 12:00:00,2337.269,2347.431,2331.604,2344.618,59509,199,0
2024-04-11 16:00:00,2344.667,2374.609,2342.634,2372.744,31886,199,0
2024-04-11 20:00:00,2372.824,2379.358,2371.268,2377.0,12299,199,0
2024-04-12 00:00:00,2376.787,2395.455,2374.586,2384.242,42141,199,0
2024-04-12 04:00:00,2384.247,2400.348,2382.702,2399.913,28329,199,0
2024-04-12 08:00:00,2399.954,2400.638,2390.36,2395.362,28692,199,0
2024-04-12 12:00:00,2395.365,2431.528,2382.125,2395.556,112528,199,0
2024-04-12 16:00:00,2395.508,2395.508,2333.794,2343.263,89507,199,0
2024-04-12 20:00:00,2343.317,2345.169,2341.691,2344.382,4266,199,0
2024-04-14 20:00:00,2369.105,2371.92,2346.754,2364.486,11695,199,0
2024-04-15 00:00:00,2364.446,2365.946,2348.403,2358.508,46673,199,0
2024-04-15 04:00:00,2358.445,2362.467,2349.952,2353.047,31747,199,0
2024-04-15 08:00:00,2353.038,2361.178,2344.71,2357.947,30778,199,0
2024-04-15 12:00:00,2357.996,2361.14,2324.099,2351.66,82025,199,0
2024-04-15 16:00:00,2351.69,2387.637,2346.114,2386.284,47209,199,0
2024-04-15 20:00:00,2386.37,2391.957,2380.038,2381.833,12030,199,0
2024-04-16 00:00:00,2381.896,2389.33,2379.208,2387.87,30684,199,0
2024-04-16 04:00:00,2387.903,2389.02,2362.963,2365.654,33147,199,0
2024-04-16 08:00:00,2365.498,2375.37,2365.107,2373.952,27461,199,0
2024-04-16 12:00:00,2373.956,2393.017,2363.466,2385.939,78351,199,0
2024-04-16 16:00:00,2385.981,2398.263,2379.712,2389.683,56416,199,0
2024-04-16 20:00:00,2389.641,2390.281,2378.363,2382.843,11425,199,0
2024-04-17 00:00:00,2382.703,2386.254,2380.648,2381.653,23622,199,0
2024-04-17 04:00:00,2381.652,2383.255,2372.647,2382.496,24069,199,0
2024-04-17 08:00:00,2382.46,2394.287,2382.46,2387.298,26680,199,0
2024-04-17 12:00:00,2387.361,2395.581,2378.324,2382.172,56059,199,0
2024-04-17 16:00:00,2382.219,2384.453,2360.979,2372.657,52686,199,0
2024-04-17 20:00:00,2372.604,2373.303,2354.56,2367.839,11957,199,0
2024-04-18 00:00:00,2367.836,2375.337,2364.009,2374.755,23205,199,0
2024-04-18 04:00:00,2374.748,2381.017,2373.132,2377.808,21190,199,0
2024-04-18 08:00:00,2377.841,2385.36,2377.176,2380.92,21844,199,0
2024-04-18 12:00:00,2380.968,2392.804,2369.478,2384.106,67248,199,0
2024-04-18 16:00:00,2384.111,2389.317,2378.047,2380.231,27639,199,0
2024-04-18 20:00:00,2380.265,2381.468,2376.851,2380.003,6990,199,0
2024-04-19 00:00:00,2379.867,2417.894,2373.712,2391.348,90746,199,0
2024-04-19 04:00:00,2391.344,2393.889,2378.6,2385.425,41608,199,0
2024-04-19 08:00:00,2385.368,2386.298,2372.761,2376.813,34777,199,0
2024-04-19 12:00:00,2376.855,2396.018,2373.074,2394.756,55124,199,0
2024-04-19 16:00:00,2394.753,2401.969,2386.591,2387.606,29537,199,0
2024-04-19 20:00:00,2387.652,2391.252,2386.637,2390.677,3707,199,0
2024-04-21 20:00:00,2384.011,2388.595,2381.882,2386.483,9785,199,0
2024-04-22 00:00:00,2386.506,2386.506,2361.672,2369.326,30980,199,0
2024-04-22 04:00:00,2369.385,2372.898,2351.294,2360.983,34858,199,0
2024-04-22 08:00:00,2360.959,2363.642,2339.396,2342.059,29488,199,0
2024-04-22 12:00:00,2342.042,2350.382,2331.034,2334.797,60743,199,0
2024-04-22 16:00:00,2334.789,2336.454,2324.55,2329.332,23879,199,0
2024-04-22 20:00:00,2329.29,2333.93,2325.319,2333.738,9244,199,0
2024-04-23 00:00:00,2333.715,2334.376,2295.5,2302.602,53585,199,0
2024-04-23 04:00:00,2302.578,2314.765,2298.859,2309.051,33074,199,0
2024-04-23 08:00:00,2309.089,2309.775,2291.332,2302.135,31943,199,0
2024-04-23 12:00:00,2302.146,2332.176,2301.272,2323.196,68202,199,0
2024-04-23 16:00:00,2323.22,2331.351,2321.196,2322.255,24601,199,0
2024-04-23 20:00:00,2322.306,2324.344,2321.097,2323.21,6935,199,0
2024-04-24 00:00:00,2323.225,2328.14,2315.744,2327.841,23196,199,0
2024-04-24 04:00:00,2327.866,2331.274,2320.625,2320.709,22745,199,0
2024-04-24 08:00:00,2320.698,2321.909,2311.706,2316.169,22418,199,0
2024-04-24 12:00:00,2316.219,2337.354,2312.073,2322.591,53623,199,0
2024-04-24 16:00:00,2322.558,2330.483,2317.785,2319.074,24366,199,0
2024-04-24 20:00:00,2319.104,2319.645,2313.642,2316.219,8819,199,0
2024-04-25 00:00:00,2316.223,2322.041,2304.834,2313.177,21775,199,0
2024-04-25 04:00:00,2313.227,2326.123,2312.362,2325.621,19854,199,0
2024-04-25 08:00:00,2325.648,2330.618,2324.092,2328.505,18529,199,0
2024-04-25 12:00:00,2328.501,2344.872,2312.707,2330.473,83039,199,0
2024-04-25 16:00:00,2330.506,2336.414,2322.952,2332.886,23640,199,0
2024-04-25 20:00:00,2332.934,2333.737,2330.021,2330.621,7229,199,0
2024-04-26 00:00:00,2330.617,2336.255,2326.218,2334.634,18081,199,0
2024-04-26 04:00:00,2334.634,2347.319,2333.425,2345.503,21505,199,0
2024-04-26 08:00:00,2345.507,2352.555,2343.352,2344.901,24557,199,0
2024-04-26 12:00:00,2344.88,2351.563,2328.675,2336.632,54307,199,0
2024-04-26 16:00:00,2336.687,2341.411,2332.595,2339.895,19889,199,0
2024-04-26 20:00:00,2339.946,2340.112,2336.321,2337.792,3454,199,0
2024-04-28 20:00:00,2333.884,2336.829,2332.473,2335.985,6405,199,0
2024-04-29 00:00:00,2335.937,2336.331,2319.802,2328.432,27092,199,0
2024-04-29 04:00:00,2328.444,2337.905,2327.358,2337.312,32691,199,0
2024-04-29 08:00:00,2337.241,2344.345,2335.378,2337.057,20648,199,0
2024-04-29 12:00:00,2337.028,2339.51,2325.587,2337.783,36418,199,0
2024-04-29 16:00:00,2337.801,2346.709,2332.974,2335.628,29490,199,0
2024-04-29 20:00:00,2335.677,2337.108,2332.635,2333.173,7169,199,0
2024-04-30 00:00:00,2333.178,2336.113,2326.824,2329.19,20025,199,0
2024-04-30 04:00:00,2329.227,2329.466,2315.282,2317.531,21398,199,0
2024-04-30 08:00:00,2317.516,2318.458,2309.449,2312.707,21021,199,0
2024-04-30 12:00:00,2312.657,2313.364,2293.093,2295.834,57701,199,0
2024-04-30 16:00:00,2295.798,2299.304,2289.283,2290.838,25714,199,0
2024-04-30 20:00:00,2290.788,2293.47,2284.999,2291.244,10634,199,0
2024-05-01 00:00:00,2291.256,2292.869,2282.949,2284.052,15886,199,0
2024-05-01 04:00:00,2284.01,2289.744,2281.544,2285.785,15935,199,0
2024-05-01 08:00:00,2285.735,2297.093,2283.799,2294.54,18908,199,0
2024-05-01 12:00:00,2294.489,2310.454,2294.092,2307.255,45128,199,0
2024-05-01 16:00:00,2307.289,2328.294,2295.825,2309.724,65124,199,0
2024-05-01 20:00:00,2309.757,2324.833,2306.996,2323.809,17238,199,0
2024-05-02 00:00:00,2323.848,2326.493,2317.275,2319.495,17947,199,0
2024-05-02 04:00:00,2319.496,2320.986,2308.14,2309.262,21157,199,0
2024-05-02 08:00:00,2309.292,2311.058,2295.14,2299.008,23915,199,0
2024-05-02 12:00:00,2298.956,2306.913,2285.392,2299.931,54221,199,0
2024-05-02 16:00:00,2299.939,2309.473,2297.911,2302.918,22891,199,0
2024-05-02 20:00:00,2302.877,2305.502,2300.578,2304.247,7653,199,0
2024-05-03 00:00:00,2304.243,2306.388,2299.874,2302.407,16189,199,0
2024-05-03 04:00:00,2302.48,2308.783,2297.719,2299.215,18633,199,0
2024-05-03 08:00:00,2299.17,2303.166,2296.203,2298.28,18930,199,0
2024-05-03 12:00:00,2298.28,2320.712,2277.074,2293.728,92642,199,0
2024-05-03 16:00:00,2293.774,2303.087,2292.791,2301.365,21811,199,0
2024-05-03 20:00:00,2301.363,2303.418,2300.633,2301.627,3124,199,0
2024-05-05 20:00:00,2302.321,2303.288,2293.261,2293.968,7234,199,0
2024-05-06 00:00:00,2293.929,2315.394,2291.767,2309.322,30779,199,0
2024-05-06 04:00:00,2309.367,2324.135,2308.126,2322.646,22080,199,0
2024-05-06 08:00:00,2322.643,2323.085,2315.583,2318.19,20198,199,0
2024-05-06 12:00:00,2318.135,2332.091,2314.535,2324.774,43750,199,0
2024-05-06 16:00:00,2324.732,2327.457,2317.632,2325.032,23304,199,0
2024-05-06 20:00:00,2324.991,2328.819,2322.182,2325.943,8731,199,0
2024-05-07 00:00:00,2325.953,2329.926,2319.604,2324.857,20499,199,0
2024-05-07 04:00:00,2324.884,2325.076,2317.68,2319.253,19033,199,0
2024-05-07 08:00:00,2319.226,2319.841,2311.639,2312.348,19449,199,0
2024-05-07 12:00:00,2312.343,2323.722,2309.915,2314.703,34361,199,0
2024-05-07 16:00:00,2314.755,2317.467,2311.032,2314.618,17742,199,0
2024-05-07 20:00:00,2314.634,2316.578,2312.697,2315.118,6008,199,0
2024-05-08 00:00:00,2315.167,2318.188,2306.785,2317.001,20497,199,0
2024-05-08 04:00:00,2317.0,2321.336,2305.294,2305.691,18699,199,0
2024-05-08 08:00:00,2305.657,2318.087,2303.584,2314.672,22461,199,0
2024-05-08 12:00:00,2314.646,2320.391,2306.721,2320.391,39237,199,0
2024-05-08 16:00:00,2320.422,2321.088,2307.86,2308.174,17071,199,0
2024-05-08 20:00:00,2308.231,2310.708,2307.823,2308.74,6574,199,0
2024-05-09 00:00:00,2308.733,2312.996,2307.765,2312.274,15603,199,0
2024-05-09 04:00:00,2312.273,2319.735,2307.406,2309.309,19214,199,0
2024-05-09 08:00:00,2309.267,2316.668,2306.468,2315.918,18748,199,0
2024-05-09 12:00:00,2315.915,2338.93,2312.06,2330.397,50164,199,0
2024-05-09 16:00:00,2330.43,2343.998,2329.096,2343.75,19692,199,0
2024-05-09 20:00:00,2343.697,2348.325,2343.115,2346.516,8849,199,0
2024-05-10 00:00:00,2346.56,2355.814,2345.925,2353.325,23510,199,0
2024-05-10 04:00:00,2353.379,2370.364,2351.17,2366.7,24413,199,0
2024-05-10 08:00:00,2366.733,2378.476,2365.835,2372.126,24071,199,0
2024-05-10 12:00:00,2372.13,2375.756,2356.533,2364.804,51117,199,0
2024-05-10 16:00:00,2364.779,2370.961,2361.663,2363.315,20575,199,0
2024-05-10 20:00:00,2363.366,2365.047,2359.695,2360.449,2981,199,0
2024-05-12 20:00:00,2361.401,2363.093,2359.738,2360.41,5288,199,0
2024-05-13 00:00:00,2360.448,2364.489,2354.778,2357.07,19728,199,0
2024-05-13 04:00:00,2357.011,2357.043,2346.429,2348.569,18929,199,0
2024-05-13 08:00:00,2348.523,2350.337,2338.364,2344.544,23238,199,0
2024-05-13 12:00:00,2344.472,2349.777,2332.029,2335.866,43327,199,0
2024-05-13 16:00:00,2335.884,2338.49,2334.424,2337.334,18236,199,0
2024-05-13 20:00:00,2337.375,2339.299,2335.22,2338.408,5551,199,0
2024-05-14 00:00:00,2338.39,2344.423,2334.734,2343.059,17418,199,0
2024-05-14 04:00:00,2343.077,2345.924,2336.082,2339.151,18562,199,0
2024-05-14 08:00:00,2339.111,2348.205,2337.722,2343.585,19765,199,0
2024-05-14 12:00:00,2343.614,2357.068,2336.553,2347.925,49318,199,0
2024-05-14 16:00:00,2347.881,2359.592,2346.291,2356.487,20543,199,0
2024-05-14 20:00:00,2356.52,2358.382,2355.048,2355.772,6068,199,0
2024-05-15 00:00:00,2355.77,2361.003,2354.84,2360.273,16562,199,0
2024-05-15 04:00:00,2360.298,2365.2,2355.649,2362.401,18754,199,0
2024-05-15 08:00:00,2362.437,2374.313,2361.98,2362.742,21503,199,0
2024-05-15 12:00:00,2362.743,2385.724,2351.748,2377.551,67916,199,0
2024-05-15 16:00:00,2377.591,2390.295,2377.067,2386.313,24868,199,0
2024-05-15 20:00:00,2386.283,2391.911,2385.281,2391.769,9334,199,0
2024-05-16 00:00:00,2391.764,2397.341,2386.548,2388.637,25845,199,0
2024-05-16 04:00:00,2388.687,2394.499,2384.599,2389.336,21270,199,0
2024-05-16 08:00:00,2389.313,2391.353,2380.796,2384.621,20334,199,0
2024-05-16 12:00:00,2384.67,2386.349,2370.885,2381.506,47018,199,0
2024-05-16 16:00:00,2381.564,2383.746,2377.704,2378.106,18760,199,0
2024-05-16 20:00:00,2378.153,2379.664,2375.839,2377.726,6384,199,0
2024-05-17 00:00:00,2377.72,2381.233,2373.908,2377.803,17284,199,0
2024-05-17 04:00:00,2377.806,2387.762,2376.582,2383.814,18626,199,0
2024-05-17 08:00:00,2383.874,2390.135,2381.299,2389.682,18853,199,0
2024-05-17 12:00:00,2389.644,2419.17,2386.798,2407.708,51987,199,0
2024-05-17 16:00:00,2407.739,2419.18,2405.731,2416.402,25616,199,0
2024-05-17 20:00:00,2416.451,2422.733,2413.419,2413.933,5391,199,0
2024-05-19 20:00:00,2425.201,2425.201,2416.732,2420.194,10238,199,0
2024-05-20 00:00:00,2420.205,2440.646,2416.466,2437.543,41100,199,0
2024-05-20 04:00:00,2437.543,2450.026,2431.796,2442.218,36659,199,0
2024-05-20 08:00:00,2442.235,2447.21,2427.597,2430.604,29727,199,0
2024-05-20 12:00:00,2430.572,2430.898,2407.273,2424.838,64798,199,0
2024-05-20 16:00:00,2424.813,2437.373,2422.441,2426.734,25937,199,0
2024-05-20 20:00:00,2426.762,2430.346,2423.277,2426.133,9921,199,0
2024-05-21 00:00:00,2426.136,2433.081,2406.037,2413.695,40578,199,0
2024-05-21 04:00:00,2413.684,2422.206,2408.502,2419.209,27308,199,0
2024-05-21 08:00:00,2419.27,2423.738,2412.116,2423.386,24086,199,0
2024-05-21 12:00:00,2423.41,2433.928,2419.97,2423.352,50177,199,0
2024-05-21 16:00:00,2423.318,2424.996,2417.292,2423.318,23253,199,0
2024-05-21 20:00:00,2423.305,2423.457,2420.319,2421.654,6220,199,0
2024-05-22 00:00:00,2421.659,2426.542,2412.539,2414.163,22232,199,0
2024-05-22 04:00:00,2414.164,2418.524,2411.399,2417.232,22640,199,0
2024-05-22 08:00:00,2417.199,2419.395,2404.714,2408.676,23982,199,0
2024-05-22 12:00:00,2408.711,2415.039,2382.135,2391.965,58694,199,0
2024-05-22 16:00:00,2391.92,2394.995,2374.935,2379.305,32868,199,0
2024-05-22 20:00:00,2379.265,2382.707,2377.308,2382.124,9365,199,0
2024-05-23 00:00:00,2382.155,2383.687,2366.75,2372.439,30323,199,0
2024-05-23 04:00:00,2372.421,2373.988,2354.933,2356.109,30690,199,0
2024-05-23 08:00:00,2356.056,2369.427,2355.087,2368.041,24589,199,0
2024-05-23 12:00:00,2367.999,2369.861,2340.314,2346.081,67701,199,0
2024-05-23 16:00:00,2346.044,2350.143,2330.91,2331.58,29969,199,0
2024-05-23 20:00:00,2331.622,2333.62,2326.867,2332.012,8448,199,0
2024-05-24 00:00:00,2332.015,2335.187,2325.351,2330.596,24455,199,0
2024-05-24 04:00:00,2330.589,2340.566,2330.415,2337.731,21133,199,0
2024-05-24 08:00:00,2337.686,2343.922,2336.032,2338.177,20889,199,0
2024-05-24 12:00:00,2338.177,2347.385,2332.362,2334.49,35516,199,0
2024-05-24 16:00:00,2334.523,2336.978,2331.792,2333.766,17993,199,0
2024-05-24 20:00:00,2333.806,2335.165,2333.308,2333.781,2354,199,0
2024-05-26 20:00:00,2335.785,2340.685,2332.183,2337.175,6786,199,0
2024-05-27 00:00:00,2337.186,2347.605,2334.36,2345.976,19096,199,0
2024-05-27 04:00:00,2345.973,2346.018,2338.11,2338.561,18103,199,0
2024-05-27 08:00:00,2338.606,2346.151,2338.158,2345.031,18220,199,0
2024-05-27 12:00:00,2345.076,2358.486,2343.675,2352.446,30765,199,0
2024-05-27 16:00:00,2352.398,2355.599,2352.124,2353.899,5003,199,0
2024-05-27 20:00:00,2352.085,2353.655,2351.058,2352.372,4058,199,0
2024-05-28 00:00:00,2352.412,2356.322,2349.143,2350.86,21231,199,0
2024-05-28 04:00:00,2350.824,2353.668,2341.307,2344.008,23826,199,0
2024-05-28 08:00:00,2343.974,2348.434,2340.229,2347.405,19735,199,0
2024-05-28 12:00:00,2347.367,2364.109,2345.915,2360.241,49098,199,0
2024-05-28 16:00:00,2360.203,2362.203,2352.752,2358.155,23852,199,0
2024-05-28 20:00:00,2358.14,2362.294,2357.803,2359.685,8147,199,0
2024-05-29 00:00:00,2359.648,2361.029,2354.364,2358.127,20481,199,0
2024-05-29 04:00:00,2358.138,2361.361,2350.002,2350.468,22014,199,0
2024-05-29 08:00:00,2350.542,2351.728,2338.449,2341.663,23870,199,0
2024-05-29 12:00:00,2341.657,2347.181,2334.487,2339.149,37954,199,0
2024-05-29 16:00:00,2339.141,2344.287,2336.01,2336.746,18492,199,0
2024-05-29 20:00:00,2336.776,2338.994,2335.916,2338.364,8066,199,0
2024-05-30 00:00:00,2338.378,2339.85,2328.02,2334.311,26659,199,0
2024-05-30 04:00:00,2334.264,2337.695,2322.52,2334.336,26981,199,0
2024-05-30 08:00:00,2334.369,2340.927,2330.546,2335.83,24423,199,0
2024-05-30 12:00:00,2335.801,2351.847,2331.929,2343.804,48926,199,0
2024-05-30 16:00:00,2343.837,2348.788,2339.831,2341.567,20185,199,0
2024-05-30 20:00:00,2341.515,2346.392,2341.442,2343.907,8400,199,0
2024-05-31 00:00:00,2343.921,2347.685,2336.968,2343.689,22609,199,0
2024-05-31 04:00:00,2343.676,2347.03,2339.901,2340.362,20255,199,0
2024-05-31 08:00:00,2340.337,2344.949,2339.671,2343.784,18710,199,0
2024-05-31 12:00:00,2343.739,2359.692,2327.69,2330.024,59090,199,0
2024-05-31 16:00:00,2329.978,2336.694,2320.526,2327.644,29452,199,0
2024-05-31 20:00:00,2327.686,2330.547,2326.983,2327.191,4109,199,0
2024-06-02 20:00:00,2328.496,2328.76,2323.34,2325.937,6616,199,0
2024-06-03 00:00:00,2325.967,2331.11,2320.824,2321.394,21114,199,0
2024-06-03 04:00:00,2321.441,2328.85,2314.676,2325.954,25199,199,0
2024-06-03 08:00:00,2325.922,2333.311,2324.299,2329.977,21986,199,0
2024-06-03 12:00:00,2329.994,2345.693,2325.635,2342.815,45062,199,0
2024-06-03 16:00:00,2342.781,2354.746,2341.348,2347.609,23955,199,0
2024-06-03 20:00:00,2347.654,2351.745,2346.899,2350.629,6863,199,0
2024-06-04 00:00:00,2350.641,2352.79,2343.098,2345.748,18525,199,0
2024-06-04 04:00:00,2345.694,2351.77,2339.048,2339.732,19918,199,0
2024-06-04 08:00:00,2339.678,2339.789,2325.238,2327.917,29844,199,0
2024-06-04 12:00:00,2327.884,2337.923,2315.547,2326.066,51662,199,0
2024-06-04 16:00:00,2326.071,2330.32,2322.505,2327.312,21772,199,0
2024-06-04 20:00:00,2327.355,2328.897,2325.977,2328.786,5787,199,0
2024-06-05 00:00:00,2328.79,2337.917,2325.827,2337.121,17357,199,0
2024-06-05 04:00:00,2337.172,2341.647,2328.085,2331.587,20557,199,0
2024-06-05 08:00:00,2331.584,2335.531,2329.433,2332.512,20974,199,0
2024-06-05 12:00:00,2332.565,2357.389,2332.173,2353.649,51496,199,0
2024-06-05 16:00:00,2353.645,2356.725,2351.368,2353.929,19397,199,0
2024-06-05 20:00:00,2353.971,2357.23,2352.756,2355.012,6748,199,0
2024-06-06 00:00:00,2355.008,2374.958,2354.489,2368.446,25576,199,0
2024-06-06 04:00:00,2368.444,2371.401,2362.13,2362.906,18410,199,0
2024-06-06 08:00:00,2362.899,2363.889,2358.505,2359.761,17115,199,0
2024-06-06 12:00:00,2359.74,2378.522,2353.336,2374.226,47967,199,0
2024-06-06 16:00:00,2374.209,2376.934,2368.979,2372.497,22324,199,0
2024-06-06 20:00:00,2372.471,2378.123,2372.282,2376.73,6571,199,0
2024-06-07 00:00:00,2376.735,2381.969,2369.374,2380.117,21735,199,0
2024-06-07 04:00:00,2380.12,2387.697,2372.749,2373.584,23182,199,0
2024-06-07 08:00:00,2373.536,2373.933,2330.875,2336.496,43101,199,0
2024-06-07 12:00:00,2336.485,2339.309,2304.437,2304.972,72955,199,0
2024-06-07 16:00:00,2305.019,2314.497,2287.536,2288.266,30340,199,0
2024-06-07 20:00:00,2288.304,2294.327,2286.723,2293.799,5438,199,0
2024-06-09 20:00:00,2290.431,2300.041,2290.38,2298.478,7159,199,0
2024-06-10 00:00:00,2298.477,2301.383,2293.904,2295.329,17357,199,0
2024-06-10 04:00:00,2295.287,2297.301,2287.71,2296.477,22534,199,0
2024-06-10 08:00:00,2296.523,2305.287,2291.81,2305.044,21780,199,0
2024-06-10 12:00:00,2304.993,2308.716,2300.352,2307.3,32235,199,0
2024-06-10 16:00:00,2307.345,2313.758,2306.93,2308.733,19346,199,0
2024-06-10 20:00:00,2308.786,2312.144,2308.477,2309.931,6794,199,0
2024-06-11 00:00:00,2309.926,2311.952,2298.775,2303.733,25385,199,0
2024-06-11 04:00:00,2303.686,2305.411,2297.625,2304.485,18559,199,0
2024-06-11 08:00:00,2304.517,2308.862,2301.495,2307.639,20557,199,0
2024-06-11 12:00:00,2307.607,2319.95,2307.538,2310.126,40623,199,0
2024-06-11 16:00:00,2310.168,2315.747,2305.788,2315.311,19749,199,0
2024-06-11 20:00:00,2315.351,2317.592,2313.853,2315.071,7369,199,0
2024-06-12 00:00:00,2315.056,2316.736,2310.654,2314.025,17604,199,0
2024-06-12 04:00:00,2314.031,2317.78,2311.156,2314.479,15979,199,0
2024-06-12 08:00:00,2314.517,2315.699,2310.769,2312.848,18150,199,0
2024-06-12 12:00:00,2312.864,2341.627,2311.563,2335.542,61680,199,0
2024-06-12 16:00:00,2335.552,2339.548,2315.809,2321.213,50663,199,0
2024-06-12 20:00:00,2321.263,2325.351,2320.137,2320.549,8581,199,0
2024-06-13 00:00:00,2320.569,2322.956,2308.044,2314.248,23650,199,0
2024-06-13 04:00:00,2314.239,2318.55,2308.971,2317.013,18619,199,0
2024-06-13 08:00:00,2317.061,2319.958,2303.945,2307.026,20911,199,0
2024-06-13 12:00:00,2307.073,2326.755,2297.746,2298.992,53987,199,0
2024-06-13 16:00:00,2298.938,2304.888,2295.463,2303.413,23100,199,0
2024-06-13 20:00:00,2303.463,2304.322,2301.725,2302.335,5879,199,0
2024-06-14 00:00:00,2302.38,2308.605,2301.504,2305.461,17622,199,0
2024-06-14 04:00:00,2305.415,2316.737,2303.447,2315.226,20219,199,0
2024-06-14 08:00:00,2315.184,2336.562,2314.726,2332.01,27903,199,0
2024-06-14 12:00:00,2332.044,2335.461,2324.002,2326.087,39250,199,0
2024-06-14 16:00:00,2326.133,2335.558,2325.353,2332.452,19897,199,0
2024-06-14 20:00:00,2332.506,2333.064,2330.916,2332.824,2570,199,0
2024-06-16 20:00:00,2331.087,2331.483,2327.411,2328.874,4385,199,0
2024-06-17 00:00:00,2328.918,2328.947,2321.469,2324.309,19430,199,0
2024-06-17 04:00:00,2324.307,2326.224,2315.44,2316.993,18299,199,0
2024-06-17 08:00:00,2316.962,2322.586,2316.407,2318.185,18176,199,0
2024-06-17 12:00:00,2318.23,2327.643,2309.951,2312.494,30703,199,0
2024-06-17 16:00:00,2312.537,2320.569,2312.537,2320.139,17991,199,0
2024-06-17 20:00:00,2320.184,2321.227,2318.415,2320.645,5729,199,0
2024-06-18 00:00:00,2320.634,2325.627,2319.192,2324.412,16995,199,0
2024-06-18 04:00:00,2324.408,2324.813,2314.96,2315.526,16463,199,0
2024-06-18 08:00:00,2315.505,2315.505,2306.502,2313.311,19351,199,0
2024-06-18 12:00:00,2313.279,2329.779,2311.399,2326.868,42792,199,0
2024-06-18 16:00:00,2326.915,2333.079,2326.44,2329.358,18700,199,0
2024-06-18 20:00:00,2329.351,2330.549,2327.495,2328.255,5738,199,0
2024-06-19 00:00:00,2328.272,2331.758,2326.489,2328.27,14305,199,0
2024-06-19 04:00:00,2328.222,2332.68,2326.796,2331.765,14487,199,0
2024-06-19 08:00:00,2331.813,2334.96,2325.756,2330.407,16537,199,0
2024-06-19 12:00:00,2330.386,2332.879,2323.666,2329.774,20273,199,0
2024-06-19 16:00:00,2329.783,2331.336,2328.882,2329.971,3812,199,0
2024-06-19 20:00:00,2329.947,2330.553,2328.687,2329.342,4031,199,0
2024-06-20 00:00:00,2329.358,2338.98,2327.736,2333.897,18382,199,0
2024-06-20 04:00:00,2333.898,2345.667,2333.693,2338.577,20462,199,0
2024-06-20 08:00:00,2338.53,2341.376,2331.557,2339.243,19079,199,0
2024-06-20 12:00:00,2339.3,2365.508,2335.28,2353.738,43238,199,0
2024-06-20 16:00:00,2353.716,2361.0,2352.797,2358.812,18737,199,0
2024-06-20 20:00:00,2358.856,2361.131,2358.152,2360.747,7705,199,0
2024-06-21 00:00:00,2360.765,2364.846,2357.068,2362.137,17672,199,0
2024-06-21 04:00:00,2362.173,2365.602,2355.087,2362.906,18470,199,0
2024-06-21 08:00:00,2362.939,2368.732,2361.269,2366.218,19521,199,0
2024-06-21 12:00:00,2366.274,2368.084,2323.256,2327.893,52475,199,0
2024-06-21 16:00:00,2327.946,2329.353,2316.65,2322.055,24595,199,0
2024-06-21 20:00:00,2322.106,2322.653,2320.76,2321.503,2876,199,0
2024-06-23 20:00:00,2321.11,2322.193,2317.682,2319.187,5099,199,0
2024-06-24 00:00:00,2319.169,2326.643,2317.86,2325.395,19753,199,0
2024-06-24 04:00:00,2325.405,2331.793,2321.325,2330.705,17247,199,0
2024-06-24 08:00:00,2330.724,2332.768,2320.767,2326.191,20913,199,0
2024-06-24 12:00:00,2326.249,2333.833,2323.281,2327.626,29215,199,0
2024-06-24 16:00:00,2327.581,2334.629,2326.822,2331.64,17004,199,0
2024-06-24 20:00:00,2331.607,2334.388,2330.223,2330.877,5972,199,0
2024-06-25 00:00:00,2330.869,2330.924,2323.15,2324.146,17644,199,0
2024-06-25 04:00:00,2324.188,2330.073,2322.69,2324.788,17815,199,0
2024-06-25 08:00:00,2324.745,2337.087,2322.814,2330.121,21013,199,0
2024-06-25 12:00:00,2330.109,2330.453,2315.562,2324.687,35198,199,0
2024-06-25 16:00:00,2324.751,2324.985,2315.436,2319.776,17941,199,0
2024-06-25 20:00:00,2319.725,2321.426,2317.858,2320.027,7616,199,0
2024-06-26 00:00:00,2319.977,2323.89,2310.554,2317.247,23443,199,0
2024-06-26 04:00:00,2317.289,2318.129,2309.682,2316.085,19062,199,0
2024-06-26 08:00:00,2316.044,2318.435,2304.378,2313.005,22486,199,0
2024-06-26 12:00:00,2312.991,2317.831,2293.524,2299.942,39545,199,0
2024-06-26 16:00:00,2299.92,2302.995,2296.872,2298.627,18407,199,0
2024-06-26 20:00:00,2298.684,2299.202,2296.766,2298.401,6692,199,0
2024-06-27 00:00:00,2298.412,2300.1,2296.766,2298.932,15255,199,0
2024-06-27 04:00:00,2298.934,2303.383,2296.429,2302.26,16413,199,0
2024-06-27 08:00:00,2302.213,2317.891,2301.964,2317.015,20526,199,0
2024-06-27 12:00:00,2316.975,2330.936,2316.093,2327.436,39546,199,0
2024-06-27 16:00:00,2327.401,2328.28,2322.376,2325.951,18604,199,0
2024-06-27 20:00:00,2325.917,2328.533,2325.38,2327.72,5963,199,0
2024-06-28 00:00:00,2327.663,2328.259,2318.984,2321.715,19245,199,0
2024-06-28 04:00:00,2321.784,2328.85,2319.712,2327.146,16126,199,0
2024-06-28 08:00:00,2327.15,2337.145,2326.447,2333.938,19145,199,0
2024-06-28 12:00:00,2333.908,2339.809,2322.835,2328.593,39253,199,0
2024-06-28 16:00:00,2328.641,2332.713,2322.926,2325.004,18663,199,0
2024-06-28 20:00:00,2324.972,2326.815,2322.841,2326.638,3400,199,0
2024-06-30 20:00:00,2322.849,2326.157,2322.837,2324.933,4751,199,0
2024-07-01 00:00:00,2324.951,2328.502,2322.1,2324.746,16534,199,0
2024-07-01 04:00:00,2324.729,2328.974,2318.446,2323.689,18571,199,0
2024-07-01 08:00:00,2323.647,2338.247,2321.838,2338.13,20012,199,0
2024-07-01 12:00:00,2338.161,2338.478,2319.173,2327.713,36266,199,0
2024-07-01 16:00:00,2327.707,2331.871,2326.603,2330.9,17513,199,0
2024-07-01 20:00:00,2330.973,2332.553,2330.862,2332.222,5619,199,0
2024-07-02 00:00:00,2332.216,2334.305,2325.702,2326.033,14729,199,0
2024-07-02 04:00:00,2326.036,2331.779,2323.282,2330.679,16929,199,0
2024-07-02 08:00:00,2330.737,2332.456,2319.918,2320.696,19191,199,0
2024-07-02 12:00:00,2320.725,2336.779,2319.004,2324.711,38786,199,0
2024-07-02 16:00:00,2324.678,2331.298,2320.921,2330.76,16580,199,0
2024-07-02 20:00:00,2330.725,2331.443,2328.61,2330.18,5747,199,0
2024-07-03 00:00:00,2330.177,2332.497,2326.799,2331.648,14499,199,0
2024-07-03 04:00:00,2331.699,2347.201,2331.699,2345.304,19153,199,0
2024-07-03 08:00:00,2345.321,2349.482,2342.121,2345.374,20565,199,0
2024-07-03 12:00:00,2345.398,2364.926,2344.871,2363.04,41987,199,0
2024-07-03 16:00:00,2363.001,2363.147,2353.613,2354.28,17217,199,0
2024-07-03 20:00:00,2354.302,2359.578,2354.223,2358.699,5197,199,0
2024-07-04 00:00:00,2358.721,2362.54,2356.443,2358.103,15036,199,0
2024-07-04 04:00:00,2358.102,2359.572,2350.33,2357.455,15608,199,0
2024-07-04 08:00:00,2357.515,2359.987,2355.443,2358.389,14913,199,0
2024-07-04 12:00:00,2358.466,2361.872,2355.487,2357.392,17977,199,0
2024-07-04 16:00:00,2357.417,2359.098,2356.903,2357.23,3903,199,0
2024-07-04 20:00:00,2357.034,2357.715,2354.213,2356.721,4669,199,0
2024-07-05 00:00:00,2356.753,2363.106,2356.028,2361.713,16022,199,0
2024-07-05 04:00:00,2361.716,2367.446,2361.294,2365.225,16224,199,0
2024-07-05 08:00:00,2365.261,2368.002,2361.77,2365.755,17445,199,0
2024-07-05 12:00:00,2365.736,2388.395,2347.375,2384.639,53738,199,0
2024-07-05 16:00:00,2384.685,2392.927,2383.909,2388.833,21371,199,0
2024-07-05 20:00:00,2388.783,2391.636,2388.194,2391.557,2646,199,0
2024-07-07 20:00:00,2389.586,2390.178,2384.767,2386.117,5361,199,0
2024-07-08 00:00:00,2386.065,2391.088,2380.666,2382.88,19317,199,0
2024-07-08 04:00:00,2382.933,2386.761,2376.597,2377.828,18518,199,0
2024-07-08 08:00:00,2377.824,2378.823,2368.253,2375.284,19446,199,0
2024-07-08 12:00:00,2375.236,2379.516,2350.975,2355.459,38218,199,0
2024-07-08 16:00:00,2355.409,2359.838,2350.991,2359.132,20913,199,0
2024-07-08 20:00:00,2359.174,2362.004,2357.986,2361.711,5644,199,0
2024-07-09 00:00:00,2361.738,2367.949,2360.436,2367.625,17678,199,0
2024-07-09 04:00:00,2367.619,2368.791,2358.279,2358.933,17153,199,0
2024-07-09 08:00:00,2358.98,2365.632,2357.485,2360.578,17675,199,0
2024-07-09 12:00:00,2360.631,2371.583,2349.327,2361.993,43838,199,0
2024-07-09 16:00:00,2361.976,2365.588,2356.507,2363.496,20404,199,0
2024-07-09 20:00:00,2363.538,2366.037,2363.281,2364.966,5336,199,0
2024-07-10 00:00:00,2364.944,2370.258,2363.304,2368.144,16294,199,0
2024-07-10 04:00:00,2368.166,2374.932,2366.536,2372.606,15641,199,0
2024-07-10 08:00:00,2372.569,2378.379,2371.425,2378.346,15739,199,0
2024-07-10 12:00:00,2378.387,2386.657,2373.889,2378.761,30853,199,0
2024-07-10 16:00:00,2378.788,2381.331,2369.858,2371.765,18188,199,0
2024-07-10 20:00:00,2371.762,2372.911,2370.86,2372.852,5262,199,0
2024-07-11 00:00:00,2372.832,2380.254,2371.418,2378.741,15485,199,0
2024-07-11 04:00:00,2378.775,2383.197,2378.46,2379.889,16372,199,0
2024-07-11 08:00:00,2379.924,2384.527,2379.001,2380.792,17332,199,0
2024-07-11 12:00:00,2380.753,2424.538,2378.092,2417.353,74305,199,0
2024-07-11 16:00:00,2417.303,2419.238,2409.988,2414.082,23903,199,0
2024-07-11 20:00:00,2414.133,2416.022,2411.134,2415.854,9649,199,0
2024-07-12 00:00:00,2415.851,2416.249,2406.643,2408.778,19096,199,0
2024-07-12 04:00:00,2408.779,2410.088,2400.289,2404.174,18825,199,0
2024-07-12 08:00:00,2404.1,2408.312,2398.288,2401.715,19038,199,0
2024-07-12 12:00:00,2401.768,2413.71,2391.352,2411.711,45797,199,0
2024-07-12 16:00:00,2411.749,2418.241,2411.699,2412.823,16798,199,0
2024-07-12 20:00:00,2412.771,2412.771,2411.262,2411.399,2297,199,0
2024-07-14 20:00:00,2411.619,2412.243,2405.677,2408.657,6541,179,0
2024-07-15 00:00:00,2408.659,2411.971,2404.881,2411.555,17029,179,0
2024-07-15 04:00:00,2411.597,2413.966,2401.298,2407.881,18768,179,0
2024-07-15 08:00:00,2407.897,2420.33,2406.87,2418.236,20782,179,0
2024-07-15 12:00:00,2418.241,2437.493,2411.509,2433.281,38213,162,0
2024-07-15 16:00:00,2433.261,2439.76,2419.715,2421.091,30850,179,0
2024-07-15 20:00:00,2421.145,2422.726,2420.587,2422.496,6121,179,0
2024-07-16 00:00:00,2422.482,2431.449,2419.914,2428.577,19418,179,0
2024-07-16 04:00:00,2428.581,2439.411,2425.023,2436.953,21271,179,0
2024-07-16 08:00:00,2436.951,2443.41,2433.607,2439.521,23066,179,0
2024-07-16 12:00:00,2439.494,2465.283,2429.334,2463.099,50651,179,0
2024-07-16 16:00:00,2463.101,2468.7,2457.809,2468.483,24126,179,0
2024-07-16 20:00:00,2468.537,2469.967,2466.245,2468.278,9228,179,0
2024-07-17 00:00:00,2468.268,2482.365,2463.91,2471.7,31818,179,0
2024-07-17 04:00:00,2471.677,2474.324,2461.788,2474.104,26638,179,0
2024-07-17 08:00:00,2474.084,2478.877,2466.656,2470.029,28548,179,0
2024-07-17 12:00:00,2470.059,2483.757,2458.015,2463.374,57764,179,0
2024-07-17 16:00:00,2463.422,2465.106,2451.407,2457.986,26838,179,0
2024-07-17 20:00:00,2458.022,2461.832,2457.212,2461.296,8685,179,0
2024-07-18 00:00:00,2461.334,2468.851,2457.29,2468.009,21503,179,0
2024-07-18 04:00:00,2468.0,2474.966,2464.551,2471.93,23389,179,0
2024-07-18 08:00:00,2471.959,2473.694,2461.488,2464.468,23040,179,0
2024-07-18 12:00:00,2464.503,2469.919,2457.522,2461.226,41825,179,0
2024-07-18 16:00:00,2461.312,2462.071,2440.226,2442.916,27606,179,0
2024-07-18 20:00:00,2442.965,2445.563,2441.169,2441.25,7843,179,0
2024-07-19 00:00:00,2441.292,2441.343,2420.424,2428.7,37201,179,0
2024-07-19 04:00:00,2428.697,2429.321,2412.803,2418.127,29654,179,0
2024-07-19 08:00:00,2418.139,2421.641,2408.411,2410.053,26982,179,0
2024-07-19 12:00:00,2410.059,2410.228,2393.727,2405.38,53687,179,0
2024-07-19 16:00:00,2405.445,2406.003,2395.64,2398.712,21969,179,0
2024-07-19 20:00:00,2398.743,2400.55,2397.783,2400.451,3119,179,0
2024-07-21 20:00:00,2403.68,2411.931,2402.487,2411.528,7271,179,0
2024-07-22 00:00:00,2411.496,2412.188,2403.233,2406.732,23048,179,0
2024-07-22 04:00:00,2406.69,2407.353,2398.881,2402.513,25253,179,0
2024-07-22 08:00:00,2402.501,2408.352,2397.982,2398.056,22205,179,0
2024-07-22 12:00:00,2398.043,2400.127,2383.797,2386.312,45432,179,0
2024-07-22 16:00:00,2386.304,2400.06,2386.085,2399.0,19312,179,0
2024-07-22 20:00:00,2398.954,2399.487,2394.705,2395.783,6183,179,0
2024-07-23 00:00:00,2395.75,2403.981,2395.451,2398.357,21627,179,0
2024-07-23 04:00:00,2398.36,2399.643,2388.225,2397.788,24248,179,0
2024-07-23 08:00:00,2397.823,2411.984,2396.303,2407.614,24326,179,0
2024-07-23 12:00:00,2407.574,2409.281,2399.515,2405.479,33840,179,0
2024-07-23 16:00:00,2405.437,2408.974,2402.626,2407.545,18680,179,0
2024-07-23 20:00:00,2407.504,2410.013,2405.307,2408.513,7048,179,0
2024-07-24 00:00:00,2408.558,2418.319,2404.866,2416.406,23648,179,0
2024-07-24 04:00:00,2416.421,2419.199,2411.549,2414.574,22867,179,0
2024-07-24 08:00:00,2414.532,2417.809,2409.78,2417.432,20636,179,0
2024-07-24 12:00:00,2417.469,2431.954,2413.577,2424.757,44227,179,0
2024-07-24 16:00:00,2424.793,2424.924,2398.28,2398.358,27085,179,0
2024-07-24 20:00:00,2398.478,2401.193,2393.033,2398.669,13018,179,0
2024-07-25 00:00:00,2398.72,2399.985,2366.737,2374.724,52169,179,0
2024-07-25 04:00:00,2374.703,2378.736,2365.752,2374.02,30345,179,0
2024-07-25 08:00:00,2374.073,2382.529,2368.0,2368.56,29477,179,0
2024-07-25 12:00:00,2368.562,2377.31,2357.919,2363.151,66756,179,0
2024-07-25 16:00:00,2363.123,2365.522,2353.086,2362.579,30848,179,0
2024-07-25 20:00:00,2362.608,2365.455,2359.358,2363.801,10232,179,0
2024-07-26 00:00:00,2363.849,2379.403,2355.842,2371.779,28366,179,0
2024-07-26 04:00:00,2371.821,2375.252,2365.238,2371.462,23618,179,0
2024-07-26 08:00:00,2371.503,2375.803,2369.286,2373.278,20586,179,0
2024-07-26 12:00:00,2373.274,2390.799,2371.028,2385.116,45091,179,0
2024-07-26 16:00:00,2385.164,2390.38,2381.125,2386.272,20578,179,0
2024-07-26 20:00:00,2386.312,2388.853,2385.429,2387.114,3260,179,0
2024-07-28 20:00:00,2387.944,2403.181,2387.839,2397.091,11158,179,0
2024-07-29 00:00:00,2397.055,2402.46,2388.59,2394.526,27425,179,0
2024-07-29 04:00:00,2394.505,2396.263,2389.49,2391.569,23058,179,0
2024-07-29 08:00:00,2391.558,2395.368,2386.809,2387.729,22981,179,0
2024-07-29 12:00:00,2387.74,2396.786,2369.495,2376.797,43885,179,0
2024-07-29 16:00:00,2376.832,2385.49,2374.461,2383.092,22668,179,0
2024-07-29 20:00:00,2383.048,2384.948,2380.885,2381.143,6881,179,0
2024-07-30 00:00:00,2381.186,2385.963,2376.471,2385.741,23509,179,0
2024-07-30 04:00:00,2385.73,2391.971,2385.65,2390.225,22051,179,0
2024-07-30 08:00:00,2390.264,2392.44,2386.872,2387.115,19556,179,0
2024-07-30 12:00:00,2387.109,2397.798,2383.32,2385.26,43005,179,0
2024-07-30 16:00:00,2385.303,2411.07,2384.953,2407.008,30670,179,0
2024-07-30 20:00:00,2406.975,2412.878,2406.947,2409.807,10834,179,0
2024-07-31 00:00:00,2409.81,2419.165,2403.877,2416.442,29731,179,0
2024-07-31 04:00:00,2416.473,2425.51,2414.399,2417.175,26860,179,0
2024-07-31 08:00:00,2417.137,2423.24,2415.436,2419.576,22582,179,0
2024-07-31 12:00:00,2419.629,2429.017,2417.27,2423.098,41721,179,0
2024-07-31 16:00:00,2423.139,2450.819,2421.537,2449.804,41806,179,0
2024-07-31 20:00:00,2449.758,2450.951,2444.084,2445.743,11740,179,0
2024-08-01 00:00:00,2445.725,2458.35,2437.284,2442.777,37347,179,0
2024-08-01 04:00:00,2442.769,2448.819,2439.871,2440.325,27253,179,0
2024-08-01 08:00:00,2440.282,2442.888,2430.165,2440.721,28590,179,0
2024-08-01 12:00:00,2440.784,2462.302,2440.277,2445.107,64883,179,0
2024-08-01 16:00:00,2445.208,2448.761,2434.884,2443.053,34020,179,0
2024-08-01 20:00:00,2443.021,2447.553,2441.715,2445.844,12204,179,0
2024-08-02 00:00:00,2445.886,2459.412,2434.872,2454.432,38964,179,0
2024-08-02 04:00:00,2454.422,2468.48,2454.191,2461.538,30231,179,0
2024-08-02 08:00:00,2461.586,2465.371,2457.531,2459.259,25748,179,0
2024-08-02 12:00:00,2459.216,2477.704,2410.794,2433.125,123053,179,0
2024-08-02 16:00:00,2433.068,2439.293,2423.004,2437.618,42606,179,0
2024-08-02 20:00:00,2437.645,2442.477,2435.539,2441.892,4853,179,0
2024-08-04 20:00:00,2441.02,2446.337,2437.89,2440.952,13274,179,0
2024-08-05 00:00:00,2440.984,2452.51,2413.761,2450.957,69638,179,0
2024-08-05 04:00:00,2451.022,2458.836,2422.064,2431.98,64755,179,0
2024-08-05 08:00:00,2432.021,2434.402,2383.239,2386.736,60628,179,0
2024-08-05 12:00:00,2386.772,2412.236,2364.245,2402.831,114452,179,0
2024-08-05 16:00:00,2402.779,2413.059,2398.986,2407.676,38277,179,0
2024-08-05 20:00:00,2407.657,2412.562,2404.34,2404.837,13904,179,0
2024-08-06 00:00:00,2404.865,2418.333,2404.515,2409.017,39067,179,0
2024-08-06 04:00:00,2409.013,2412.647,2394.78,2409.835,45421,179,0
2024-08-06 08:00:00,2409.935,2416.344,2408.073,2410.955,31530,179,0
2024-08-06 12:00:00,2410.996,2412.258,2381.404,2387.536,75959,179,0
2024-08-06 16:00:00,2387.571,2396.014,2385.548,2387.732,30059,179,0
2024-08-06 20:00:00,2387.759,2390.487,2382.755,2383.787,11492,179,0
2024-08-07 00:00:00,2383.723,2388.44,2378.931,2385.948,42098,179,0
2024-08-07 04:00:00,2385.985,2397.582,2385.687,2389.31,30726,179,0
2024-08-07 08:00:00,2389.356,2402.392,2388.22,2401.152,25498,179,0
2024-08-07 12:00:00,2401.147,2407.059,2391.904,2394.524,43615,179,0
2024-08-07 16:00:00,2394.45,2399.748,2383.782,2385.719,28501,179,0
2024-08-07 20:00:00,2385.67,2387.382,2380.884,2384.791,11769,179,0
2024-08-08 00:00:00,2384.835,2394.729,2383.283,2394.35,29574,179,0
2024-08-08 04:00:00,2394.316,2400.633,2392.407,2396.736,27771,179,0
2024-08-08 08:00:00,2396.786,2413.632,2392.838,2412.192,27855,179,0
2024-08-08 12:00:00,2412.152,2424.365,2402.295,2418.686,60992,179,0
2024-08-08 16:00:00,2418.645,2426.361,2415.757,2423.53,25170,179,0
2024-08-08 20:00:00,2423.551,2427.818,2422.829,2424.595,10040,179,0
2024-08-09 00:00:00,2424.519,2428.963,2419.222,2421.089,25651,179,0
2024-08-09 04:00:00,2421.046,2427.054,2416.829,2423.128,23907,179,0
2024-08-09 08:00:00,2423.183,2432.64,2422.205,2426.761,23801,179,0
2024-08-09 12:00:00,2426.734,2436.002,2420.955,2431.47,50433,179,0
2024-08-09 16:00:00,2431.514,2437.068,2427.157,2429.079,22263,179,0
2024-08-09 20:00:00,2429.118,2431.172,2429.118,2430.805,3044,179,0
2024-08-11 20:00:00,2428.332,2433.242,2427.241,2427.927,6505,179,0
2024-08-12 00:00:00,2427.928,2430.315,2423.825,2428.572,18523,179,0
2024-08-12 04:00:00,2428.529,2442.891,2428.194,2441.573,20568,179,0
2024-08-12 08:00:00,2441.614,2445.058,2439.576,2441.498,21627,179,0
2024-08-12 12:00:00,2441.506,2460.686,2441.409,2459.754,41841,169,0
2024-08-12 16:00:00,2459.771,2472.194,2458.93,2470.473,23271,169,0
2024-08-12 20:00:00,2470.446,2476.033,2470.151,2475.536,8856,169,0
2024-08-13 00:00:00,2475.58,2476.963,2460.82,2463.444,27123,169,0
2024-08-13 04:00:00,2463.513,2466.162,2458.493,2464.26,22165,169,0
2024-08-13 08:00:00,2464.302,2466.607,2458.834,2465.768,21484,169,0
2024-08-13 12:00:00,2465.797,2475.657,2458.917,2468.627,43780,169,0
2024-08-13 16:00:00,2468.6,2471.086,2462.235,2466.912,21298,169,0
2024-08-13 20:00:00,2466.922,2467.842,2462.942,2464.06,8445,169,0
2024-08-14 00:00:00,2464.104,2472.49,2455.271,2460.792,31966,169,0
2024-08-14 04:00:00,2460.815,2471.903,2459.259,2470.85,25170,169,0
2024-08-14 08:00:00,2470.822,2478.789,2468.677,2474.696,26988,169,0
2024-08-14 12:00:00,2474.735,2480.064,2442.01,2444.024,89384,169,0
2024-08-14 16:00:00,2443.972,2448.449,2437.995,2447.199,28483,169,0
2024-08-14 20:00:00,2447.123,2449.482,2446.433,2449.408,8037,169,0
2024-08-15 00:00:00,2449.396,2454.357,2448.2,2453.681,26967,169,0
2024-08-15 04:00:00,2453.708,2458.777,2450.28,2455.71,25666,169,0
2024-08-15 08:00:00,2455.701,2464.147,2453.519,2463.533,23429,169,0
2024-08-15 12:00:00,2463.581,2470.095,2432.094,2458.339,94518,169,0
2024-08-15 16:00:00,2458.394,2461.631,2453.4,2455.566,24644,169,0
2024-08-15 20:00:00,2455.52,2458.257,2454.397,2457.298,7796,169,0
2024-08-16 00:00:00,2457.313,2460.057,2450.695,2452.465,21160,169,0
2024-08-16 04:00:00,2452.42,2464.51,2451.07,2461.968,20403,169,0
2024-08-16 08:00:00,2462.052,2472.314,2459.109,2472.113,23002,169,0
2024-08-16 12:00:00,2472.074,2500.52,2471.251,2491.691,64316,169,0
2024-08-16 16:00:00,2491.741,2509.027,2491.651,2507.862,26130,169,0
2024-08-16 20:00:00,2507.916,2509.766,2505.539,2507.82,4253,169,0
2024-08-18 20:00:00,2506.461,2506.778,2502.271,2506.414,7383,179,0
2024-08-19 00:00:00,2506.42,2506.771,2494.933,2503.22,31699,179,0
2024-08-19 04:00:00,2503.199,2505.197,2498.768,2502.992,24465,179,0
2024-08-19 08:00:00,2502.945,2507.181,2486.483,2494.391,24573,179,0
2024-08-19 12:00:00,2494.415,2505.931,2485.602,2503.934,41605,179,0
2024-08-19 16:00:00,2503.898,2507.482,2500.634,2505.436,20464,179,0
2024-08-19 20:00:00,2505.474,2505.639,2502.044,2503.544,6388,179,0
2024-08-20 00:00:00,2503.554,2508.316,2498.632,2501.778,22165,179,0
2024-08-20 04:00:00,2501.789,2515.223,2497.283,2514.878,22068,179,0
2024-08-20 08:00:00,2514.905,2527.171,2514.293,2526.224,29253,179,0
2024-08-20 12:00:00,2526.267,2531.668,2505.752,2508.518,56702,179,0
2024-08-20 16:00:00,2508.549,2515.521,2500.829,2514.951,26011,179,0
2024-08-20 20:00:00,2514.994,2516.937,2512.724,2512.964,7079,179,0
2024-08-21 00:00:00,2512.976,2519.942,2510.771,2517.386,22783,179,0
2024-08-21 04:00:00,2517.433,2519.627,2508.059,2509.751,22375,179,0
2024-08-21 08:00:00,2509.723,2513.321,2504.418,2511.823,21806,179,0
2024-08-21 12:00:00,2511.781,2513.733,2493.644,2508.369,57846,179,0
2024-08-21 16:00:00,2508.311,2519.167,2503.051,2511.559,25174,179,0
2024-08-21 20:00:00,2511.513,2514.424,2509.759,2512.783,7337,179,0
2024-08-22 00:00:00,2512.732,2514.701,2499.852,2502.329,23426,179,0
2024-08-22 04:00:00,2502.344,2510.612,2499.184,2507.102,23539,179,0
2024-08-22 08:00:00,2507.104,2509.122,2498.061,2499.444,23918,179,0
2024-08-22 12:00:00,2499.481,2504.202,2470.8,2481.794,58533,179,0
2024-08-22 16:00:00,2481.842,2485.965,2478.491,2482.983,23869,179,0
2024-08-22 20:00:00,2483.021,2487.571,2482.369,2487.564,6700,179,0
2024-08-23 00:00:00,2487.574,2493.753,2486.442,2493.17,23003,179,0
2024-08-23 04:00:00,2493.153,2495.754,2490.54,2493.384,20401,179,0
2024-08-23 08:00:00,2493.338,2502.502,2492.991,2501.571,21253,179,0
2024-08-23 12:00:00,2501.557,2518.35,2494.453,2509.845,63385,179,0
2024-08-23 16:00:00,2509.884,2513.242,2501.747,2510.772,26803,179,0
2024-08-23 20:00:00,2510.745,2512.455,2509.532,2512.357,3095,179,0
2024-08-25 20:00:00,2512.067,2516.683,2511.074,2515.917,7412,159,0
2024-08-26 00:00:00,2515.903,2517.001,2509.33,2509.769,23821,159,0
2024-08-26 04:00:00,2509.739,2521.82,2508.646,2521.408,23377,159,0
2024-08-26 08:00:00,2521.412,2526.906,2520.702,2526.533,24233,159,0
2024-08-26 12:00:00,2526.467,2527.009,2510.578,2515.781,47550,159,0
2024-08-26 16:00:00,2515.787,2523.391,2513.518,2518.169,21753,159,0
2024-08-26 20:00:00,2518.205,2519.095,2515.406,2515.511,5986,159,0
2024-08-27 00:00:00,2515.512,2516.709,2505.816,2508.973,22333,159,0
2024-08-27 04:00:00,2509.008,2517.561,2504.571,2504.988,26081,159,0
2024-08-27 08:00:00,2504.885,2513.745,2503.518,2511.479,26415,159,0
2024-08-27 12:00:00,2511.444,2520.38,2503.436,2512.134,48489,159,0
2024-08-27 16:00:00,2512.107,2525.938,2509.83,2525.097,23138,159,0
2024-08-27 20:00:00,2525.062,2529.041,2523.78,2525.269,8405,159,0
2024-08-28 00:00:00,2525.223,2525.813,2513.168,2515.854,21506,159,0
2024-08-28 04:00:00,2515.824,2516.138,2503.219,2509.984,28292,159,0
2024-08-28 08:00:00,2509.942,2511.432,2500.69,2501.485,23947,159,0
2024-08-28 12:00:00,2501.445,2510.682,2493.498,2506.141,46322,159,0
2024-08-28 16:00:00,2506.182,2509.588,2496.376,2507.607,24073,159,0
2024-08-28 20:00:00,2507.643,2508.703,2502.76,2508.11,9885,159,0
2024-08-29 00:00:00,2508.08,2516.771,2507.976,2516.543,21236,159,0
2024-08-29 04:00:00,2516.591,2521.164,2513.806,2519.091,21921,159,0
2024-08-29 08:00:00,2519.125,2524.446,2515.043,2519.883,26119,159,0
2024-08-29 12:00:00,2519.874,2525.692,2503.558,2522.535,54539,159,0
2024-08-29 16:00:00,2522.507,2528.669,2517.408,2521.174,24619,159,0
2024-08-29 20:00:00,2521.216,2522.313,2518.882,2519.615,6698,159,0
2024-08-30 00:00:00,2519.6,2520.108,2512.292,2513.556,21061,159,0
2024-08-30 04:00:00,2513.533,2524.103,2512.14,2519.369,25281,159,0
2024-08-30 08:00:00,2519.356,2526.914,2514.987,2519.523,23815,159,0
2024-08-30 12:00:00,2519.485,2524.76,2500.233,2502.501,63710,159,0
2024-08-30 16:00:00,2502.465,2506.045,2494.086,2502.343,30977,159,0
2024-08-30 20:00:00,2502.304,2503.578,2501.834,2503.342,3436,159,0
2024-09-01 20:00:00,2502.485,2504.76,2501.942,2502.98,5446,159,0
2024-09-02 00:00:00,2502.983,2504.98,2489.977,2496.228,25658,159,0
2024-09-02 04:00:00,2496.208,2501.457,2495.2,2498.157,21598,159,0
2024-09-02 08:00:00,2498.209,2507.31,2497.082,2499.814,22681,159,0
2024-09-02 12:00:00,2499.774,2503.231,2497.672,2501.485,22594,159,0
2024-09-02 16:00:00,2501.49,2501.902,2498.603,2500.085,4066,159,0
2024-09-02 20:00:00,2499.525,2499.708,2496.5,2497.242,3831,160,0
2024-09-03 00:00:00,2497.247,2497.701,2489.66,2494.717,24470,159,0
2024-09-03 04:00:00,2494.789,2502.051,2492.733,2500.843,23124,159,0
2024-09-03 08:00:00,2500.809,2506.247,2484.618,2489.717,31487,159,0
2024-09-03 12:00:00,2489.663,2502.276,2473.282,2488.353,80811,159,0
2024-09-03 16:00:00,2488.33,2494.398,2483.879,2492.015,22593,159,0
2024-09-03 20:00:00,2491.965,2494.764,2491.318,2493.223,7768,159,0
2024-09-04 00:00:00,2493.2,2496.95,2491.291,2495.016,20686,159,0
2024-09-04 04:00:00,2495.058,2496.733,2481.921,2482.177,24345,159,0
2024-09-04 08:00:00,2482.172,2491.248,2471.86,2489.177,33182,159,0
2024-09-04 12:00:00,2489.14,2500.286,2482.056,2493.984,59823,159,0
2024-09-04 16:00:00,2493.958,2498.023,2491.432,2493.424,20666,159,0
2024-09-04 20:00:00,2493.381,2496.951,2492.832,2495.829,7102,159,0
2024-09-05 00:00:00,2495.827,2499.335,2494.463,2494.868,19035,159,0
2024-09-05 04:00:00,2494.835,2507.623,2493.759,2506.37,22979,159,0
2024-09-05 08:00:00,2506.408,2518.375,2505.907,2515.198,29381,159,0
2024-09-05 12:00:00,2515.227,2523.574,2503.797,2507.154,68353,159,0
2024-09-05 16:00:00,2507.179,2516.854,2506.08,2514.814,22236,159,0
2024-09-05 20:00:00,2514.857,2518.011,2514.802,2517.282,6586,159,0
2024-09-06 00:00:00,2517.277,2518.474,2513.047,2518.221,18811,159,0
2024-09-06 04:00:00,2518.257,2521.865,2516.278,2516.553,21460,159,0
2024-09-06 08:00:00,2516.516,2520.364,2514.669,2516.249,20929,159,0
2024-09-06 12:00:00,2516.27,2529.225,2500.403,2505.387,115857,159,0
2024-09-06 16:00:00,2505.359,2505.882,2485.055,2495.978,54103,159,0
2024-09-06 20:00:00,2495.939,2497.827,2494.738,2497.54,3873,160,0
2024-09-08 20:00:00,2497.037,2498.279,2495.487,2496.869,6142,159,0
2024-09-09 00:00:00,2496.871,2500.54,2494.711,2499.28,25666,159,0
2024-09-09 04:00:00,2499.25,2499.542,2485.503,2494.286,33595,159,0
2024-09-09 08:00:00,2494.311,2499.137,2489.94,2497.242,27686,159,0
2024-09-09 12:00:00,2497.296,2505.292,2493.231,2499.081,44391,159,0
2024-09-09 16:00:00,2499.111,2506.577,2499.111,2505.96,22623,159,0
2024-09-09 20:00:00,2505.921,2507.701,2505.221,2506.813,7026,159,0
2024-09-10 00:00:00,2506.815,2507.461,2501.37,2502.532,20842,159,0
2024-09-10 04:00:00,2502.5,2507.773,2500.736,2502.792,21447,159,0
2024-09-10 08:00:00,2502.754,2509.661,2500.052,2504.607,25331,159,0
2024-09-10 12:00:00,2504.575,2518.416,2500.854,2512.597,51667,159,0
2024-09-10 16:00:00,2512.77,2517.515,2510.693,2517.255,23246,159,0
2024-09-10 20:00:00,2517.207,2518.849,2515.75,2518.678,6477,159,0
2024-09-11 00:00:00,2518.638,2522.609,2514.94,2519.406,25521,159,0
2024-09-11 04:00:00,2519.426,2529.06,2518.516,2521.471,26753,159,0
2024-09-11 08:00:00,2521.437,2527.212,2519.783,2522.267,24355,159,0
2024-09-11 12:00:00,2522.227,2523.884,2500.844,2514.743,83243,159,0
2024-09-11 16:00:00,2514.712,2520.033,2509.773,2512.93,26831,159,0
2024-09-11 20:00:00,2512.904,2513.892,2511.27,2511.901,6778,159,0
2024-09-12 00:00:00,2511.803,2516.156,2510.973,2515.844,19225,159,0
2024-09-12 04:00:00,2515.88,2522.26,2514.445,2515.941,20565,159,0
2024-09-12 08:00:00,2515.9,2521.014,2512.961,2519.444,24080,159,0
2024-09-12 12:00:00,2519.485,2555.229,2518.862,2553.315,86180,159,0
2024-09-12 16:00:00,2553.279,2559.092,2544.854,2557.905,33537,159,0
2024-09-12 20:00:00,2557.87,2560.091,2556.742,2558.422,9508,159,0
2024-09-13 00:00:00,2558.419,2570.093,2556.78,2567.853,29530,159,0
2024-09-13 04:00:00,2567.922,2571.135,2563.068,2569.848,28678,159,0
2024-09-13 08:00:00,2569.834,2573.019,2563.654,2567.288,28575,159,0
2024-09-13 12:00:00,2567.323,2583.48,2566.033,2582.14,56693,159,0
2024-09-13 16:00:00,2582.175,2586.12,2578.6,2582.646,26118,159,0
2024-09-13 20:00:00,2582.612,2582.912,2577.704,2579.067,3419,159,0
2024-09-15 20:00:00,2578.456,2580.454,2577.561,2579.163,7258,159,0
2024-09-16 00:00:00,2579.17,2589.027,2578.887,2586.294,17162,159,0
2024-09-16 04:00:00,2586.335,2589.651,2579.452,2582.142,23127,159,0
2024-09-16 08:00:00,2582.12,2588.526,2575.285,2582.999,27354,159,0
2024-09-16 12:00:00,2582.966,2589.298,2576.057,2579.847,46574,159,0
2024-09-16 16:00:00,2579.881,2584.172,2579.524,2582.494,18862,159,0
2024-09-16 20:00:00,2582.557,2583.855,2581.809,2583.659,6361,159,0
2024-09-17 00:00:00,2583.697,2586.338,2576.771,2577.184,18553,159,0
2024-09-17 04:00:00,2577.178,2586.956,2574.524,2583.8,21577,159,0
2024-09-17 08:00:00,2583.761,2584.151,2569.707,2579.824,30591,159,0
2024-09-17 12:00:00,2579.834,2582.274,2561.739,2565.668,59203,159,0
2024-09-17 16:00:00,2565.692,2571.643,2560.661,2568.615,27632,159,0
2024-09-17 20:00:00,2568.64,2574.367,2568.282,2574.05,7361,159,0
2024-09-18 00:00:00,2574.019,2576.474,2570.016,2575.899,26186,159,0
2024-09-18 04:00:00,2575.923,2576.511,2565.681,2571.566,23045,159,0
2024-09-18 08:00:00,2571.643,2580.74,2567.958,2577.407,23531,159,0
2024-09-18 12:00:00,2577.447,2578.907,2567.965,2569.701,38407,159,0
2024-09-18 16:00:00,2569.731,2600.138,2546.828,2549.026,124420,159,0
2024-09-18 20:00:00,2548.981,2561.596,2548.301,2559.239,18617,159,0
2024-09-19 00:00:00,2559.239,2566.708,2550.894,2563.959,35528,159,0
2024-09-19 04:00:00,2564.002,2584.633,2559.564,2584.344,35052,159,0
2024-09-19 08:00:00,2584.361,2594.963,2581.329,2589.435,35241,159,0
2024-09-19 12:00:00,2589.399,2591.203,2569.753,2589.022,71183,159,0
2024-09-19 16:00:00,2589.062,2592.612,2585.932,2588.309,24403,159,0
2024-09-19 20:00:00,2588.355,2589.803,2585.876,2587.282,7673,159,0
2024-09-20 00:00:00,2587.254,2593.705,2584.714,2591.389,23756,159,0
2024-09-20 04:00:00,2591.397,2609.797,2591.258,2607.178,28198,159,0
2024-09-20 08:00:00,2607.158,2615.5,2602.435,2613.736,29481,159,0
2024-09-20 12:00:00,2613.697,2623.041,2602.533,2622.74,68622,159,0
2024-09-20 16:00:00,2622.762,2625.754,2617.863,2621.087,31811,159,0
2024-09-20 20:00:00,2621.129,2622.509,2619.1,2622.098,3388,159,0
2024-09-22 20:00:00,2620.944,2622.12,2619.618,2620.234,5600,159,0
2024-09-23 00:00:00,2620.202,2631.128,2616.029,2628.553,24250,159,0
2024-09-23 04:00:00,2628.558,2631.395,2613.799,2615.15,30291,159,0
2024-09-23 08:00:00,2615.113,2625.786,2614.564,2624.063,27370,159,0
2024-09-23 12:00:00,2624.056,2634.881,2620.018,2629.242,49940,159,0
2024-09-23 16:00:00,2629.201,2630.921,2625.665,2626.24,23802,159,0
2024-09-23 20:00:00,2626.283,2628.501,2625.814,2626.3,6388,159,0
2024-09-24 00:00:00,2626.295,2636.156,2623.745,2634.099,26531,159,0
2024-09-24 04:00:00,2634.09,2640.092,2622.524,2628.996,38948,159,0
2024-09-24 08:00:00,2629.005,2636.312,2623.339,2626.367,30105,159,0
2024-09-24 12:00:00,2626.411,2648.504,2623.463,2643.143,60534,159,0
2024-09-24 16:00:00,2643.153,2664.366,2642.376,2662.892,34484,159,0
2024-09-24 20:00:00,2662.851,2663.747,2656.417,2658.204,10861,159,0
2024-09-25 00:00:00,2658.163,2670.602,2655.427,2661.438,35757,159,0
2024-09-25 04:00:00,2661.485,2661.723,2651.321,2657.019,31427,159,0
2024-09-25 08:00:00,2657.008,2658.581,2652.698,2657.431,26646,159,0
2024-09-25 12:00:00,2657.38,2667.448,2654.178,2657.678,57701,159,0
2024-09-25 16:00:00,2657.652,2663.062,2649.646,2659.754,27541,159,0
2024-09-25 20:00:00,2659.802,2660.298,2656.174,2656.256,9008,159,0
2024-09-26 00:00:00,2656.359,2662.537,2655.281,2662.516,24575,159,0
2024-09-26 04:00:00,2662.545,2666.924,2657.93,2664.684,26509,159,0
2024-09-26 08:00:00,2664.65,2685.611,2664.604,2682.764,36304,159,0
2024-09-26 12:00:00,2682.797,2684.253,2654.717,2671.357,96453,159,0
2024-09-26 16:00:00,2671.396,2677.938,2662.946,2673.675,32704,159,0
2024-09-26 20:00:00,2673.715,2674.077,2670.83,2672.601,7414,159,0
2024-09-27 00:00:00,2672.61,2673.976,2666.19,2673.629,27896,159,0
2024-09-27 04:00:00,2673.649,2673.944,2660.89,2664.748,35685,159,0
2024-09-27 08:00:00,2664.701,2669.177,2658.284,2666.159,29602,159,0
2024-09-27 12:00:00,2666.125,2674.266,2644.705,2649.799,77182,159,0
2024-09-27 16:00:00,2649.751,2656.324,2642.994,2652.079,34829,159,0
2024-09-27 20:00:00,2652.036,2659.973,2651.126,2657.983,4327,159,0
2024-09-29 20:00:00,2661.714,2665.106,2659.762,2663.543,9838,159,0
2024-09-30 00:00:00,2663.58,2666.069,2647.264,2653.617,37878,159,0
2024-09-30 04:00:00,2653.573,2660.619,2650.654,2650.985,27597,159,0
2024-09-30 08:00:00,2650.95,2656.598,2634.41,2641.542,33533,159,0
2024-09-30 12:00:00,2641.523,2644.174,2628.658,2633.868,58020,159,0
2024-09-30 16:00:00,2633.874,2641.893,2624.679,2630.922,37848,159,0
2024-09-30 20:00:00,2630.963,2636.263,2630.714,2635.634,7908,159,0
2024-10-01 00:00:00,2635.661,2640.008,2633.926,2637.922,17689,159,0
2024-10-01 04:00:00,2637.955,2647.458,2637.406,2645.559,24253,159,0
2024-10-01 08:00:00,2645.593,2652.051,2642.437,2650.229,25516,159,0
2024-10-01 12:00:00,2650.268,2671.894,2648.01,2663.338,82121,159,0
2024-10-01 16:00:00,2663.303,2673.222,2657.549,2658.691,44720,159,0
2024-10-01 20:00:00,2658.73,2664.009,2657.837,2660.361,8018,159,0
2024-10-02 00:00:00,2660.39,2662.081,2655.079,2655.376,21212,159,0
2024-10-02 04:00:00,2655.351,2656.576,2644.495,2655.423,29649,159,0
2024-10-02 08:00:00,2655.482,2655.841,2647.941,2649.577,25839,159,0
2024-10-02 12:00:00,2649.619,2663.362,2641.038,2649.89,61714,159,0
2024-10-02 16:00:00,2649.918,2658.986,2647.117,2658.64,24075,159,0
2024-10-02 20:00:00,2658.622,2661.236,2658.265,2660.328,8375,159,0
2024-10-03 00:00:00,2660.299,2662.968,2653.273,2656.001,21759,159,0
2024-10-03 04:00:00,2655.966,2657.491,2643.491,2645.187,27236,159,0
2024-10-03 08:00:00,2645.205,2649.063,2640.958,2648.018,29266,159,0
2024-10-03 12:00:00,2647.984,2654.651,2638.058,2648.798,70579,159,0
2024-10-03 16:00:00,2648.842,2662.161,2648.49,2657.974,28573,159,0
2024-10-03 20:00:00,2658.009,2658.009,2654.319,2655.804,6950,159,0
2024-10-04 00:00:00,2655.8,2663.591,2655.452,2661.137,18839,159,0
2024-10-04 04:00:00,2661.128,2667.861,2658.703,2661.08,22719,159,0
2024-10-04 08:00:00,2661.05,2662.561,2656.783,2661.342,21862,159,0
2024-10-04 12:00:00,2661.308,2670.167,2632.021,2653.201,102576,159,0
2024-10-04 16:00:00,2653.227,2653.853,2641.813,2651.624,34323,159,0
2024-10-04 20:00:00,2651.657,2653.995,2649.831,2653.519,3387,159,0
2024-10-06 20:00:00,2651.575,2652.397,2649.675,2650.128,6826,159,0
2024-10-07 00:00:00,2650.103,2651.918,2643.792,2647.421,23569,159,0
2024-10-07 04:00:00,2647.399,2652.832,2639.587,2651.974,25483,159,0
2024-10-07 08:00:00,2652.016,2659.613,2650.597,2656.913,28173,159,0
2024-10-07 12:00:00,2656.949,2659.206,2637.728,2645.728,62701,159,0
2024-10-07 16:00:00,2645.687,2648.726,2639.686,2643.26,23852,159,0
2024-10-07 20:00:00,2643.224,2649.22,2641.766,2642.944,10060,159,0
2024-10-08 00:00:00,2642.962,2648.283,2633.723,2642.99,45169,159,0
2024-10-08 04:00:00,2642.934,2646.429,2631.088,2633.951,34033,159,0
2024-10-08 08:00:00,2633.963,2651.897,2628.487,2650.745,34331,159,0
2024-10-08 12:00:00,2650.739,2652.964,2604.686,2612.958,84539,159,0
2024-10-08 16:00:00,2613.025,2623.574,2605.467,2622.899,34643,159,0
2024-10-08 20:00:00,2622.932,2623.813,2618.82,2621.868,9283,159,0
2024-10-09 00:00:00,2621.868,2624.268,2614.848,2617.072,29216,159,0
2024-10-09 04:00:00,2617.035,2624.321,2609.139,2611.628,29934,159,0
2024-10-09 08:00:00,2611.669,2622.436,2610.42,2619.022,26552,159,0
2024-10-09 12:00:00,2619.061,2622.458,2605.189,2614.83,56713,159,0
2024-10-09 16:00:00,2614.861,2615.874,2605.116,2609.087,25524,159,0
2024-10-09 20:00:00,2609.135,2609.477,2606.882,2608.476,7203,159,0
2024-10-10 00:00:00,2608.438,2616.9,2605.904,2611.762,27941,159,0
2024-10-10 04:00:00,2611.724,2617.13,2610.202,2616.657,24428,159,0
2024-10-10 08:00:00,2616.695,2618.912,2611.28,2612.98,23241,159,0
2024-10-10 12:00:00,2613.013,2629.782,2602.164,2623.599,81055,159,0
2024-10-10 16:00:00,2623.619,2631.372,2616.442,2629.16,31375,159,0
2024-10-10 20:00:00,2629.135,2636.005,2628.071,2633.149,10127,159,0
2024-10-11 00:00:00,2633.161,2646.009,2631.937,2645.483,29065,159,0
2024-10-11 04:00:00,2645.51,2647.209,2638.037,2645.355,23551,159,0
2024-10-11 08:00:00,2645.317,2646.226,2636.144,2644.635,22395,159,0
2024-10-11 12:00:00,2644.599,2659.318,2640.577,2658.776,51317,159,0
2024-10-11 16:00:00,2658.784,2661.462,2655.24,2656.122,22457,159,0
2024-10-11 20:00:00,2656.16,2657.207,2654.71,2656.864,2826,159,0
2024-10-13 20:00:00,2650.086,2652.472,2646.866,2648.091,9810,159,0
2024-10-14 00:00:00,2648.131,2657.455,2643.075,2655.553,30705,159,0
2024-10-14 04:00:00,2655.554,2666.838,2655.194,2660.395,26000,159,0
2024-10-14 08:00:00,2660.396,2663.032,2650.987,2652.184,24412,159,0
2024-10-14 12:00:00,2652.174,2661.162,2643.94,2646.733,48405,159,0
2024-10-14 16:00:00,2646.795,2652.575,2645.745,2652.395,18307,159,0
2024-10-14 20:00:00,2652.437,2653.323,2646.113,2649.357,8168,159,0
2024-10-15 00:00:00,2649.419,2652.803,2644.449,2645.705,24269,159,0
2024-10-15 04:00:00,2645.743,2653.947,2637.975,2650.758,30739,159,0
2024-10-15 08:00:00,2650.74,2656.811,2645.532,2647.73,27022,159,0
2024-10-15 12:00:00,2647.726,2665.158,2646.047,2664.637,59487,159,0
2024-10-15 16:00:00,2664.673,2668.93,2659.424,2661.602,14279,159,0
2024-10-15 20:00:00,2661.64,2663.11,2660.265,2660.5,7150,159,0
2024-10-16 00:00:00,2660.498,2670.18,2658.722,2667.156,28465,159,0
2024-10-16 04:00:00,2667.12,2677.704,2665.592,2676.115,30658,159,0
2024-10-16 08:00:00,2676.113,2682.744,2672.913,2678.349,28130,159,0
2024-10-16 12:00:00,2678.312,2685.394,2667.541,2669.985,59715,159,0
2024-10-16 16:00:00,2669.945,2676.704,2666.648,2674.69,22518,159,0
2024-10-16 20:00:00,2674.735,2674.993,2673.078,2674.087,5935,159,0
2024-10-17 00:00:00,2674.122,2684.943,2674.069,2676.61,30714,159,0
2024-10-17 04:00:00,2676.654,2685.756,2676.399,2681.953,31900,159,0
2024-10-17 08:00:00,2681.981,2688.858,2676.949,2681.298,26168,159,0
2024-10-17 12:00:00,2681.258,2696.788,2673.132,2693.296,71025,159,0
2024-10-17 16:00:00,2693.365,2694.202,2683.959,2691.954,25836,159,0
2024-10-17 20:00:00,2692.006,2694.383,2690.967,2693.706,6026,160,0
2024-10-18 00:00:00,2693.669,2711.964,2692.768,2709.959,35069,159,0
2024-10-18 04:00:00,2709.944,2714.118,2702.203,2702.272,33056,159,0
2024-10-18 08:00:00,2702.281,2713.179,2701.682,2709.779,27965,159,0
2024-10-18 12:00:00,2709.808,2720.155,2704.921,2714.813,57760,159,0
2024-10-18 16:00:00,2714.846,2721.281,2713.576,2719.624,24986,159,0
2024-10-18 20:00:00,2719.665,2722.633,2719.181,2721.778,3655,159,0
2024-10-20 20:00:00,2723.092,2725.145,2720.179,2723.416,7439,159,0
2024-10-21 00:00:00,2723.457,2732.826,2721.04,2731.512,40036,159,0
2024-10-21 04:00:00,2731.514,2732.453,2723.554,2730.312,27613,159,0
2024-10-21 08:00:00,2730.322,2738.128,2727.748,2734.419,31393,159,0
2024-10-21 12:00:00,2734.458,2740.552,2716.833,2720.119,75067,159,0
2024-10-21 16:00:00,2720.093,2725.631,2714.204,2719.854,29208,159,0
2024-10-21 20:00:00,2719.81,2722.592,2718.707,2721.483,7823,159,0
2024-10-22 00:00:00,2721.483,2733.115,2720.633,2730.995,27146,159,0
2024-10-22 04:00:00,2730.968,2737.141,2729.015,2733.649,25308,159,0
2024-10-22 08:00:00,2733.617,2739.378,2729.436,2731.976,29689,159,0
2024-10-22 12:00:00,2732.01,2744.206,2731.501,2737.562,54783,159,0
2024-10-22 16:00:00,2737.521,2748.908,2737.117,2748.306,26118,159,0
2024-10-22 20:00:00,2748.354,2748.863,2745.824,2746.553,7373,159,0
2024-10-23 00:00:00,2746.557,2747.248,2737.839,2746.071,27054,159,0
2024-10-23 04:00:00,2746.054,2755.632,2745.347,2754.874,27610,159,0
2024-10-23 08:00:00,2754.913,2758.508,2749.134,2749.967,26564,159,0
2024-10-23 12:00:00,2749.932,2750.484,2708.63,2721.726,87073,159,0
2024-10-23 16:00:00,2721.692,2723.25,2711.933,2716.202,33661,159,0
2024-10-23 20:00:00,2716.236,2721.885,2714.143,2721.258,9397,159,0
2024-10-24 00:00:00,2721.219,2726.698,2717.752,2722.877,29709,159,0
2024-10-24 04:00:00,2722.882,2737.085,2722.803,2733.54,26696,159,0
2024-10-24 08:00:00,2733.613,2739.683,2732.489,2738.556,24526,159,0
2024-10-24 12:00:00,2738.464,2743.208,2722.364,2731.099,60876,159,0
2024-10-24 16:00:00,2731.091,2737.736,2725.731,2737.049,29900,159,0
2024-10-24 20:00:00,2737.073,2737.147,2733.628,2733.844,6711,159,0
2024-10-25 00:00:00,2733.885,2735.192,2724.372,2726.042,24443,159,0
2024-10-25 04:00:00,2726.078,2732.567,2723.863,2726.379,26097,159,0
2024-10-25 08:00:00,2726.465,2729.391,2716.958,2724.181,31029,159,0
2024-10-25 12:00:00,2724.208,2742.028,2723.205,2737.131,49425,159,0
2024-10-25 16:00:00,2737.093,2745.022,2733.858,2742.519,25018,159,0
2024-10-25 20:00:00,2742.561,2747.774,2742.469,2747.023,4207,159,0
2024-10-27 20:00:00,2733.443,2740.176,2730.34,2735.815,12801,159,0
2024-10-28 00:00:00,2735.783,2736.296,2724.631,2729.702,31059,159,0
2024-10-28 04:00:00,2729.681,2744.51,2729.093,2738.919,26072,159,0
2024-10-28 08:00:00,2738.926,2740.91,2727.802,2732.319,28680,159,0
2024-10-28 12:00:00,2732.312,2745.917,2731.171,2740.704,44118,159,0
2024-10-28 16:00:00,2740.671,2744.983,2739.985,2742.498,21349,159,0
2024-10-28 20:00:00,2742.464,2744.427,2739.774,2744.427,7495,159,0
2024-10-29 00:00:00,2744.379,2757.762,2743.203,2751.687,29312,159,0
2024-10-29 04:00:00,2751.681,2756.866,2748.898,2752.459,24965,159,0
2024-10-29 08:00:00,2752.499,2756.639,2746.19,2751.804,31163,159,0
2024-10-29 12:00:00,2751.806,2771.699,2748.142,2764.241,58328,159,0
2024-10-29 16:00:00,2764.219,2774.752,2764.065,2772.196,28746,159,0
2024-10-29 20:00:00,2772.165,2775.399,2771.819,2774.915,7999,159,0
2024-10-30 00:00:00,2774.943,2782.15,2774.778,2778.924,26982,159,0
2024-10-30 04:00:00,2778.93,2789.821,2777.406,2782.222,24522,159,0
2024-10-30 08:00:00,2782.257,2786.498,2778.213,2778.58,24867,159,0
2024-10-30 12:00:00,2778.556,2787.509,2770.83,2784.634,65940,159,0
2024-10-30 16:00:00,2784.675,2790.075,2782.972,2787.285,25110,159,0
2024-10-30 20:00:00,2787.333,2788.104,2784.777,2785.49,8687,159,0
2024-10-31 00:00:00,2785.489,2790.067,2783.554,2784.547,21444,159,0
2024-10-31 04:00:00,2784.598,2786.563,2777.999,2782.048,25499,159,0
2024-10-31 08:00:00,2782.028,2783.153,2773.241,2779.413,26341,159,0
2024-10-31 12:00:00,2779.414,2781.941,2731.515,2740.576,81816,159,0
2024-10-31 16:00:00,2740.617,2749.747,2738.004,2746.442,32874,159,0
2024-10-31 20:00:00,2746.466,2748.168,2743.269,2746.691,9603,159,0
2024-11-01 00:00:00,2746.672,2751.878,2744.815,2751.77,27213,159,0
2024-11-01 04:00:00,2751.728,2757.66,2747.039,2749.642,22813,159,0
2024-11-01 08:00:00,2749.627,2755.48,2744.818,2752.873,27169,159,0
2024-11-01 12:00:00,2752.899,2762.275,2739.674,2744.72,74642,159,0
2024-11-01 16:00:00,2744.706,2746.215,2733.128,2734.121,30977,159,0
2024-11-01 20:00:00,2734.077,2736.82,2733.267,2736.69,3639,159,0
2024-11-03 20:00:00,2732.846,2740.334,2732.568,2738.352,5441,159,0
2024-11-04 00:00:00,2738.379,2742.401,2735.343,2740.989,26866,159,0
2024-11-04 04:00:00,2740.952,2744.781,2735.052,2735.837,23536,159,0
2024-11-04 08:00:00,2735.806,2745.304,2731.807,2740.609,29114,159,0
2024-11-04 12:00:00,2740.546,2748.215,2737.633,2738.53,44845,159,0
2024-11-04 16:00:00,2738.486,2739.706,2731.742,2738.309,28766,159,0
2024-11-04 20:00:00,2738.243,2738.571,2736.003,2736.003,8964,159,0
2024-11-05 00:00:00,2736.057,2736.677,2724.694,2735.294,27236,159,0
2024-11-05 04:00:00,2735.24,2741.384,2731.651,2736.532,23059,159,0
2024-11-05 08:00:00,2736.492,2745.034,2732.09,2741.6,27014,159,0
2024-11-05 12:00:00,2741.697,2749.96,2732.921,2741.957,43398,159,0
2024-11-05 16:00:00,2742.001,2744.579,2736.343,2740.513,26419,159,0
2024-11-05 20:00:00,2740.549,2746.441,2739.61,2745.707,10270,159,0
2024-11-06 00:00:00,2745.681,2749.681,2730.607,2734.08,62672,159,0
2024-11-06 04:00:00,2734.126,2743.708,2701.319,2725.921,78399,159,0
2024-11-06 08:00:00,2725.87,2733.812,2696.018,2699.272,54365,159,0
2024-11-06 12:00:00,2699.231,2708.066,2652.335,2675.715,122039,159,0
2024-11-06 16:00:00,2675.752,2678.297,2661.553,2667.084,42860,159,0
2024-11-06 20:00:00,2667.057,2667.716,2658.958,2664.048,13011,159,0
2024-11-07 00:00:00,2664.035,2664.261,2643.208,2659.2,41816,159,0
2024-11-07 04:00:00,2659.199,2667.596,2652.794,2663.268,30991,159,0
2024-11-07 08:00:00,2663.349,2668.432,2657.381,2666.158,30396,159,0
2024-11-07 12:00:00,2666.266,2700.197,2664.276,2698.698,61961,159,0
2024-11-07 16:00:00,2698.687,2700.29,2687.488,2694.266,52336,159,0
2024-11-07 20:00:00,2694.308,2710.36,2692.854,2706.866,22102,159,0
2024-11-08 00:00:00,2706.87,2710.418,2694.034,2695.113,31564,159,0
2024-11-08 04:00:00,2695.104,2696.337,2680.286,2687.362,28843,159,0
2024-11-08 08:00:00,2687.395,2694.977,2681.879,2691.912,37359,159,0
2024-11-08 12:00:00,2691.937,2704.061,2683.379,2687.552,60409,159,0
2024-11-08 16:00:00,2687.503,2689.283,2682.813,2687.057,32077,159,0
2024-11-08 20:00:00,2687.023,2688.549,2682.936,2684.758,10753,159,0
2024-11-10 20:00:00,2683.161,2685.65,2681.526,2685.605,3705,159,0
2024-11-11 00:00:00,2685.638,2686.141,2666.444,2670.269,32817,159,0
2024-11-11 04:00:00,2670.272,2674.285,2666.941,2669.561,26227,159,0
2024-11-11 08:00:00,2669.516,2675.377,2658.928,2662.647,34726,159,0
2024-11-11 12:00:00,2662.672,2663.232,2613.39,2614.599,75285,159,0
2024-11-11 16:00:00,2614.558,2620.672,2610.53,2619.267,30785,159,0
2024-11-11 20:00:00,2619.291,2626.219,2619.233,2624.038,10878,159,0
2024-11-12 00:00:00,2624.025,2627.16,2618.717,2618.924,28412,159,0
2024-11-12 04:00:00,2618.875,2619.084,2595.148,2598.273,43170,159,0
2024-11-12 08:00:00,2598.309,2606.511,2589.596,2597.845,45600,159,0
2024-11-12 12:00:00,2597.82,2617.068,2597.387,2598.437,68181,159,0
2024-11-12 16:00:00,2598.479,2604.206,2592.43,2598.191,36838,159,0
2024-11-12 20:00:00,2598.166,2601.39,2595.103,2598.955,11794,159,0
2024-11-13 00:00:00,2599.011,2613.315,2598.002,2611.562,28761,159,0
2024-11-13 04:00:00,2611.579,2612.405,2603.49,2606.115,25155,159,0
2024-11-13 08:00:00,2606.166,2611.665,2601.031,2610.79,29172,159,0
2024-11-13 12:00:00,2610.845,2618.841,2593.58,2605.385,74648,159,0
2024-11-13 16:00:00,2605.341,2605.975,2577.507,2581.004,48361,159,0
2024-11-13 20:00:00,2580.971,2581.41,2569.222,2570.989,20865,159,0
2024-11-14 00:00:00,2571.012,2574.782,2558.875,2560.708,34198,159,0
2024-11-14 04:00:00,2560.718,2565.256,2550.361,2557.014,33077,159,0
2024-11-14 08:00:00,2556.972,2559.783,2536.747,2553.579,46073,159,0
2024-11-14 12:00:00,2553.621,2572.956,2550.063,2570.179,71276,159,0
2024-11-14 16:00:00,2570.203,2577.44,2567.086,2575.97,35254,159,0
2024-11-14 20:00:00,2575.981,2576.538,2563.866,2566.899,23469,159,0
2024-11-15 00:00:00,2566.888,2571.677,2563.027,2567.756,25411,159,0
2024-11-15 04:00:00,2567.719,2569.514,2554.392,2563.705,26223,159,0
2024-11-15 08:00:00,2563.692,2573.393,2560.873,2570.781,33453,159,0
2024-11-15 12:00:00,2570.803,2576.067,2561.217,2570.733,72661,159,0
2024-11-15 16:00:00,2570.742,2573.291,2559.421,2563.849,35439,159,0
2024-11-15 20:00:00,2563.849,2563.862,2559.758,2562.969,9827,159,0
2024-11-17 20:00:00,2568.027,2575.523,2568.027,2571.477,5706,159,0
2024-11-18 00:00:00,2571.415,2597.414,2569.866,2589.9,41784,159,0
2024-11-18 04:00:00,2589.903,2593.197,2580.397,2582.838,28039,159,0
2024-11-18 08:00:00,2582.796,2597.284,2582.015,2594.417,34587,159,0
2024-11-18 12:00:00,2594.333,2613.346,2590.358,2612.936,48724,159,0
2024-11-18 16:00:00,2612.972,2615.113,2607.341,2609.849,26995,159,0
2024-11-18 20:00:00,2609.805,2613.107,2608.192,2612.704,10622,159,0
2024-11-19 00:00:00,2612.731,2625.582,2611.056,2624.435,28347,159,0
2024-11-19 04:00:00,2624.456,2626.604,2617.687,2619.057,25863,159,0
2024-11-19 08:00:00,2619.021,2636.476,2618.674,2629.639,40579,159,0
2024-11-19 12:00:00,2629.667,2639.473,2620.88,2624.443,62933,159,0
2024-11-19 16:00:00,2624.478,2633.144,2622.295,2630.665,30926,159,0
2024-11-19 20:00:00,2630.715,2635.553,2630.414,2635.166,10909,159,0
2024-11-20 00:00:00,2635.153,2641.847,2634.686,2637.977,24707,159,0
2024-11-20 04:00:00,2638.012,2638.805,2621.232,2621.591,27486,159,0
2024-11-20 08:00:00,2621.555,2628.131,2618.833,2628.085,29902,159,0
2024-11-20 12:00:00,2628.123,2648.932,2627.065,2648.81,45080,159,0
2024-11-20 16:00:00,2648.808,2655.433,2645.357,2650.872,32614,159,0
2024-11-20 20:00:00,2650.841,2652.936,2647.27,2652.124,13102,159,0
2024-11-21 00:00:00,2652.153,2660.466,2650.319,2656.901,24804,159,0
2024-11-21 04:00:00,2656.873,2664.723,2654.611,2663.099,22976,159,0
2024-11-21 08:00:00,2663.06,2673.522,2662.009,2671.448,30291,159,0
2024-11-21 12:00:00,2671.491,2671.816,2660.381,2667.636,54542,159,0
2024-11-21 16:00:00,2667.674,2673.516,2661.298,2669.684,35138,159,0
2024-11-21 20:00:00,2669.718,2671.906,2668.058,2669.159,12002,159,0
2024-11-22 00:00:00,2669.127,2690.519,2668.844,2686.153,30083,159,0
2024-11-22 04:00:00,2686.186,2698.953,2682.966,2696.457,31167,159,0
2024-11-22 08:00:00,2696.488,2710.127,2693.554,2698.867,45224,159,0
2024-11-22 12:00:00,2698.826,2705.073,2684.404,2703.716,64487,159,0
2024-11-22 16:00:00,2703.741,2711.459,2700.807,2708.221,31759,159,0
2024-11-22 20:00:00,2708.18,2715.658,2705.084,2715.573,11617,159,0
2024-11-24 20:00:00,2711.186,2721.437,2710.748,2719.756,8448,159,0
2024-11-25 00:00:00,2719.73,2720.143,2658.997,2672.236,68043,159,0
2024-11-25 04:00:00,2672.191,2676.375,2658.192,2667.774,54512,159,0
2024-11-25 08:00:00,2667.809,2688.768,2667.098,2686.776,36835,159,0
2024-11-25 12:00:00,2686.806,2687.863,2626.261,2628.404,96991,159,0
2024-11-25 16:00:00,2628.435,2639.392,2615.519,2625.804,46679,159,0
2024-11-25 20:00:00,2625.83,2628.739,2605.112,2610.46,21755,159,0
2024-11-26 00:00:00,2610.524,2632.216,2608.477,2630.375,48596,159,0
2024-11-26 04:00:00,2630.336,2631.447,2610.831,2614.036,32399,159,0
2024-11-26 08:00:00,2614.07,2633.226,2612.417,2633.213,37888,159,0
2024-11-26 12:00:00,2633.24,2641.993,2616.664,2629.512,66533,159,0
2024-11-26 16:00:00,2629.513,2631.485,2619.498,2628.025,34277,159,0
2024-11-26 20:00:00,2628.065,2634.138,2627.429,2632.254,12185,159,0
2024-11-27 00:00:00,2632.252,2640.487,2627.017,2637.722,26767,159,0
2024-11-27 04:00:00,2637.728,2648.503,2636.555,2646.625,26409,159,0
2024-11-27 08:00:00,2646.54,2653.92,2643.187,2651.103,29729,159,0
2024-11-27 12:00:00,2651.115,2658.19,2635.528,2642.609,56716,159,0
2024-11-27 16:00:00,2642.651,2644.288,2633.693,2634.703,32542,159,0
2024-11-27 20:00:00,2634.755,2639.03,2634.221,2637.168,10242,159,0
2024-11-28 00:00:00,2637.063,2638.432,2620.844,2630.275,35999,159,0
2024-11-28 04:00:00,2630.286,2639.582,2629.304,2637.344,22459,159,0
2024-11-28 08:00:00,2637.275,2649.674,2635.668,2646.884,23722,159,0
2024-11-28 12:00:00,2646.881,2647.975,2636.215,2638.104,28613,159,0
2024-11-28 16:00:00,2638.07,2642.458,2637.479,2640.597,9115,159,0
2024-11-28 20:00:00,2638.68,2639.268,2637.144,2638.769,2370,159,0
2024-11-29 00:00:00,2638.726,2662.802,2633.969,2660.047,34686,159,0
2024-11-29 04:00:00,2660.022,2666.383,2658.323,2660.522,26054,159,0
2024-11-29 08:00:00,2660.557,2665.917,2654.471,2659.61,27717,159,0
2024-11-29 12:00:00,2659.653,2664.969,2650.537,2658.946,45765,159,0
2024-11-29 16:00:00,2659.002,2662.278,2655.23,2655.23,20097,159,0
2024-12-01 20:00:00,2649.036,2650.324,2643.053,2645.659,5611,159,0
2024-12-02 00:00:00,2645.756,2647.672,2622.897,2629.272,52683,159,0
2024-12-02 04:00:00,2629.235,2633.628,2621.818,2629.898,32628,159,0
2024-12-02 08:00:00,2629.859,2646.37,2626.514,2641.885,38275,159,0
2024-12-02 12:00:00,2641.837,2651.794,2637.048,2642.318,56305,159,0
2024-12-02 16:00:00,2642.359,2644.372,2633.546,2637.611,32859,159,0
2024-12-02 20:00:00,2637.577,2644.203,2635.267,2642.211,13790,159,0
2024-12-03 00:00:00,2642.223,2645.325,2634.033,2640.427,29915,159,0
2024-12-03 04:00:00,2640.441,2650.066,2637.08,2644.622,27118,159,0
2024-12-03 08:00:00,2644.597,2648.055,2639.169,2643.663,31270,159,0
2024-12-03 12:00:00,2643.671,2655.665,2635.166,2640.435,52981,159,0
2024-12-03 16:00:00,2640.444,2649.164,2638.837,2640.998,31768,159,0
2024-12-03 20:00:00,2640.936,2644.226,2640.626,2642.721,10235,159,0
2024-12-04 00:00:00,2642.725,2648.093,2637.602,2644.501,26518,159,0
2024-12-04 04:00:00,2644.48,2651.403,2640.319,2641.412,24310,159,0
2024-12-04 08:00:00,2641.321,2647.678,2636.59,2646.168,29567,159,0
2024-12-04 12:00:00,2646.203,2657.147,2632.33,2655.037,62423,159,0
2024-12-04 16:00:00,2654.984,2655.581,2646.83,2651.7,34318,159,0
2024-12-04 20:00:00,2651.653,2651.962,2648.066,2650.397,11159,159,0
2024-12-05 00:00:00,2650.404,2650.717,2644.575,2648.882,22580,159,0
2024-12-05 04:00:00,2648.866,2655.518,2645.325,2648.575,25354,159,0
2024-12-05 08:00:00,2648.622,2652.714,2641.821,2651.307,25220,159,0
2024-12-05 12:00:00,2651.351,2654.517,2631.775,2640.254,52114,159,0
2024-12-05 16:00:00,2640.257,2643.395,2623.444,2629.8,37842,159,0
2024-12-05 20:00:00,2629.774,2633.832,2627.966,2633.713,10566,159,0
2024-12-06 00:00:00,2633.721,2642.591,2612.931,2640.877,39621,159,0
2024-12-06 04:00:00,2640.875,2644.577,2635.313,2639.682,26994,159,0
2024-12-06 08:00:00,2639.655,2645.733,2632.344,2638.48,26424,159,0
2024-12-06 12:00:00,2638.394,2643.536,2624.011,2637.53,79083,159,0
2024-12-06 16:00:00,2637.563,2641.654,2632.937,2634.544,27828,159,0
2024-12-06 20:00:00,2634.661,2636.145,2630.872,2632.88,5064,468,0
2024-12-08 20:00:00,2642.961,2648.547,2636.316,2640.064,8037,159,0
2024-12-09 00:00:00,2640.064,2650.607,2627.461,2638.889,41955,159,0
2024-12-09 04:00:00,2638.842,2651.245,2634.553,2650.49,29849,159,0
2024-12-09 08:00:00,2650.523,2660.421,2646.094,2656.227,30085,159,0
2024-12-09 12:00:00,2656.184,2676.431,2653.322,2668.257,53406,159,0
2024-12-09 16:00:00,2668.221,2670.569,2658.859,2660.166,30238,159,0
2024-12-09 20:00:00,2660.205,2661.677,2656.649,2660.449,11439,159,0
2024-12-10 00:00:00,2660.489,2671.782,2657.958,2669.918,31881,159,0
2024-12-10 04:00:00,2669.942,2673.86,2663.647,2664.689,25189,159,0
2024-12-10 08:00:00,2664.629,2676.839,2661.123,2674.496,33656,159,0
2024-12-10 12:00:00,2674.539,2691.777,2672.308,2687.446,51039,159,0
2024-12-10 16:00:00,2687.446,2695.522,2684.552,2692.011,27853,159,0
2024-12-10 20:00:00,2691.976,2698.332,2690.877,2695.991,11178,159,0
2024-12-11 00:00:00,2695.91,2704.348,2692.279,2695.704,49438,159,0
2024-12-11 04:00:00,2695.65,2698.242,2675.566,2690.644,83517,159,0
2024-12-11 08:00:00,2690.435,2699.761,2686.211,2696.439,17749,145,0
2024-12-11 12:00:00,2696.56,2715.932,2690.641,2713.101,14561,167,0
2024-12-11 16:00:00,2713.213,2721.058,2711.186,2717.944,13297,167,0
2024-12-11 20:00:00,2718.147,2720.433,2716.047,2719.922,6701,159,0
2024-12-12 00:00:00,2719.984,2726.206,2700.251,2710.489,12019,159,0
2024-12-12 04:00:00,2710.508,2720.389,2709.689,2716.047,11353,159,0
2024-12-12 08:00:00,2716.221,2719.428,2707.31,2710.934,13541,159,0
2024-12-12 12:00:00,2710.997,2712.392,2675.078,2679.785,16911,159,0
2024-12-12 16:00:00,2679.597,2687.039,2677.298,2683.133,13115,159,0
2024-12-12 20:00:00,2683.187,2683.577,2679.454,2680.623,6832,159,0
2024-12-13 00:00:00,2680.617,2692.778,2678.871,2688.122,12462,159,0
2024-12-13 04:00:00,2687.967,2690.527,2681.111,2683.202,11927,159,0
2024-12-13 08:00:00,2682.994,2684.782,2664.39,2664.993,13268,159,0
2024-12-13 12:00:00,2664.8,2672.88,2654.559,2659.888,15018,159,0
2024-12-13 16:00:00,2659.826,2664.566,2652.134,2653.041,12331,159,0
2024-12-13 20:00:00,2652.973,2653.53,2646.046,2648.392,5305,159,0
2024-12-15 20:00:00,2649.414,2653.127,2648.793,2651.479,1927,159,0
2024-12-16 00:00:00,2651.484,2655.613,2643.506,2653.871,11527,159,0
2024-12-16 04:00:00,2653.874,2655.868,2649.545,2653.689,10611,159,0
2024-12-16 08:00:00,2653.536,2664.168,2652.31,2663.542,24263,80,0
2024-12-16 12:00:00,2663.579,2664.447,2650.833,2654.472,40305,159,0
2024-12-16 16:00:00,2654.438,2655.791,2648.505,2653.299,22773,159,0
2024-12-16 20:00:00,2653.258,2653.634,2651.46,2651.744,8909,159,0
2024-12-17 00:00:00,2651.762,2658.625,2651.122,2653.616,21623,159,0
2024-12-17 04:00:00,2653.578,2657.093,2646.417,2653.753,23165,159,0
2024-12-17 08:00:00,2653.727,2653.741,2636.207,2642.187,34978,159,0
2024-12-17 12:00:00,2642.208,2646.968,2632.966,2640.206,48304,159,0
2024-12-17 16:00:00,2640.241,2649.079,2636.617,2645.385,24355,159,0
2024-12-17 20:00:00,2645.427,2647.681,2643.083,2647.378,9056,159,0
2024-12-18 00:00:00,2647.365,2651.737,2645.208,2645.669,20935,159,0
2024-12-18 04:00:00,2645.632,2649.551,2642.687,2644.61,19895,159,0
2024-12-18 08:00:00,2644.585,2649.734,2642.074,2646.096,21461,159,0
2024-12-18 12:00:00,2646.106,2647.716,2633.694,2638.145,33584,159,0
2024-12-18 16:00:00,2638.109,2639.991,2604.02,2604.543,48181,159,0
2024-12-18 20:00:00,2604.581,2609.313,2583.393,2588.225,40617,159,0
2024-12-19 00:00:00,2588.256,2618.16,2587.957,2610.455,41758,159,0
2024-12-19 04:00:00,2610.479,2622.656,2603.295,2616.5,28830,159,0
2024-12-19 08:00:00,2616.542,2626.43,2613.213,2616.81,31610,159,0
2024-12-19 12:00:00,2616.771,2616.771,2586.951,2588.446,60224,159,0
2024-12-19 16:00:00,2588.422,2600.983,2587.134,2596.791,34228,159,0
2024-12-19 20:00:00,2596.832,2600.343,2592.307,2593.519,12267,159,0
2024-12-20 00:00:00,2593.496,2604.008,2589.593,2598.471,29051,159,0
2024-12-20 04:00:00,2598.467,2607.516,2596.422,2606.253,21700,159,0
2024-12-20 08:00:00,2606.295,2607.695,2600.041,2603.694,26106,159,0
2024-12-20 12:00:00,2603.668,2631.201,2600.34,2630.314,52580,159,0
2024-12-20 16:00:00,2630.351,2631.875,2622.142,2627.881,38375,159,0
2024-12-20 20:00:00,2627.845,2628.12,2619.202,2622.643,10934,64,0
2024-12-22 20:00:00,2623.329,2624.915,2621.733,2624.293,1850,159,0
2024-12-23 00:00:00,2624.399,2627.445,2617.525,2624.121,11180,159,0
2024-12-23 04:00:00,2624.101,2633.25,2623.853,2630.23,10464,64,0
2024-12-23 08:00:00,2630.184,2632.1,2613.021,2616.196,26285,159,0
2024-12-23 12:00:00,2616.266,2619.898,2609.214,2609.762,36775,159,0
2024-12-23 16:00:00,2609.798,2616.602,2608.079,2611.084,29866,159,0
2024-12-23 20:00:00,2611.129,2617.082,2609.147,2615.492,9400,159,0
2024-12-24 00:00:00,2615.546,2619.903,2613.507,2618.697,18435,159,0
2024-12-24 04:00:00,2618.729,2621.472,2616.422,2618.451,17714,159,0
2024-12-24 08:00:00,2618.509,2619.806,2612.398,2615.152,18398,159,0
2024-12-24 12:00:00,2615.199,2617.266,2610.007,2611.664,28456,159,0
2024-12-24 16:00:00,2611.717,2619.335,2611.492,2616.713,17943,159,0
2024-12-25 20:00:00,2615.621,2620.115,2615.371,2618.656,2412,160,0
2024-12-26 00:00:00,2618.647,2629.113,2618.613,2626.893,18365,159,0
2024-12-26 04:00:00,2626.894,2629.713,2623.597,2625.413,15769,159,0
2024-12-26 08:00:00,2625.398,2630.019,2625.13,2627.882,16236,159,0
2024-12-26 12:00:00,2627.855,2639.177,2621.718,2636.479,31102,159,0
2024-12-26 16:00:00,2636.527,2636.838,2627.885,2634.95,24422,159,0
2024-12-26 20:00:00,2634.873,2636.162,2624.659,2632.684,12208,159,0
2024-12-27 00:00:00,2632.689,2635.512,2628.886,2633.698,19881,159,0
2024-12-27 04:00:00,2633.744,2638.314,2631.256,2633.638,18843,159,0
2024-12-27 08:00:00,2633.599,2633.599,2623.452,2628.642,21121,159,0
2024-12-27 12:00:00,2628.638,2631.55,2611.579,2618.134,40795,159,0
2024-12-27 16:00:00,2618.174,2621.394,2614.089,2620.685,25157,159,0
2024-12-27 20:00:00,2620.719,2621.98,2612.713,2621.623,9794,159,0
2024-12-29 20:00:00,2621.977,2626.159,2621.632,2624.035,4007,159,0
2024-12-30 00:00:00,2624.08,2628.138,2621.486,2626.579,20514,159,0
2024-12-30 04:00:00,2626.567,2626.567,2615.813,2616.784,19142,159,0
2024-12-30 08:00:00,2616.751,2618.71,2609.092,2616.332,23497,159,0
2024-12-30 12:00:00,2616.332,2622.635,2599.597,2601.599,41074,159,0
2024-12-30 16:00:00,2601.613,2608.39,2596.074,2607.122,27661,159,0
2024-12-30 20:00:00,2607.169,2609.526,2603.86,2606.677,9454,159,0
2024-12-31 00:00:00,2606.717,2611.589,2603.503,2604.613,16546,159,0
2024-12-31 04:00:00,2604.612,2614.143,2602.591,2613.694,17707,159,0
2024-12-31 08:00:00,2613.735,2617.796,2609.714,2611.051,20681,159,0
2024-12-31 12:00:00,2611.016,2626.638,2605.3,2625.656,35149,159,0
2024-12-31 16:00:00,2625.632,2627.541,2622.165,2623.872,26118,159,0
2024-12-31 20:00:00,2623.84,2625.01,2622.19,2624.381,6121,159,0
2025-01-01 20:00:00,2625.179,2625.839,2621.647,2623.766,3108,159,0
2025-01-02 00:00:00,2623.798,2636.54,2622.72,2633.644,25839,159,0
2025-01-02 04:00:00,2633.633,2636.492,2631.05,2635.915,17565,159,0
2025-01-02 08:00:00,2635.953,2646.379,2631.099,2641.976,27575,159,0
2025-01-02 12:00:00,2641.977,2655.876,2636.069,2654.105,46757,159,0
2025-01-02 16:00:00,2654.062,2660.457,2650.035,2654.74,32341,159,0
2025-01-02 20:00:00,2654.775,2660.463,2654.151,2658.327,11214,159,0
2025-01-03 00:00:00,2658.328,2665.253,2656.109,2662.288,22383,159,0
2025-01-03 04:00:00,2662.255,2664.409,2651.924,2654.195,19289,159,0
2025-01-03 08:00:00,2654.164,2659.258,2649.89,2658.361,20867,159,0
2025-01-03 12:00:00,2657.003,2657.461,2640.927,2643.842,37877,159,0
2025-01-03 16:00:00,2643.812,2647.264,2638.954,2639.433,25214,159,0
2025-01-03 20:00:00,2639.39,2640.74,2636.618,2640.37,7938,159,0
2025-01-05 20:00:00,2639.644,2642.379,2639.644,2641.063,3244,160,0
2025-01-06 00:00:00,2641.098,2647.434,2638.575,2640.19,23592,159,0
2025-01-06 04:00:00,2640.203,2640.824,2625.058,2626.937,25061,159,0
2025-01-06 08:00:00,2626.875,2649.473,2625.76,2645.597,32013,159,0
2025-01-06 12:00:00,2645.547,2648.848,2614.436,2634.392,76118,159,0
2025-01-06 16:00:00,2634.42,2641.381,2632.499,2634.373,28682,159,0
2025-01-06 20:00:00,2634.41,2637.067,2633.132,2634.681,9187,159,0
2025-01-07 00:00:00,2634.636,2641.146,2632.927,2639.563,19298,159,0
2025-01-07 04:00:00,2639.56,2646.757,2637.02,2640.487,20138,159,0
2025-01-07 08:00:00,2640.444,2648.689,2640.031,2648.389,20925,159,0
2025-01-07 12:00:00,2648.348,2664.264,2641.885,2647.7,58055,159,0
2025-01-07 16:00:00,2647.634,2656.052,2646.383,2649.245,41382,159,0
2025-01-07 20:00:00,2649.298,2651.437,2647.195,2649.807,11134,159,0
2025-01-08 00:00:00,2649.817,2651.515,2645.569,2646.75,18979,159,0
2025-01-08 04:00:00,2646.728,2654.452,2645.202,2652.619,17525,159,0
2025-01-08 08:00:00,2652.651,2655.158,2647.565,2650.89,23401,159,0
2025-01-08 12:00:00,2650.832,2667.835,2645.807,2665.818,50258,159,0
2025-01-08 16:00:00,2665.84,2670.053,2649.388,2658.301,38638,159,0
2025-01-08 20:00:00,2658.367,2664.059,2658.276,2662.507,13651,159,0
2025-01-09 00:00:00,2662.526,2662.849,2656.267,2659.369,17650,159,0
2025-01-09 04:00:00,2659.335,2666.973,2655.437,2662.45,18731,159,0
2025-01-09 08:00:00,2662.418,2673.299,2660.468,2670.266,27430,159,0
2025-01-09 12:00:00,2670.249,2678.351,2667.198,2668.326,35990,159,0
2025-01-09 16:00:00,2668.32,2672.51,2662.644,2670.19,27904,159,0
2025-01-09 20:00:00,2670.154,2671.337,2668.492,2669.952,8305,159,0
2025-01-10 00:00:00,2669.972,2674.771,2668.953,2673.658,18532,159,0
2025-01-10 04:00:00,2673.631,2678.751,2671.556,2676.146,19623,159,0
2025-01-10 08:00:00,2676.181,2683.088,2675.713,2681.402,31134,159,0
2025-01-10 12:00:00,2681.363,2698.026,2663.99,2692.634,119984,159,0
2025-01-10 16:00:00,2692.604,2697.965,2684.586,2685.855,67819,159,0
2025-01-10 20:00:00,2685.89,2693.773,2684.5,2689.551,16876,159,0
2025-01-12 20:00:00,2689.769,2691.375,2687.575,2691.105,5107,159,0
2025-01-13 00:00:00,2691.128,2693.356,2679.294,2687.97,37492,159,0
2025-01-13 04:00:00,2687.943,2691.323,2683.273,2685.102,36380,159,0
2025-01-13 08:00:00,2685.074,2689.77,2675.449,2675.952,48665,159,0
2025-01-13 12:00:00,2675.911,2677.218,2661.081,2661.867,88969,159,0
2025-01-13 16:00:00,2661.792,2668.0,2656.768,2658.904,39482,159,0
2025-01-13 20:00:00,2658.959,2669.415,2658.734,2668.058,12744,159,0
2025-01-14 00:00:00,2667.97,2672.324,2666.397,2669.78,29906,159,0
2025-01-14 04:00:00,2669.818,2675.333,2667.184,2669.154,27806,159,0
2025-01-14 08:00:00,2669.196,2674.473,2664.453,2669.331,32486,159,0
2025-01-14 12:00:00,2669.287,2674.462,2659.773,2671.779,63732,159,0
2025-01-14 16:00:00,2671.826,2676.283,2666.709,2674.245,34409,159,0
2025-01-14 20:00:00,2674.209,2678.294,2671.836,2675.589,13350,159,0
2025-01-15 00:00:00,2675.58,2676.339,2669.382,2676.091,18796,159,0
2025-01-15 04:00:00,2676.052,2684.033,2674.183,2681.313,22691,159,0
2025-01-15 08:00:00,2681.357,2689.064,2681.151,2686.779,32989,159,0
2025-01-15 12:00:00,2686.748,2696.056,2676.64,2678.475,89128,159,0
2025-01-15 16:00:00,2678.512,2695.127,2676.925,2694.181,42459,159,0
2025-01-15 20:00:00,2694.142,2697.97,2693.239,2694.965,13135,159,0
2025-01-16 00:00:00,2694.983,2702.2,2692.861,2697.194,35163,159,0
2025-01-16 04:00:00,2697.144,2699.988,2689.907,2698.271,26744,159,0
2025-01-16 08:00:00,2698.313,2711.137,2697.129,2706.412,36081,159,0
2025-01-16 12:00:00,2706.416,2719.718,2700.029,2716.877,86644,159,0
2025-01-16 16:00:00,2716.93,2724.714,2714.633,2715.346,47653,159,0
2025-01-16 20:00:00,2715.368,2717.078,2712.401,2714.578,12958,159,0
2025-01-17 00:00:00,2714.623,2717.34,2709.82,2715.428,25848,159,0
2025-01-17 04:00:00,2715.476,2716.515,2708.585,2710.528,27923,159,0
2025-01-17 08:00:00,2710.577,2712.991,2702.803,2708.041,31200,159,0
2025-01-17 12:00:00,2708.002,2715.141,2702.745,2714.243,50864,159,0
2025-01-17 16:00:00,2714.256,2717.264,2702.88,2703.175,22181,159,0
2025-01-17 20:00:00,2703.189,2704.088,2699.242,2702.879,7281,159,0
2025-01-19 20:00:00,2702.629,2703.083,2691.55,2696.424,4775,159,0
2025-01-20 00:00:00,2696.424,2703.927,2689.367,2703.554,21518,159,0
2025-01-20 04:00:00,2703.559,2713.77,2702.279,2703.592,18144,159,0
2025-01-20 08:00:00,2703.571,2712.478,2703.003,2708.333,19795,159,0
2025-01-20 12:00:00,2708.299,2711.944,2701.915,2707.065,55344,159,0
2025-01-20 16:00:00,2707.063,2711.161,2703.118,2709.059,25860,159,0
2025-01-20 20:00:00,2708.347,2711.012,2706.593,2710.445,2929,159,0
2025-01-21 00:00:00,2710.433,2726.946,2702.805,2724.196,33761,159,0
2025-01-21 04:00:00,2724.221,2732.795,2722.695,2729.729,24345,159,0
2025-01-21 08:00:00,2729.701,2730.056,2716.499,2723.998,34571,159,0
2025-01-21 12:00:00,2723.989,2740.384,2722.031,2738.776,40904,159,0
2025-01-21 16:00:00,2738.792,2745.963,2737.837,2742.838,23483,159,0
2025-01-21 20:00:00,2742.819,2745.863,2740.084,2744.259,12478,159,0
2025-01-22 00:00:00,2744.309,2751.086,2742.713,2750.266,32901,159,0
2025-01-22 04:00:00,2750.238,2758.831,2745.549,2748.781,36488,159,0
2025-01-22 08:00:00,2748.818,2763.43,2746.77,2756.534,38356,159,0
2025-01-22 12:00:00,2756.572,2761.606,2750.329,2759.351,69067,159,0
2025-01-22 16:00:00,2759.389,2760.255,2754.885,2755.309,32312,159,0
2025-01-22 20:00:00,2755.269,2757.127,2753.88,2755.583,11973,159,0
2025-01-23 00:00:00,2755.564,2756.3,2749.474,2749.972,30297,159,0
2025-01-23 04:00:00,2750.022,2755.575,2749.757,2752.683,31142,159,0
2025-01-23 08:00:00,2752.735,2754.789,2740.871,2751.924,38787,159,0
2025-01-23 12:00:00,2751.898,2753.386,2735.77,2746.424,76077,159,0
2025-01-23 16:00:00,2746.34,2758.962,2744.198,2754.173,43270,159,0
2025-01-23 20:00:00,2754.13,2755.636,2751.306,2754.543,15460,159,0
2025-01-24 00:00:00,2754.546,2777.446,2754.338,2772.308,43067,159,0
2025-01-24 04:00:00,2772.28,2778.375,2770.527,2772.675,39117,159,0
2025-01-24 08:00:00,2772.716,2780.157,2770.006,2776.617,35648,159,0
2025-01-24 12:00:00,2776.713,2786.013,2773.723,2775.973,58254,159,0
2025-01-24 16:00:00,2775.918,2777.564,2769.894,2774.628,36592,159,0
2025-01-24 20:00:00,2774.643,2774.798,2770.448,2771.079,9537,159,0
2025-01-26 20:00:00,2765.65,2769.721,2765.185,2767.553,8224,159,0
2025-01-27 00:00:00,2767.554,2772.571,2753.871,2761.117,45557,159,0
2025-01-27 04:00:00,2761.066,2761.075,2747.189,2749.478,39635,159,0
2025-01-27 08:00:00,2749.436,2772.078,2749.291,2771.253,57103,159,0
2025-01-27 12:00:00,2771.3,2771.634,2739.499,2742.084,70842,159,0
2025-01-27 16:00:00,2742.052,2743.136,2730.452,2739.328,49981,159,0
2025-01-27 20:00:00,2739.353,2745.325,2738.147,2741.71,16483,159,0
2025-01-28 00:00:00,2741.743,2745.329,2737.815,2738.804,29949,159,0
2025-01-28 04:00:00,2738.798,2744.894,2738.33,2738.881,30122,159,0
2025-01-28 08:00:00,2738.91,2745.172,2734.762,2742.793,39153,159,0
2025-01-28 12:00:00,2742.709,2757.204,2741.156,2755.33,53966,159,0
2025-01-28 16:00:00,2755.325,2765.011,2755.222,2764.828,39709,159,0
2025-01-28 20:00:00,2764.788,2765.052,2762.362,2762.702,12389,159,0
2025-01-29 00:00:00,2762.7,2766.271,2762.26,2762.774,22887,159,0
2025-01-29 04:00:00,2762.766,2764.356,2757.414,2759.074,28873,159,0
2025-01-29 08:00:00,2759.118,2766.072,2757.008,2758.994,34803,159,0
2025-01-29 12:00:00,2758.956,2761.09,2748.2,2754.11,62037,159,0
2025-01-29 16:00:00,2754.15,2757.888,2744.729,2755.218,55320,159,0
2025-01-29 20:00:00,2755.18,2760.685,2752.745,2760.303,22811,159,0
2025-01-30 00:00:00,2760.243,2762.577,2758.925,2761.735,22101,159,0
2025-01-30 04:00:00,2761.699,2769.528,2758.633,2769.113,23832,159,0
2025-01-30 08:00:00,2769.133,2779.432,2768.322,2777.699,28256,159,0
2025-01-30 12:00:00,2777.686,2796.778,2776.065,2795.411,70540,159,0
2025-01-30 16:00:00,2795.388,2798.45,2788.797,2793.363,59755,159,0
2025-01-30 20:00:00,2793.343,2798.476,2790.749,2796.146,30203,159,0
2025-01-31 00:00:00,2796.183,2799.658,2794.41,2796.453,29054,159,0
2025-01-31 04:00:00,2796.412,2801.063,2792.132,2798.232,32329,159,0
2025-01-31 08:00:00,2798.205,2800.867,2791.0,2800.195,40739,159,0
2025-01-31 12:00:00,2800.165,2817.244,2799.977,2809.233,70268,159,0
2025-01-31 16:00:00,2809.129,2816.241,2795.25,2796.26,92416,159,0
2025-01-31 20:00:00,2796.303,2802.565,2794.082,2799.348,29746,159,0
2025-02-02 20:00:00,2801.018,2804.653,2784.367,2793.709,36959,159,0
2025-02-03 00:00:00,2793.726,2796.496,2772.115,2774.454,89227,159,0
2025-02-03 04:00:00,2774.457,2789.869,2774.192,2789.28,58327,159,0
2025-02-03 08:00:00,2789.32,2804.302,2786.965,2801.124,54554,159,0
2025-02-03 12:00:00,2801.169,2830.604,2800.426,2817.456,104377,159,0
2025-02-03 16:00:00,2817.423,2825.325,2812.768,2818.268,62725,159,0
2025-02-03 20:00:00,2818.242,2819.508,2811.888,2814.023,24035,159,0
2025-02-04 00:00:00,2813.985,2824.726,2812.65,2821.403,39722,159,0
2025-02-04 04:00:00,2821.321,2821.48,2807.172,2812.727,58078,159,0
2025-02-04 08:00:00,2812.775,2821.895,2810.17,2815.444,55787,159,0
2025-02-04 12:00:00,2815.448,2845.504,2814.445,2835.914,94011,159,0
2025-02-04 16:00:00,2835.855,2844.955,2832.438,2843.057,49585,159,0
2025-02-04 20:00:00,2843.092,2844.917,2840.386,2841.206,15908,159,0
2025-02-05 00:00:00,2841.26,2854.316,2839.698,2852.338,51976,159,0
2025-02-05 04:00:00,2852.334,2864.214,2851.866,2864.174,34127,159,0
2025-02-05 08:00:00,2864.133,2877.069,2863.53,2868.658,41011,159,0
2025-02-05 12:00:00,2868.613,2882.425,2858.598,2880.223,78935,159,0
2025-02-05 16:00:00,2880.263,2881.209,2862.652,2863.512,63126,159,0
2025-02-05 20:00:00,2863.486,2870.985,2859.882,2869.279,21968,159,0
2025-02-06 00:00:00,2869.272,2873.32,2863.675,2869.405,41836,159,0
2025-02-06 04:00:00,2869.355,2872.366,2855.002,2855.837,42982,159,0
2025-02-06 08:00:00,2855.798,2867.342,2848.904,2865.972,54670,159,0
2025-02-06 12:00:00,2865.966,2870.302,2834.056,2850.595,93107,159,0
2025-02-06 16:00:00,2850.555,2854.755,2848.038,2853.746,43811,159,0
2025-02-06 20:00:00,2853.791,2858.779,2853.575,2858.0,14642,159,0
2025-02-07 00:00:00,2857.994,2870.645,2857.713,2867.193,31242,159,0
2025-02-07 04:00:00,2867.153,2869.615,2858.947,2864.214,32296,159,0
2025-02-07 08:00:00,2864.268,2870.669,2863.225,2867.628,38741,159,0
2025-02-07 12:00:00,2867.673,2886.747,2852.393,2880.315,93640,159,0
2025-02-07 16:00:00,2880.353,2881.532,2853.334,2860.146,64311,159,0
2025-02-07 20:00:00,2860.103,2863.782,2859.371,2861.006,13949,159,0
2025-02-09 20:00:00,2861.269,2870.59,2860.092,2867.495,7930,159,0
2025-02-10 00:00:00,2867.539,2876.578,2865.83,2875.572,38130,159,0
2025-02-10 04:00:00,2875.54,2896.593,2874.327,2895.506,37828,159,0
2025-02-10 08:00:00,2895.483,2906.297,2892.213,2904.547,47958,159,0
2025-02-10 12:00:00,2904.539,2912.062,2896.29,2908.93,76260,159,0
2025-02-10 16:00:00,2908.977,2910.293,2896.632,2904.364,38444,159,0
2025-02-10 20:00:00,2904.369,2921.675,2902.88,2917.847,20762,159,0
2025-02-11 00:00:00,2917.894,2942.682,2905.454,2919.716,82275,159,0
2025-02-11 04:00:00,2919.751,2929.446,2907.124,2913.351,54625,159,0
2025-02-11 08:00:00,2913.279,2915.322,2901.864,2903.981,61705,159,0
2025-02-11 12:00:00,2904.016,2906.574,2881.733,2904.794,103946,159,0
2025-02-11 16:00:00,2904.834,2908.668,2899.562,2900.082,41907,159,0
2025-02-11 20:00:00,2900.085,2900.906,2894.018,2898.536,16714,159,0
2025-02-12 00:00:00,2898.562,2898.84,2883.76,2889.001,46603,159,0
2025-02-12 04:00:00,2888.998,2895.873,2883.668,2892.773,38269,159,0
2025-02-12 08:00:00,2892.813,2894.144,2879.317,2879.802,37653,159,0
2025-02-12 12:00:00,2879.811,2897.99,2864.107,2894.553,90508,159,0
2025-02-12 16:00:00,2894.513,2909.267,2892.079,2897.905,42572,159,0
2025-02-12 20:00:00,2897.936,2906.403,2895.517,2905.781,14220,159,0
2025-02-13 00:00:00,2905.756,2918.169,2901.454,2916.446,33812,159,0
2025-02-13 04:00:00,2916.498,2922.801,2912.531,2914.569,35234,159,0
2025-02-13 08:00:00,2914.607,2919.469,2909.431,2917.873,39545,159,0
2025-02-13 12:00:00,2917.909,2921.396,2905.793,2920.227,67582,159,0
2025-02-13 16:00:00,2920.266,2927.402,2912.887,2926.812,36613,159,0
2025-02-13 20:00:00,2926.825,2932.484,2924.879,2931.217,15369,159,0
2025-02-14 00:00:00,2931.192,2933.879,2923.164,2924.33,33502,159,0
2025-02-14 04:00:00,2924.295,2936.842,2923.698,2931.853,36392,159,0
2025-02-14 08:00:00,2931.81,2940.005,2929.246,2931.181,38898,159,0
2025-02-14 12:00:00,2931.136,2933.366,2892.899,2901.939,105497,159,0
2025-02-14 16:00:00,2901.827,2903.915,2878.691,2880.499,61604,159,0
2025-02-14 20:00:00,2880.468,2886.209,2876.991,2882.772,14431,159,0
2025-02-16 20:00:00,2893.643,2894.031,2878.43,2879.221,16153,159,0
2025-02-17 00:00:00,2879.254,2904.607,2879.254,2903.603,38078,159,0
2025-02-17 04:00:00,2903.553,2905.407,2888.211,2902.49,34877,159,0
2025-02-17 08:00:00,2902.51,2906.488,2895.044,2900.992,39916,159,0
2025-02-17 12:00:00,2900.962,2904.162,2895.45,2899.232,44377,159,0
2025-02-17 16:00:00,2899.31,2901.34,2896.544,2897.392,18271,159,0
2025-02-17 20:00:00,2899.102,2899.482,2897.109,2899.373,2068,159,0
2025-02-18 00:00:00,2899.325,2910.863,2892.003,2909.016,26508,159,0
2025-02-18 04:00:00,2908.996,2915.629,2907.173,2911.501,26148,159,0
2025-02-18 08:00:00,2911.61,2914.886,2907.052,2914.159,26193,159,0
2025-02-18 12:00:00,2914.21,2929.609,2912.054,2927.02,47599,159,0
2025-02-18 16:00:00,2926.986,2936.994,2924.186,2935.821,33104,159,0
2025-02-18 20:00:00,2935.832,2936.788,2932.393,2934.061,11051,159,0
2025-02-19 00:00:00,2934.059,2939.653,2924.081,2928.825,28834,159,0
2025-02-19 04:00:00,2928.828,2935.887,2926.487,2934.25,25000,159,0
2025-02-19 08:00:00,2934.21,2947.041,2933.718,2935.079,32734,159,0
2025-02-19 12:00:00,2935.059,2941.657,2925.498,2925.721,57311,159,0
2025-02-19 16:00:00,2925.729,2932.338,2918.591,2931.754,43501,159,0
2025-02-19 20:00:00,2931.715,2937.461,2931.292,2935.384,13382,159,0
2025-02-20 00:00:00,2935.386,2944.07,2933.852,2941.913,29391,159,0
2025-02-20 04:00:00,2941.933,2954.216,2939.267,2948.925,23341,159,0
2025-02-20 08:00:00,2948.955,2954.975,2947.163,2948.768,27933,159,0
2025-02-20 12:00:00,2948.743,2950.825,2924.123,2938.545,67762,159,0
2025-02-20 16:00:00,2938.503,2946.996,2933.528,2937.888,36463,159,0
2025-02-20 20:00:00,2938.034,2943.433,2935.521,2941.53,14002,159,0
2025-02-21 00:00:00,2941.57,2949.759,2926.286,2931.262,44500,159,0
2025-02-21 04:00:00,2931.262,2934.048,2924.186,2930.07,31269,159,0
2025-02-21 08:00:00,2930.032,2936.127,2916.682,2928.376,30972,159,0
2025-02-21 12:00:00,2928.411,2939.091,2921.588,2928.696,53684,159,0
2025-02-21 16:00:00,2928.67,2942.804,2927.325,2933.398,33450,159,0
2025-02-21 20:00:00,2933.374,2938.227,2932.144,2936.453,11753,159,0
2025-02-23 20:00:00,2939.411,2940.553,2936.426,2936.867,6023,159,0
2025-02-24 00:00:00,2936.863,2944.781,2921.316,2941.104,51148,159,0
2025-02-24 04:00:00,2941.133,2944.985,2935.211,2943.809,29734,159,0
2025-02-24 08:00:00,2943.85,2948.737,2934.892,2947.786,29253,159,0
2025-02-24 12:00:00,2947.709,2956.199,2930.694,2936.524,55926,159,0
2025-02-24 16:00:00,2936.5,2949.904,2936.466,2949.159,30391,159,0
2025-02-24 20:00:00,2949.214,2953.91,2947.038,2949.996,13653,159,0
2025-02-25 00:00:00,2949.957,2952.552,2937.51,2939.513,29861,159,0
2025-02-25 04:00:00,2939.564,2940.964,2930.471,2931.736,28634,159,0
2025-02-25 08:00:00,2931.762,2942.431,2929.488,2938.626,28492,159,0
2025-02-25 12:00:00,2938.68,2944.949,2900.498,2905.866,85080,159,0
2025-02-25 16:00:00,2905.892,2913.899,2888.229,2912.051,56264,159,0
2025-02-25 20:00:00,2912.074,2919.051,2910.817,2918.604,16569,159,0
2025-02-26 00:00:00,2918.637,2930.141,2914.799,2917.295,31081,159,0
2025-02-26 04:00:00,2917.264,2921.014,2905.809,2915.529,27048,159,0
2025-02-26 08:00:00,2915.504,2918.965,2909.518,2913.815,27349,159,0
2025-02-26 12:00:00,2913.772,2915.471,2890.669,2913.199,61057,159,0
2025-02-26 16:00:00,2913.239,2916.692,2909.9,2913.934,33452,159,0
2025-02-26 20:00:00,2913.921,2920.791,2911.996,2919.118,12471,159,0
2025-02-27 00:00:00,2919.176,2919.176,2904.352,2905.729,29362,159,0
2025-02-27 04:00:00,2905.768,2906.555,2887.924,2891.988,43198,159,0
2025-02-27 08:00:00,2891.944,2894.991,2876.95,2883.945,43556,159,0
2025-02-27 12:00:00,2884.054,2892.452,2867.74,2872.362,87037,159,0
2025-02-27 16:00:00,2872.392,2887.717,2871.809,2879.21,41243,159,0
2025-02-27 20:00:00,2879.248,2879.329,2871.325,2876.063,21650,159,0
2025-02-28 00:00:00,2876.069,2885.034,2863.706,2865.751,38144,159,0
2025-02-28 04:00:00,2865.731,2866.996,2856.942,2858.678,40365,159,0
2025-02-28 08:00:00,2858.639,2864.852,2851.048,2862.174,31885,159,0
2025-02-28 12:00:00,2862.216,2864.99,2832.578,2850.192,74829,159,0
2025-02-28 16:00:00,2850.22,2853.908,2838.076,2849.636,46158,159,0
2025-02-28 20:00:00,2849.606,2859.671,2847.79,2858.314,13084,159,0
2025-03-02 20:00:00,2873.556,2876.984,2864.016,2870.799,14057,159,0
2025-03-03 00:00:00,2870.866,2872.055,2859.251,2864.778,36223,159,0
2025-03-03 04:00:00,2864.85,2868.54,2860.093,2863.208,24757,159,0
2025-03-03 08:00:00,2863.252,2875.413,2858.83,2874.402,30804,159,0
2025-03-03 12:00:00,2874.381,2890.54,2868.858,2887.771,55021,159,0
2025-03-03 16:00:00,2887.862,2893.106,2879.723,2881.612,37537,159,0
2025-03-03 20:00:00,2881.655,2895.267,2878.312,2890.886,21234,159,0
2025-03-04 00:00:00,2890.863,2893.734,2881.944,2888.606,30458,159,0
2025-03-04 04:00:00,2888.57,2901.48,2884.391,2899.923,29102,159,0
2025-03-04 08:00:00,2899.908,2921.773,2896.758,2919.932,38802,159,0
2025-03-04 12:00:00,2920.02,2927.891,2900.354,2906.102,70863,159,0
2025-03-04 16:00:00,2906.087,2916.501,2903.694,2916.087,37222,159,0
2025-03-04 20:00:00,2916.044,2920.523,2913.269,2914.363,16642,159,0
2025-03-05 00:00:00,2914.36,2917.157,2902.124,2908.743,42879,159,0
2025-03-05 04:00:00,2908.714,2921.627,2908.576,2917.989,30895,159,0
2025-03-05 08:00:00,2917.947,2922.528,2909.01,2913.218,38005,159,0
2025-03-05 12:00:00,2913.278,2923.808,2894.294,2917.197,87401,159,0
2025-03-05 16:00:00,2917.157,2930.042,2911.226,2920.551,51486,159,0
2025-03-05 20:00:00,2920.512,2923.143,2916.711,2918.236,14164,159,0
2025-03-06 00:00:00,2918.237,2926.584,2915.899,2921.261,26123,159,0
2025-03-06 04:00:00,2921.227,2923.073,2909.757,2910.147,30568,159,0
2025-03-06 08:00:00,2910.18,2911.53,2891.159,2905.714,49704,159,0
2025-03-06 12:00:00,2905.76,2922.764,2899.238,2914.497,71000,159,0
2025-03-06 16:00:00,2914.53,2921.403,2912.337,2914.04,38740,159,0
2025-03-06 20:00:00,2914.013,2916.625,2908.373,2910.359,16926,159,0
2025-03-07 00:00:00,2910.292,2910.326,2896.597,2905.314,47730,159,0
2025-03-07 04:00:00,2905.285,2917.279,2904.747,2917.098,31894,159,0
2025-03-07 08:00:00,2917.138,2923.007,2915.243,2918.7,34239,159,0
2025-03-07 12:00:00,2918.796,2930.525,2903.57,2915.819,90278,159,0
2025-03-07 16:00:00,2915.783,2919.423,2901.86,2905.229,57852,159,0
2025-03-07 20:00:00,2905.199,2912.633,2904.716,2911.256,10900,159,0
2025-03-09 20:00:00,2912.347,2917.051,2909.626,2916.187,10308,159,0
2025-03-10 00:00:00,2916.19,2918.312,2908.128,2910.943,35686,159,0
2025-03-10 04:00:00,2910.982,2915.429,2904.333,2908.444,27477,159,0
2025-03-10 08:00:00,2908.371,2915.472,2895.606,2904.027,51408,159,0
2025-03-10 12:00:00,2904.029,2910.619,2897.684,2904.458,77958,159,0
2025-03-10 16:00:00,2904.489,2906.881,2880.192,2885.436,55171,159,0
2025-03-10 20:00:00,2885.467,2890.163,2882.332,2884.685,12050,159,0
2025-03-11 00:00:00,2884.724,2900.497,2880.093,2896.91,37565,159,0
2025-03-11 04:00:00,2896.91,2903.557,2892.752,2901.009,30257,159,0
2025-03-11 08:00:00,2901.052,2915.464,2900.416,2913.668,28227,159,0
2025-03-11 12:00:00,2913.651,2922.232,2906.861,2916.875,56718,159,0
2025-03-11 16:00:00,2916.833,2921.385,2914.071,2918.403,28473,159,0
2025-03-11 20:00:00,2918.365,2919.6,2914.414,2915.551,9975,159,0
2025-03-12 00:00:00,2915.589,2920.02,2910.835,2914.941,23681,159,0
2025-03-12 04:00:00,2914.977,2921.121,2908.904,2914.462,28215,159,0
2025-03-12 08:00:00,2914.499,2925.372,2912.638,2915.304,32527,159,0
2025-03-12 12:00:00,2915.308,2929.444,2905.97,2928.355,66347,159,0
2025-03-12 16:00:00,2928.457,2940.574,2927.89,2931.322,40107,159,0
2025-03-12 20:00:00,2931.289,2939.353,2930.831,2938.039,11196,159,0
2025-03-13 00:00:00,2938.025,2947.123,2936.483,2945.636,24253,159,0
2025-03-13 04:00:00,2945.601,2946.17,2932.895,2935.294,25470,159,0
2025-03-13 08:00:00,2935.252,2948.859,2934.764,2946.333,27201,159,0
2025-03-13 12:00:00,2946.36,2978.486,2938.935,2977.772,73306,159,0
2025-03-13 16:00:00,2977.797,2985.474,2976.33,2982.946,44813,159,0
2025-03-13 20:00:00,2982.973,2989.943,2981.256,2986.435,12990,159,0
2025-03-14 00:00:00,2986.473,2992.96,2981.693,2992.631,34465,159,0
2025-03-14 04:00:00,2992.597,2993.928,2980.819,2986.892,29276,159,0
2025-03-14 08:00:00,2986.921,3004.92,2985.183,2993.503,36501,159,0
2025-03-14 12:00:00,2993.477,2999.634,2978.396,2984.607,69262,159,0
2025-03-14 16:00:00,2984.569,2990.43,2982.165,2984.006,27433,159,0
2025-03-14 20:00:00,2983.985,2988.812,2981.705,2986.37,3476,159,0
2025-03-16 20:00:00,2987.601,2994.118,2986.054,2990.061,7875,159,0
2025-03-17 00:00:00,2989.965,2993.091,2985.22,2986.917,24454,159,0
2025-03-17 04:00:00,2986.943,2990.745,2982.158,2985.538,19495,159,0
2025-03-17 08:00:00,2985.506,3001.217,2983.053,2997.475,22027,159,0
2025-03-17 12:00:00,2997.515,3000.512,2984.718,2997.115,52986,159,0
2025-03-17 16:00:00,2997.169,3000.838,2993.027,3000.173,23545,159,0
2025-03-17 20:00:00,3000.245,3002.8,2999.583,2999.831,7167,159,0
2025-03-18 00:00:00,2999.803,3015.054,2999.49,3011.333,28103,159,0
2025-03-18 04:00:00,3011.34,3018.955,3006.066,3016.391,26834,159,0
2025-03-18 08:00:00,3016.44,3029.533,3016.321,3026.839,28701,159,0
2025-03-18 12:00:00,3026.842,3038.334,3024.72,3031.758,60235,159,0
2025-03-18 16:00:00,3031.719,3037.935,3029.777,3035.615,26593,159,0
2025-03-18 20:00:00,3035.643,3035.971,3031.512,3031.774,7887,159,0
2025-03-19 00:00:00,3031.801,3039.029,3027.32,3036.325,20243,159,0
2025-03-19 04:00:00,3036.291,3045.353,3034.256,3035.896,31340,159,0
2025-03-19 08:00:00,3035.949,3039.949,3022.738,3038.946,28223,159,0
2025-03-19 12:00:00,3038.955,3041.155,3025.845,3031.458,42485,159,0
2025-03-19 16:00:00,3031.482,3051.945,3029.368,3047.858,44176,159,0
2025-03-19 20:00:00,3047.818,3051.335,3044.205,3050.026,10358,159,0
2025-03-20 00:00:00,3050.023,3056.173,3045.018,3049.964,34917,159,0
2025-03-20 04:00:00,3050.068,3057.484,3041.78,3042.268,32572,159,0
2025-03-20 08:00:00,3042.229,3046.258,3025.619,3034.433,40456,159,0
2025-03-20 12:00:00,3034.467,3042.329,3029.883,3040.765,50241,159,0
2025-03-20 16:00:00,3040.802,3046.094,3033.884,3044.602,28158,159,0
2025-03-20 20:00:00,3044.561,3046.606,3043.518,3046.409,7017,159,0
2025-03-21 00:00:00,3046.335,3047.435,3029.974,3030.585,25599,159,0
2025-03-21 04:00:00,3030.539,3033.939,3021.553,3031.927,27906,159,0
2025-03-21 08:00:00,3032.025,3037.659,3027.084,3034.332,28006,159,0
2025-03-21 12:00:00,3034.359,3038.128,2999.411,3011.072,78196,159,0
2025-03-21 16:00:00,3011.037,3022.022,3010.66,3020.001,30182,159,0
2025-03-21 20:00:00,3020.037,3024.274,3019.974,3023.493,3773,160,0
2025-03-23 20:00:00,3023.441,3026.293,3022.143,3024.721,6799,159,0
2025-03-24 00:00:00,3024.709,3025.648,3013.646,3016.959,31914,159,0
2025-03-24 04:00:00,3017.0,3028.904,3016.524,3022.361,24561,159,0
2025-03-24 08:00:00,3022.329,3033.208,3021.839,3024.642,29512,159,0
2025-03-24 12:00:00,3024.602,3028.651,3005.746,3014.036,51270,159,0
2025-03-24 16:00:00,3013.997,3015.662,3002.438,3006.133,30543,159,0
2025-03-24 20:00:00,3006.096,3014.58,3005.559,3009.91,8746,159,0
2025-03-25 00:00:00,3009.945,3016.222,3007.492,3015.248,21495,159,0
2025-03-25 04:00:00,3015.284,3021.009,3010.521,3011.13,20145,159,0
2025-03-25 08:00:00,3011.151,3026.436,3010.681,3020.775,25565,159,0
2025-03-25 12:00:00,3020.738,3035.942,3014.132,3021.561,51485,159,0
2025-03-25 16:00:00,3021.592,3025.544,3017.721,3019.59,23126,159,0
2025-03-25 20:00:00,3019.616,3022.462,3018.832,3021.041,6380,159,0
2025-03-26 00:00:00,3021.037,3027.109,3016.386,3017.616,26420,159,0
2025-03-26 04:00:00,3017.542,3030.788,3013.218,3030.471,24923,159,0
2025-03-26 08:00:00,3030.509,3032.042,3016.886,3027.584,26113,159,0
2025-03-26 12:00:00,3027.54,3029.958,3012.325,3015.878,41814,159,0
2025-03-26 16:00:00,3015.911,3020.861,3015.158,3017.342,23330,159,0
2025-03-26 20:00:00,3017.367,3021.855,3017.155,3021.623,11617,159,0
2025-03-27 00:00:00,3021.563,3034.286,3021.522,3033.568,26123,159,0
2025-03-27 04:00:00,3033.604,3038.61,3026.701,3035.85,32021,159,0
2025-03-27 08:00:00,3035.86,3055.898,3033.759,3054.566,37283,159,0
2025-03-27 12:00:00,3054.548,3059.819,3033.403,3052.206,72124,159,0
2025-03-27 16:00:00,3052.11,3057.852,3047.789,3057.468,33133,159,0
2025-03-27 20:00:00,3057.438,3057.637,3054.163,3055.71,8357,159,0
2025-03-28 00:00:00,3055.726,3077.57,3054.998,3075.275,35005,159,0
2025-03-28 04:00:00,3075.25,3086.017,3072.446,3079.348,29580,159,0
2025-03-28 08:00:00,3079.302,3081.245,3066.167,3076.369,31364,159,0
2025-03-28 12:00:00,3076.344,3086.803,3067.255,3083.741,80610,159,0
2025-03-28 16:00:00,3083.695,3086.742,3073.488,3080.734,32788,159,0
2025-03-28 20:00:00,3080.762,3085.955,3080.762,3085.002,4573,159,0
2025-03-30 20:00:00,3092.531,3097.884,3087.793,3089.213,13269,159,0
2025-03-31 00:00:00,3089.159,3111.671,3076.834,3107.138,59088,159,0
2025-03-31 04:00:00,3107.072,3128.165,3105.913,3124.523,47520,159,0
2025-03-31 08:00:00,3124.477,3127.156,3111.82,3119.48,38658,159,0
2025-03-31 12:00:00,3119.471,3127.236,3099.753,3113.807,89005,159,0
2025-03-31 16:00:00,3113.847,3124.613,3111.637,3124.36,32508,159,0
2025-03-31 20:00:00,3124.32,3126.447,3120.051,3120.581,9930,159,0
2025-04-01 00:00:00,3120.576,3147.4,3120.227,3146.028,49722,159,0
2025-04-01 04:00:00,3145.99,3149.03,3124.073,3127.638,55651,159,0
2025-04-01 08:00:00,3127.594,3138.997,3126.392,3130.319,35904,159,0
2025-04-01 12:00:00,3130.354,3137.058,3113.376,3113.725,73379,159,0
2025-04-01 16:00:00,3113.69,3119.013,3100.761,3118.723,45273,159,0
2025-04-01 20:00:00,3118.681,3120.847,3107.742,3115.168,12610,159,0
2025-04-02 00:00:00,3115.16,3135.703,3112.97,3125.489,43335,159,0
2025-04-02 04:00:00,3125.458,3126.779,3108.623,3125.314,37982,159,0
2025-04-02 08:00:00,3125.275,3133.878,3110.096,3121.23,40405,159,0
2025-04-02 12:00:00,3121.242,3132.209,3116.597,3125.883,57534,159,0
2025-04-02 16:00:00,3125.871,3134.369,3118.666,3124.383,35017,159,0
2025-04-02 20:00:00,3124.319,3167.792,3104.723,3162.709,105357,159,0
2025-04-03 00:00:00,3162.602,3164.812,3140.717,3148.066,100898,159,0
2025-04-03 04:00:00,3148.02,3149.688,3116.392,3128.957,76156,159,0
2025-04-03 08:00:00,3129.011,3132.019,3085.091,3093.188,87764,159,0
2025-04-03 12:00:00,3093.193,3135.594,3054.052,3110.521,168262,159,0
2025-04-03 16:00:00,3110.556,3114.282,3099.949,3107.593,47743,159,0
2025-04-03 20:00:00,3107.567,3119.962,3107.2,3112.884,17522,159,0
2025-04-04 00:00:00,3112.908,3115.805,3086.989,3098.409,53613,159,0
2025-04-04 04:00:00,3098.435,3109.96,3091.993,3092.85,50031,159,0
2025-04-04 08:00:00,3092.883,3136.756,3078.42,3110.242,109457,159,0
2025-04-04 12:00:00,3110.248,3111.885,3016.939,3021.951,204548,159,0
2025-04-04 16:00:00,3021.908,3040.922,3015.556,3036.427,89736,159,0
2025-04-04 20:00:00,3036.464,3040.914,3033.824,3038.506,9025,159,0
2025-04-06 20:00:00,3028.686,3032.445,2977.024,2999.944,46332,159,0
2025-04-07 00:00:00,2999.954,3055.804,2970.689,3018.922,169979,159,0
2025-04-07 04:00:00,3018.949,3044.629,3013.2,3018.569,101742,159,0
2025-04-07 08:00:00,3018.533,3046.148,3017.652,3031.27,90853,159,0
2025-04-07 12:00:00,3031.296,3038.016,2979.808,2987.558,204974,159,0
2025-04-07 16:00:00,2987.526,2987.863,2956.37,2976.636,94642,159,0
2025-04-07 20:00:00,2976.59,2988.679,2969.871,2981.328,22732,159,0
2025-04-08 00:00:00,2981.363,3004.844,2980.297,2994.741,69728,159,0
2025-04-08 04:00:00,2994.716,3015.779,2990.88,3003.607,62745,159,0
2025-04-08 08:00:00,3003.579,3019.502,2994.793,3017.379,42634,159,0
2025-04-08 12:00:00,3017.467,3022.746,3001.241,3001.545,79264,159,0
2025-04-08 16:00:00,3001.596,3001.596,2974.627,2984.959,56786,159,0
2025-04-08 20:00:00,2984.996,2990.846,2969.978,2978.321,21841,159,0
2025-04-09 00:00:00,2978.367,3011.286,2972.477,3004.464,78625,159,0
2025-04-09 04:00:00,3004.464,3052.373,2999.507,3041.091,76723,159,0
2025-04-09 08:00:00,3041.05,3068.139,3036.074,3066.596,65681,159,0
2025-04-09 12:00:00,3066.648,3087.778,3042.626,3086.288,100087,159,0
2025-04-09 16:00:00,3086.33,3099.689,3048.521,3093.574,110007,159,0
2025-04-09 20:00:00,3093.616,3095.551,3071.488,3086.784,26812,159,0
2025-04-10 00:00:00,3086.745,3131.834,3078.417,3125.406,77870,159,0
2025-04-10 04:00:00,3125.386,3132.57,3106.623,3108.703,49302,159,0
2025-04-10 08:00:00,3108.704,3125.678,3103.182,3124.648,48185,159,0
2025-04-10 12:00:00,3124.677,3174.993,3116.011,3157.924,100357,159,0
2025-04-10 16:00:00,3157.95,3176.417,3151.542,3170.773,59542,159,0
2025-04-10 20:00:00,3170.749,3191.324,3168.437,3188.972,23626,159,0
2025-04-11 00:00:00,3188.993,3220.133,3184.855,3217.686,85457,159,0
2025-04-11 04:00:00,3217.693,3219.24,3187.153,3212.415,73474,159,0
2025-04-11 08:00:00,3212.43,3237.84,3208.468,3213.872,73672,159,0
2025-04-11 12:00:00,3213.91,3244.113,3211.033,3240.577,97020,159,0
2025-04-11 16:00:00,3240.602,3245.436,3219.561,3231.084,48856,159,0
2025-04-11 20:00:00,3231.057,3238.974,3230.864,3237.519,5138,159,0
2025-04-13 20:00:00,3220.46,3224.786,3213.589,3223.733,19689,159,0
2025-04-14 00:00:00,3223.699,3245.757,3215.391,3232.39,54649,159,0
2025-04-14 04:00:00,3232.445,3238.126,3221.386,3228.013,39551,159,0
2025-04-14 08:00:00,3227.973,3231.749,3206.325,3223.359,51874,159,0
2025-04-14 12:00:00,3223.332,3227.712,3193.552,3198.051,74678,159,0
2025-04-14 16:00:00,3198.089,3216.602,3197.671,3212.699,32613,159,0
2025-04-14 20:00:00,3212.745,3215.246,3207.348,3212.626,11435,159,0
2025-04-15 00:00:00,3212.601,3228.966,3209.977,3228.304,34923,159,0
2025-04-15 04:00:00,3228.345,3232.704,3217.388,3225.671,31296,159,0
2025-04-15 08:00:00,3225.623,3232.171,3216.776,3220.164,31510,159,0
2025-04-15 12:00:00,3220.192,3226.861,3211.627,3221.371,47739,159,0
2025-04-15 16:00:00,3221.394,3231.877,3219.487,3229.793,21564,159,0
2025-04-15 20:00:00,3229.861,3251.788,3226.494,3251.78,17844,159,0
2025-04-16 00:00:00,3251.804,3281.75,3251.59,3281.401,54585,159,0
2025-04-16 04:00:00,3281.401,3300.663,3269.333,3300.482,44840,159,0
2025-04-16 08:00:00,3300.386,3317.821,3288.588,3306.842,58274,159,0
2025-04-16 12:00:00,3306.798,3328.128,3296.838,3325.328,72967,159,0
2025-04-16 16:00:00,3325.22,3342.456,3321.409,3336.694,42358,159,0
2025-04-16 20:00:00,3336.72,3357.779,3334.437,3350.133,22450,159,0
2025-04-17 00:00:00,3350.168,3356.281,3320.801,3344.529,75060,159,0
2025-04-17 04:00:00,3344.49,3345.398,3314.279,3323.323,51776,159,0
2025-04-17 08:00:00,3323.36,3334.172,3312.657,3327.371,39135,159,0
2025-04-17 12:00:00,3327.322,3342.361,3283.822,3296.431,99854,159,0
2025-04-17 16:00:00,3296.335,3322.519,3294.904,3320.746,37835,159,0
2025-04-17 20:00:00,3320.691,3328.879,3317.983,3327.671,5313,159,0
2025-04-20 20:00:00,3331.849,3353.102,3331.315,3348.078,23727,159,0
2025-04-21 00:00:00,3348.119,3385.27,3347.487,3382.472,60014,159,0
2025-04-21 04:00:00,3382.465,3396.017,3369.552,3385.082,45539,159,0
2025-04-21 08:00:00,3385.031,3405.924,3383.647,3404.443,38876,159,0
2025-04-21 12:00:00,3404.535,3430.24,3398.008,3422.941,84775,159,0
2025-04-21 16:00:00,3422.897,3430.547,3406.013,3423.431,40367,159,0
2025-04-21 20:00:00,3423.458,3444.267,3419.628,3434.548,26903,159,0
2025-04-22 00:00:00,3434.524,3494.771,3412.18,3487.777,94794,159,0
2025-04-22 04:00:00,3487.894,3500.094,3460.861,3468.67,92250,159,0
2025-04-22 08:00:00,3468.706,3472.714,3443.128,3456.705,68553,159,0
2025-04-22 12:00:00,3456.706,3464.803,3408.591,3417.721,127180,159,0
2025-04-22 16:00:00,3417.678,3421.075,3366.727,3374.789,110338,159,0
2025-04-22 20:00:00,3374.818,3382.727,3315.828,3336.561,54306,159,0
2025-04-23 00:00:00,3336.535,3386.661,3329.203,3338.878,114747,159,0
2025-04-23 04:00:00,3338.956,3349.383,3291.789,3319.13,91470,159,0
2025-04-23 08:00:00,3319.185,3340.587,3305.439,3324.594,58689,159,0
2025-04-23 12:00:00,3324.677,3333.343,3260.042,3280.352,150648,159,0
2025-04-23 16:00:00,3280.386,3305.588,3277.835,3293.86,55644,159,0
2025-04-23 20:00:00,3293.943,3316.882,3283.929,3316.383,23677,159,0
2025-04-24 00:00:00,3316.351,3367.546,3313.286,3327.074,97914,159,0
2025-04-24 04:00:00,3326.961,3339.808,3314.769,3333.586,61352,159,0
2025-04-24 08:00:00,3333.791,3343.988,3325.428,3336.917,44770,159,0
2025-04-24 12:00:00,3336.948,3344.719,3306.739,3329.391,84305,159,0
2025-04-24 16:00:00,3329.365,3347.026,3322.437,3342.226,35427,159,0
2025-04-24 20:00:00,3342.266,3370.789,3338.128,3348.976,26742,159,0
2025-04-25 00:00:00,3348.951,3363.157,3322.643,3323.655,58400,159,0
2025-04-25 04:00:00,3323.681,3327.821,3287.012,3307.449,81175,159,0
2025-04-25 08:00:00,3307.408,3308.772,3287.911,3293.455,49096,159,0
2025-04-25 12:00:00,3293.426,3303.054,3265.063,3282.883,88062,159,0
2025-04-25 16:00:00,3282.882,3312.406,3280.359,3304.818,37002,159,0
2025-04-25 20:00:00,3304.856,3319.24,3304.569,3318.798,7491,159,0
2025-04-27 20:00:00,3325.64,3330.215,3298.606,3302.739,25711,159,0
2025-04-28 00:00:00,3302.791,3315.965,3268.077,3290.902,77602,159,0
2025-04-28 04:00:00,3290.894,3301.054,3277.689,3287.452,46426,159,0
2025-04-28 08:00:00,3287.401,3297.183,3273.284,3294.176,38872,159,0
2025-04-28 12:00:00,3294.297,3336.044,3286.823,3325.005,78596,159,0
2025-04-28 16:00:00,3325.05,3352.993,3324.496,3352.076,41058,159,0
2025-04-28 20:00:00,3352.107,3352.376,3332.321,3337.682,24102,159,0
2025-04-29 00:00:00,3337.643,3340.035,3308.016,3316.03,59174,159,0
2025-04-29 04:00:00,3316.057,3323.895,3305.084,3323.042,39265,159,0
2025-04-29 08:00:00,3323.066,3324.923,3306.159,3309.373,33235,159,0
2025-04-29 12:00:00,3309.32,3321.327,3299.649,3312.455,75129,159,0
2025-04-29 16:00:00,3312.477,3330.004,3312.184,3320.535,35028,159,0
2025-04-29 20:00:00,3320.51,3323.522,3310.949,3317.122,15569,159,0
2025-04-30 00:00:00,3317.122,3327.982,3303.782,3304.753,43037,159,0
2025-04-30 04:00:00,3304.765,3314.67,3301.313,3307.203,31529,159,0
2025-04-30 08:00:00,3307.242,3307.739,3268.278,3272.319,49586,159,0
2025-04-30 12:00:00,3272.307,3319.783,3266.901,3307.955,103156,159,0
2025-04-30 16:00:00,3308.02,3314.279,3292.112,3295.883,38612,159,0
2025-04-30 20:00:00,3295.858,3297.987,3269.738,3272.887,31947,159,0
2025-05-01 00:00:00,3272.922,3276.326,3228.894,3229.493,75317,159,0
2025-05-01 04:00:00,3229.496,3243.149,3221.228,3230.192,51902,159,0
2025-05-01 08:00:00,3230.149,3236.728,3203.334,3205.502,41255,159,0
2025-05-01 12:00:00,3205.465,3233.32,3201.862,3216.448,92434,159,0
2025-05-01 16:00:00,3216.437,3229.732,3208.917,3228.25,35979,159,0
2025-05-01 20:00:00,3228.223,3243.531,3228.039,3237.253,21890,159,0
2025-05-02 00:00:00,3237.291,3258.758,3227.533,3254.916,44975,159,0
2025-05-02 04:00:00,3255.02,3263.343,3246.329,3258.895,36597,159,0
2025-05-02 08:00:00,3258.92,3269.242,3255.161,3262.698,36528,159,0
2025-05-02 12:00:00,3262.674,3264.903,3230.262,3231.601,100305,159,0
2025-05-02 16:00:00,3231.604,3239.868,3222.721,3233.555,56229,159,0
2025-05-02 20:00:00,3233.581,3241.232,3232.656,3240.947,5901,159,0
2025-05-04 20:00:00,3238.49,3252.3,3237.494,3247.931,17244,159,0
2025-05-05 00:00:00,3247.986,3272.427,3241.18,3254.585,48304,159,0
2025-05-05 04:00:00,3254.517,3267.748,3253.616,3264.76,37528,159,0
2025-05-05 08:00:00,3264.797,3318.985,3263.06,3312.919,52987,159,0
2025-05-05 12:00:00,3312.801,3328.838,3309.006,3312.065,65114,159,0
2025-05-05 16:00:00,3312.028,3337.673,3305.577,3328.793,40016,159,0
2025-05-05 20:00:00,3328.76,3338.019,3327.401,3334.031,19368,159,0
2025-05-06 00:00:00,3334.038,3387.099,3323.211,3360.401,97757,159,0
2025-05-06 04:00:00,3360.331,3379.589,3350.152,3371.2,54141,159,0
2025-05-06 08:00:00,3371.313,3385.089,3368.547,3379.104,44809,159,0
2025-05-06 12:00:00,3379.2,3399.87,3373.128,3395.098,72685,159,0
2025-05-06 16:00:00,3395.083,3424.094,3394.673,3423.168,41766,159,0
2025-05-06 20:00:00,3423.139,3435.016,3376.84,3400.68,64751,159,0
2025-05-07 00:00:00,3400.723,3401.666,3360.068,3375.541,99006,159,0
2025-05-07 04:00:00,3375.519,3397.425,3374.962,3388.016,46206,159,0
2025-05-07 08:00:00,3387.971,3393.375,3369.161,3387.083,45574,159,0
2025-05-07 12:00:00,3387.055,3398.139,3375.662,3385.27,69140,159,0
2025-05-07 16:00:00,3385.224,3398.001,3363.751,3371.904,75749,159,0
2025-05-07 20:00:00,3371.968,3377.185,3363.733,3376.488,21268,159,0
2025-05-08 00:00:00,3376.515,3414.851,3373.803,3396.864,65621,159,0
2025-05-08 04:00:00,3396.839,3399.39,3320.199,3342.884,92259,159,0
2025-05-08 08:00:00,3342.882,3346.695,3330.39,3344.381,46423,159,0
2025-05-08 12:00:00,3344.311,3369.602,3326.804,3330.509,86827,159,0
2025-05-08 16:00:00,3330.47,3330.47,3288.697,3306.384,70120,159,0
2025-05-08 20:00:00,3306.434,3324.049,3303.857,3316.412,25703,159,0
2025-05-09 00:00:00,3316.448,3323.138,3274.676,3308.106,80850,159,0
2025-05-09 04:00:00,3308.099,3332.264,3308.099,3327.101,49737,159,0
2025-05-09 08:00:00,3327.154,3338.323,3320.251,3332.964,39034,159,0
2025-05-09 12:00:00,3333.066,3346.044,3320.298,3345.064,63245,159,0
2025-05-09 16:00:00,3345.096,3347.556,3325.441,3328.802,32116,159,0
2025-05-09 20:00:00,3328.76,3330.295,3325.142,3326.805,5111,159,0
2025-05-11 20:00:00,3282.255,3292.619,3265.847,3287.534,32363,159,0
2025-05-12 00:00:00,3287.506,3289.998,3258.751,3283.25,77769,159,0
2025-05-12 04:00:00,3283.214,3283.662,3216.102,3222.647,85427,159,0
2025-05-12 08:00:00,3222.718,3234.462,3207.693,3224.862,80106,159,0
2025-05-12 12:00:00,3224.822,3248.642,3220.31,3239.262,95241,159,0
2025-05-12 16:00:00,3239.237,3240.112,3220.295,3235.394,41760,159,0
2025-05-12 20:00:00,3235.355,3241.807,3229.864,3236.88,18047,159,0
2025-05-13 00:00:00,3236.906,3243.423,3215.87,3236.743,57775,159,0
2025-05-13 04:00:00,3236.719,3265.659,3234.925,3259.098,44371,159,0
2025-05-13 08:00:00,3259.139,3261.284,3248.781,3249.167,34799,159,0
2025-05-13 12:00:00,3249.139,3255.899,3225.476,3253.325,82195,159,0
2025-05-13 16:00:00,3253.293,3257.818,3242.016,3249.324,30773,159,0
2025-05-13 20:00:00,3249.355,3257.165,3248.043,3254.414,12937,159,0
2025-05-14 00:00:00,3254.388,3254.646,3226.212,3228.366,52404,159,0
2025-05-14 04:00:00,3228.405,3238.874,3221.57,3238.085,42165,159,0
2025-05-14 08:00:00,3237.99,3243.897,3219.436,3220.132,45656,159,0
2025-05-14 12:00:00,3220.142,3222.52,3174.875,3182.674,111510,159,0
2025-05-14 16:00:00,3182.632,3190.924,3167.97,3180.587,45334,159,0
2025-05-14 20:00:00,3180.613,3187.296,3177.012,3186.128,15017,159,0
2025-05-15 00:00:00,3186.011,3192.72,3148.326,3150.594,57305,159,0
2025-05-15 04:00:00,3150.546,3153.903,3120.681,3142.318,65012,159,0
2025-05-15 08:00:00,3142.244,3180.019,3139.065,3179.18,47745,159,0
2025-05-15 12:00:00,3179.141,3220.088,3177.53,3219.74,80382,159,0
2025-05-15 16:00:00,3219.78,3232.731,3215.873,3232.006,33585,159,0
2025-05-15 20:00:00,3231.973,3252.105,3231.094,3237.15,26802,159,0
2025-05-16 00:00:00,3237.175,3244.615,3206.53,3211.889,66258,159,0
2025-05-16 04:00:00,3211.969,3231.343,3205.384,3207.667,48074,159,0
2025-05-16 08:00:00,3207.572,3212.954,3154.289,3163.124,62695,159,0
2025-05-16 12:00:00,3163.22,3188.606,3154.853,3183.479,93435,159,0
2025-05-16 16:00:00,3183.536,3195.802,3180.432,3192.615,33997,159,0
2025-05-16 20:00:00,3192.583,3202.954,3192.128,3202.214,8672,159,0
2025-05-18 20:00:00,3214.226,3245.227,3211.674,3234.91,28665,159,0
2025-05-19 00:00:00,3234.947,3249.812,3208.04,3212.27,68456,159,0
2025-05-19 04:00:00,3212.264,3234.637,3206.584,3232.349,46951,159,0
2025-05-19 08:00:00,3232.399,3248.559,3230.011,3243.82,40214,159,0
2025-05-19 12:00:00,3243.817,3244.495,3217.216,3231.662,67467,159,0
2025-05-19 16:00:00,3231.615,3235.866,3225.166,3233.01,28970,159,0
2025-05-19 20:00:00,3233.056,3233.812,3219.097,3222.532,14901,159,0
2025-05-20 00:00:00,3222.561,3232.778,3204.521,3211.407,51976,159,0
2025-05-20 04:00:00,3211.394,3225.43,3207.946,3222.843,40495,159,0
2025-05-20 08:00:00,3222.819,3241.611,3218.275,3241.138,35233,159,0
2025-05-20 12:00:00,3241.236,3285.886,3232.837,3277.264,88167,159,0
2025-05-20 16:00:00,3277.239,3295.181,3275.232,3294.078,32421,159,0
2025-05-20 20:00:00,3294.13,3304.112,3288.505,3290.695,26397,159,0
2025-05-21 00:00:00,3290.734,3314.68,3285.42,3307.544,60265,159,0
2025-05-21 04:00:00,3307.505,3320.755,3298.404,3309.906,45465,159,0
2025-05-21 08:00:00,3309.933,3318.322,3303.946,3311.177,38983,159,0
2025-05-21 12:00:00,3311.202,3315.21,3290.693,3311.978,76756,159,0
2025-05-21 16:00:00,3312.012,3324.897,3302.769,3318.389,42501,159,0
2025-05-21 20:00:00,3318.423,3324.213,3313.164,3320.085,20315,159,0
2025-05-22 00:00:00,3320.121,3345.472,3319.389,3335.44,51410,159,0
2025-05-22 04:00:00,3335.451,3339.533,3322.607,3327.621,40219,159,0
2025-05-22 08:00:00,3327.636,3329.903,3282.977,3314.466,64832,159,0
2025-05-22 12:00:00,3314.428,3315.775,3279.252,3294.675,93284,159,0
2025-05-22 16:00:00,3294.722,3304.86,3289.009,3290.296,38234,159,0
2025-05-22 20:00:00,3290.339,3302.032,3289.593,3300.146,14870,159,0
2025-05-23 00:00:00,3300.172,3308.908,3286.972,3302.07,53875,159,0
2025-05-23 04:00:00,3302.097,3334.496,3301.891,3329.145,42653,159,0
2025-05-23 08:00:00,3329.191,3349.78,3322.548,3347.926,55253,159,0
2025-05-23 12:00:00,3347.966,3364.587,3336.556,3361.655,112537,159,0
2025-05-23 16:00:00,3361.687,3365.925,3356.379,3360.785,33632,159,0
2025-05-23 20:00:00,3360.743,3361.733,3356.103,3356.306,5508,159,0
2025-05-25 20:00:00,3352.095,3352.48,3341.363,3342.713,22939,159,0
2025-05-26 00:00:00,3342.691,3356.859,3331.39,3347.636,50733,159,0
2025-05-26 04:00:00,3347.639,3351.906,3332.124,3337.296,35081,159,0
2025-05-26 08:00:00,3337.377,3339.689,3323.511,3333.13,31253,159,0
2025-05-26 12:00:00,3333.152,3341.649,3326.35,3337.957,31050,159,0
2025-05-26 16:00:00,3337.998,3343.666,3337.521,3341.558,7839,159,0
2025-05-26 20:00:00,3346.458,3348.809,3342.829,3346.139,9237,159,0
2025-05-27 00:00:00,3346.182,3350.029,3331.73,3341.217,34477,159,0
2025-05-27 04:00:00,3341.188,3341.485,3292.561,3296.244,62068,159,0
2025-05-27 08:00:00,3296.214,3310.384,3287.724,3288.414,53805,159,0
2025-05-27 12:00:00,3288.399,3304.901,3285.089,3293.605,59628,159,0
2025-05-27 16:00:00,3293.612,3308.008,3292.969,3304.38,23740,159,0
2025-05-27 20:00:00,3304.356,3310.934,3297.621,3309.411,15652,159,0
2025-05-28 00:00:00,3309.431,3315.77,3291.663,3297.757,43278,159,0
2025-05-28 04:00:00,3297.72,3322.406,3294.383,3319.249,38645,159,0
2025-05-28 08:00:00,3319.271,3325.507,3307.461,3311.143,32523,159,0
2025-05-28 12:00:00,3311.171,3316.438,3292.571,3296.094,55556,159,0
2025-05-28 16:00:00,3296.125,3303.065,3288.591,3296.983,30458,159,0
2025-05-28 20:00:00,3297.006,3297.34,3250.232,3259.895,44840,159,0
2025-05-29 00:00:00,3259.921,3280.165,3245.432,3274.551,75416,159,0
2025-05-29 04:00:00,3274.635,3287.505,3265.986,3286.607,39178,159,0
2025-05-29 08:00:00,3286.579,3305.507,3276.276,3299.719,36810,159,0
2025-05-29 12:00:00,3299.844,3322.028,3298.584,3321.578,68856,159,0
2025-05-29 16:00:00,3321.664,3331.225,3315.512,3316.615,34502,159,0
2025-05-29 20:00:00,3316.586,3321.072,3312.854,3315.503,13675,159,0
2025-05-30 00:00:00,3315.498,3322.745,3291.25,3294.531,48032,159,0
2025-05-30 04:00:00,3294.517,3304.994,3287.336,3295.002,39748,159,0
2025-05-30 08:00:00,3294.975,3300.669,3288.62,3294.055,33336,159,0
2025-05-30 12:00:00,3294.059,3308.311,3271.526,3288.676,101717,159,0
2025-05-30 16:00:00,3288.569,3295.778,3283.957,3294.826,36748,159,0
2025-05-30 20:00:00,3294.937,3295.834,3288.642,3289.665,4819,159,0
2025-06-01 20:00:00,3303.113,3316.742,3299.873,3310.255,16999,159,0
2025-06-02 00:00:00,3310.213,3314.959,3301.452,3308.701,37634,159,0
2025-06-02 04:00:00,3308.762,3359.011,3308.762,3352.579,43151,159,0
2025-06-02 08:00:00,3352.655,3360.152,3344.361,3356.324,37333,159,0
2025-06-02 12:00:00,3356.296,3379.064,3350.32,3374.294,67940,159,0
2025-06-02 16:00:00,3374.319,3382.344,3369.285,3381.539,30435,159,0
2025-06-02 20:00:00,3381.499,3392.238,3378.364,3387.456,18110,159,0
2025-06-03 00:00:00,3387.407,3388.671,3359.728,3361.087,57041,159,0
2025-06-03 04:00:00,3361.124,3367.756,3351.149,3359.648,41978,159,0
2025-06-03 08:00:00,3359.752,3364.913,3353.305,3359.294,29164,159,0
2025-06-03 12:00:00,3359.323,3363.095,3333.053,3350.304,62539,159,0
2025-06-03 16:00:00,3350.333,3355.515,3344.633,3352.657,23069,159,0
2025-06-03 20:00:00,3352.617,3361.657,3352.469,3359.996,11146,159,0
2025-06-04 00:00:00,3359.943,3372.637,3346.464,3359.246,40470,159,0
2025-06-04 04:00:00,3359.236,3365.268,3347.996,3354.721,36543,159,0
2025-06-04 08:00:00,3354.679,3364.973,3343.732,3346.577,35147,159,0
2025-06-04 12:00:00,3346.613,3384.637,3344.33,3371.754,68647,159,0
2025-06-04 16:00:00,3371.724,3382.217,3370.832,3373.614,24700,159,0
2025-06-04 20:00:00,3373.566,3379.08,3370.508,3378.042,12476,159,0
2025-06-05 00:00:00,3378.099,3384.183,3368.204,3369.674,37951,159,0
2025-06-05 04:00:00,3369.683,3374.559,3361.149,3371.304,32211,159,0
2025-06-05 08:00:00,3371.266,3403.592,3369.641,3392.293,48986,159,0
2025-06-05 12:00:00,3392.327,3400.169,3339.37,3344.766,136230,159,0
2025-06-05 16:00:00,3344.7,3361.404,3339.835,3356.909,46629,159,0
2025-06-05 20:00:00,3356.885,3363.549,3351.988,3361.81,17020,159,0
2025-06-06 00:00:00,3361.867,3371.811,3356.133,3369.747,35031,159,0
2025-06-06 04:00:00,3369.675,3375.685,3352.794,3359.374,36896,159,0
2025-06-06 08:00:00,3359.419,3367.782,3352.703,3358.292,32138,159,0
2025-06-06 12:00:00,3358.308,3364.421,3316.269,3332.228,120945,159,0
2025-06-06 16:00:00,3332.182,3332.741,3311.358,3312.345,36024,159,0
2025-06-06 20:00:00,3312.382,3312.896,3307.053,3311.702,5570,159,0
2025-06-08 20:00:00,3317.818,3321.217,3309.24,3318.038,14520,159,0
2025-06-09 00:00:00,3318.082,3318.699,3293.428,3310.769,51146,159,0
2025-06-09 04:00:00,3310.799,3328.652,3309.248,3324.238,31082,159,0
2025-06-09 08:00:00,3324.269,3325.686,3312.092,3317.456,29502,159,0
2025-06-09 12:00:00,3317.412,3332.066,3310.698,3328.665,50692,159,0
2025-06-09 16:00:00,3328.668,3338.24,3325.894,3327.231,25260,159,0
2025-06-09 20:00:00,3327.201,3329.5,3321.586,3326.766,12432,159,0
2025-06-10 00:00:00,3326.809,3326.851,3301.917,3307.602,47353,159,0
2025-06-10 04:00:00,3307.592,3332.201,3302.789,3330.18,43423,159,0
2025-06-10 08:00:00,3330.09,3342.587,3326.17,3333.78,29630,159,0
2025-06-10 12:00:00,3333.817,3349.153,3323.165,3326.692,59799,159,0
2025-06-10 16:00:00,3326.653,3334.603,3319.358,3328.716,28205,159,0
2025-06-10 20:00:00,3328.757,3328.958,3315.521,3327.862,19936,159,0
2025-06-11 00:00:00,3327.936,3341.566,3325.008,3339.416,34883,159,0
2025-06-11 04:00:00,3339.395,3348.531,3332.496,3345.696,31869,159,0
2025-06-11 08:00:00,3345.664,3346.717,3326.11,3333.072,36202,159,0
2025-06-11 12:00:00,3333.151,3360.764,3327.196,3333.267,92247,159,0
2025-06-11 16:00:00,3333.247,3349.265,3319.245,3346.849,50019,159,0
2025-06-11 20:00:00,3346.876,3373.534,3346.522,3365.376,25928,160,0
2025-06-12 00:00:00,3365.4,3377.786,3362.118,3373.436,47368,160,0
2025-06-12 04:00:00,3373.409,3375.783,3338.57,3346.168,43202,160,0
2025-06-12 08:00:00,3346.192,3388.581,3346.192,3379.285,56703,160,0
2025-06-12 12:00:00,3379.252,3399.02,3376.347,3385.804,85727,160,0
2025-06-12 16:00:00,3385.906,3391.348,3378.097,3388.139,31734,160,0
2025-06-12 20:00:00,3388.111,3396.32,3379.606,3395.882,15087,160,0
2025-06-13 00:00:00,3395.837,3444.4,3391.759,3425.557,111335,160,0
2025-06-13 04:00:00,3425.543,3430.31,3407.879,3414.933,55471,160,0
2025-06-13 08:00:00,3414.876,3427.684,3411.622,3422.217,49415,160,0
2025-06-13 12:00:00,3422.207,3446.819,3420.906,3426.225,78571,160,0
2025-06-13 16:00:00,3426.26,3439.473,3419.217,3432.307,39970,160,0
2025-06-13 20:00:00,3432.352,3434.78,3428.927,3433.449,6187,160,0
2025-06-15 20:00:00,3440.955,3451.252,3438.591,3444.141,24939,160,0
2025-06-16 00:00:00,3444.166,3451.237,3429.244,3431.428,51243,160,0
2025-06-16 04:00:00,3431.545,3433.284,3409.459,3412.619,48928,160,0
2025-06-16 08:00:00,3412.624,3422.667,3409.773,3415.0,36288,160,0
2025-06-16 12:00:00,3415.043,3418.075,3382.735,3404.563,86284,160,0
2025-06-16 16:00:00,3404.534,3404.992,3382.79,3384.094,32322,160,0
2025-06-16 20:00:00,3384.015,3402.977,3383.294,3402.769,20534,160,0
2025-06-17 00:00:00,3402.815,3403.269,3373.463,3387.583,52303,160,0
2025-06-17 04:00:00,3387.557,3396.289,3381.074,3387.783,36314,160,0
2025-06-17 08:00:00,3387.784,3400.203,3375.717,3388.635,45645,160,0
2025-06-17 12:00:00,3388.65,3397.536,3366.079,3379.284,79129,160,0
2025-06-17 16:00:00,3379.386,3392.499,3376.651,3385.71,38568,160,0
2025-06-17 20:00:00,3385.675,3396.234,3383.634,3387.369,15298,160,0
2025-06-18 00:00:00,3387.295,3391.524,3370.655,3390.96,35186,160,0
2025-06-18 04:00:00,3390.928,3400.011,3377.037,3385.991,36591,160,0
2025-06-18 08:00:00,3385.939,3388.415,3375.433,3382.048,31074,160,0
2025-06-18 12:00:00,3381.999,3396.852,3373.833,3392.678,58416,160,0
2025-06-18 16:00:00,3392.697,3395.854,3362.867,3366.818,63098,160,0
2025-06-18 20:00:00,3366.771,3379.862,3362.474,3375.023,20920,160,0
2025-06-19 00:00:00,3375.042,3387.941,3369.684,3373.609,35627,160,0
2025-06-19 04:00:00,3373.609,3375.315,3347.503,3365.992,51652,160,0
2025-06-19 08:00:00,3366.004,3379.05,3362.246,3371.967,34217,160,0
2025-06-19 12:00:00,3371.971,3372.963,3361.497,3369.26,41432,160,0
2025-06-19 16:00:00,3369.223,3374.14,3366.108,3373.455,7493,160,0
2025-06-19 20:00:00,3369.491,3370.411,3361.943,3368.739,14113,160,0
2025-06-20 00:00:00,3368.763,3370.35,3344.672,3355.507,40524,160,0
2025-06-20 04:00:00,3355.539,3357.665,3340.345,3347.691,34510,160,0
2025-06-20 08:00:00,3347.657,3359.236,3346.537,3347.051,30579,160,0
2025-06-20 12:00:00,3347.094,3374.477,3341.887,3369.856,54404,160,0
2025-06-20 16:00:00,3369.786,3373.365,3364.606,3365.625,21470,160,0
2025-06-20 20:00:00,3365.578,3369.314,3364.69,3368.546,4112,160,0
2025-06-22 20:00:00,3384.117,3388.96,3371.197,3372.755,26325,160,0
2025-06-23 00:00:00,3372.776,3373.551,3351.896,3363.372,45452,160,0
2025-06-23 04:00:00,3363.385,3365.061,3346.971,3357.627,32085,160,0
2025-06-23 08:00:00,3357.672,3382.017,3357.672,3380.596,32636,160,0
2025-06-23 12:00:00,3380.659,3389.82,3355.868,3387.24,63707,160,0
2025-06-23 16:00:00,3387.238,3393.565,3375.573,3376.362,48269,160,0
2025-06-23 20:00:00,3376.32,3377.295,3341.446,3344.235,32776,160,0
2025-06-24 00:00:00,3344.27,3357.912,3333.143,3352.476,49922,160,0
2025-06-24 04:00:00,3352.403,3353.443,3316.022,3329.645,56489,160,0
2025-06-24 08:00:00,3329.658,3332.32,3317.829,3321.214,35596,160,0
2025-06-24 12:00:00,3321.181,3321.181,3295.397,3313.261,76665,160,0
2025-06-24 16:00:00,3313.296,3325.184,3311.276,3323.479,27173,160,0
2025-06-24 20:00:00,3323.526,3324.881,3320.842,3324.142,10139,160,0
2025-06-25 00:00:00,3324.139,3335.209,3323.627,3328.295,26393,160,0
2025-06-25 04:00:00,3328.284,3337.096,3325.797,3330.631,23179,160,0
2025-06-25 08:00:00,3330.656,3332.414,3321.397,3322.682,29340,160,0
2025-06-25 12:00:00,3322.66,3329.47,3311.894,3325.627,40241,160,0
2025-06-25 16:00:00,3325.665,3336.068,3324.154,3333.706,27274,160,0
2025-06-25 20:00:00,3333.745,3340.194,3331.273,3339.028,13227,160,0
2025-06-26 00:00:00,3338.987,3343.199,3329.181,3337.976,30072,160,0
2025-06-26 04:00:00,3338.034,3347.239,3330.967,3346.051,26941,160,0
2025-06-26 08:00:00,3346.066,3350.37,3331.499,3332.921,30659,160,0
2025-06-26 12:00:00,3332.88,3344.056,3309.947,3324.846,69838,160,0
2025-06-26 16:00:00,3324.808,3336.45,3323.729,3331.301,26726,160,0
2025-06-26 20:00:00,3331.407,3332.327,3316.234,3318.758,13439,160,0
2025-06-27 00:00:00,3318.788,3322.068,3292.557,3294.318,38453,160,0
2025-06-27 04:00:00,3294.364,3300.941,3283.394,3284.458,45759,160,0
2025-06-27 08:00:00,3284.502,3291.132,3275.98,3281.389,40219,160,0
2025-06-27 12:00:00,3281.358,3282.357,3255.836,3274.655,80268,160,0
2025-06-27 16:00:00,3274.574,3282.802,3268.34,3270.574,32203,160,0
2025-06-27 20:00:00,3270.616,3275.5,3270.253,3274.598,4759,160,0
2025-06-29 20:00:00,3272.488,3274.234,3247.921,3263.806,27906,160,0
2025-06-30 00:00:00,3263.775,3283.272,3259.456,3278.981,40105,160,0
2025-06-30 04:00:00,3278.996,3296.85,3276.964,3292.873,28609,160,0
2025-06-30 08:00:00,3292.879,3296.594,3274.488,3277.932,32263,160,0
2025-06-30 12:00:00,3277.993,3290.76,3277.955,3289.625,41686,160,0
2025-06-30 16:00:00,3289.669,3309.446,3289.073,3308.534,26779,160,0
2025-06-30 20:00:00,3308.502,3314.602,3302.298,3312.441,15506,160,0
2025-07-01 00:00:00,3312.493,3322.66,3309.899,3321.161,30151,160,0
2025-07-01 04:00:00,3321.173,3339.892,3318.893,3339.497,30060,160,0
2025-07-01 08:00:00,3339.501,3353.08,3336.753,3349.017,30764,160,0
2025-07-01 12:00:00,3348.99,3358.015,3336.981,3340.228,57364,160,0
2025-07-01 16:00:00,3340.215,3343.523,3336.835,3338.005,25432,160,0
2025-07-01 20:00:00,3338.042,3343.826,3336.771,3338.152,13777,160,0
2025-07-02 00:00:00,3338.186,3344.987,3328.534,3339.959,34529,160,0
2025-07-02 04:00:00,3339.925,3343.951,3327.563,3334.571,28259,160,0
2025-07-02 08:00:00,3334.605,3347.711,3332.853,3342.199,25031,160,0
2025-07-02 12:00:00,3342.214,3351.126,3333.842,3341.021,48356,160,0
2025-07-02 16:00:00,3340.943,3359.519,3340.943,3358.258,22157,160,0
2025-07-02 20:00:00,3358.302,3365.748,3348.754,3349.395,17837,160,0
2025-07-03 00:00:00,3349.42,3351.476,3341.88,3347.509,26371,160,0
2025-07-03 04:00:00,3347.437,3363.677,3347.384,3353.077,26534,160,0
2025-07-03 08:00:00,3353.096,3358.378,3342.981,3346.073,27298,160,0
2025-07-03 12:00:00,3346.041,3352.306,3311.535,3328.045,74559,160,0
2025-07-03 16:00:00,3328.106,3334.862,3325.676,3328.749,15623,160,0
2025-07-03 20:00:00,3328.713,3332.025,3323.611,3330.871,9808,160,0
2025-07-04 00:00:00,3330.875,3338.948,3325.869,3338.35,23797,160,0
2025-07-04 04:00:00,3338.307,3345.098,3336.384,3342.947,24267,160,0
2025-07-04 08:00:00,3342.95,3344.247,3331.466,3334.795,22771,160,0
2025-07-04 12:00:00,3334.791,3338.059,3330.831,3332.393,23498,160,0
2025-07-04 16:00:00,3332.357,3335.945,3332.222,3335.07,2603,160,0
2025-07-06 20:00:00,3341.408,3341.924,3326.187,3328.853,12001,160,0
2025-07-07 00:00:00,3328.83,3329.726,3305.982,3310.848,40939,160,0
2025-07-07 04:00:00,3310.892,3315.245,3300.64,3302.217,35062,160,0
2025-07-07 08:00:00,3302.247,3312.749,3296.296,3301.982,39679,160,0
2025-07-07 12:00:00,3301.94,3322.031,3300.376,3320.849,46079,160,0
2025-07-07 16:00:00,3320.784,3340.438,3320.082,3336.988,29936,160,0
2025-07-07 20:00:00,3337.025,3345.827,3333.916,3334.653,14687,160,0
2025-07-08 00:00:00,3334.697,3338.035,3329.595,3331.469,31719,160,0
2025-07-08 04:00:00,3331.416,3339.5,3327.305,3333.915,25122,160,0
2025-07-08 08:00:00,3333.906,3333.906,3319.94,3324.971,29564,160,0
2025-07-08 12:00:00,3325.014,3329.864,3287.069,3298.241,59237,160,0
2025-07-08 16:00:00,3298.249,3310.426,3295.938,3302.992,36182,160,0
2025-07-08 20:00:00,3303.02,3304.074,3297.199,3302.277,13992,160,0
2025-07-09 00:00:00,3302.365,3308.003,3284.909,3293.276,36014,160,0
2025-07-09 04:00:00,3293.244,3297.875,3285.495,3291.852,32856,160,0
2025-07-09 08:00:00,3291.822,3295.987,3282.626,3284.936,30225,160,0
2025-07-09 12:00:00,3284.969,3312.916,3284.969,3309.606,45595,160,0
2025-07-09 16:00:00,3309.555,3316.874,3307.91,3315.605,23120,160,0
2025-07-09 20:00:00,3315.645,3321.176,3311.59,3317.639,11210,160,0
2025-07-10 00:00:00,3317.559,3326.415,3315.362,3315.747,25406,160,0
2025-07-10 04:00:00,3315.682,3329.486,3314.773,3321.047,23395,160,0
2025-07-10 08:00:00,3321.071,3330.337,3318.331,3320.411,27481,160,0
2025-07-10 12:00:00,3320.424,3329.472,3310.064,3319.743,48497,160,0
2025-07-10 16:00:00,3319.711,3325.91,3312.108,3324.826,23033,160,0
2025-07-10 20:00:00,3324.851,3326.476,3321.84,3323.808,11360,160,0
2025-07-11 00:00:00,3323.764,3336.154,3323.637,3333.765,31096,160,0
2025-07-11 04:00:00,3333.757,3343.827,3329.517,3341.833,31608,160,0
2025-07-11 08:00:00,3341.789,3350.305,3332.669,3347.507,31827,160,0
2025-07-11 12:00:00,3347.526,3368.749,3344.356,3358.915,60850,160,0
2025-07-11 16:00:00,3358.884,3359.802,3349.185,3356.411,27904,160,0
2025-07-11 20:00:00,3356.459,3358.959,3353.594,3355.105,3730,160,0
2025-07-13 20:00:00,3361.295,3374.044,3359.658,3367.772,17898,160,0
2025-07-14 00:00:00,3367.731,3373.318,3353.865,3356.964,33833,160,0
2025-07-14 04:00:00,3356.952,3375.078,3353.735,3371.948,31230,160,0
2025-07-14 08:00:00,3371.956,3374.647,3363.917,3364.169,25680,160,0
2025-07-14 12:00:00,3364.192,3366.607,3340.954,3345.105,47790,160,0
2025-07-14 16:00:00,3345.044,3351.678,3343.082,3344.125,21759,160,0
2025-07-14 20:00:00,3344.103,3346.556,3341.217,3345.337,9795,160,0
2025-07-15 00:00:00,3345.299,3358.334,3344.758,3357.841,22213,160,0
2025-07-15 04:00:00,3357.853,3365.422,3357.47,3364.347,23665,160,0
2025-07-15 08:00:00,3364.374,3366.356,3353.954,3354.932,28214,160,0
2025-07-15 12:00:00,3354.892,3360.367,3325.341,3328.996,65613,160,0
2025-07-15 16:00:00,3328.957,3331.936,3320.218,3330.455,27957,160,0
2025-07-15 20:00:00,3330.408,3331.776,3324.788,3331.056,9299,160,0
2025-07-16 00:00:00,3331.092,3335.084,3325.061,3334.338,23132,160,0
2025-07-16 04:00:00,3334.281,3342.002,3332.818,3337.808,21235,160,0
2025-07-16 08:00:00,3337.824,3343.072,3333.72,3339.259,22984,160,0
2025-07-16 12:00:00,3339.219,3377.55,3319.529,3343.739,115541,160,0
2025-07-16 16:00:00,3343.708,3357.41,3338.886,3347.08,46544,160,0
2025-07-16 20:00:00,3347.116,3352.247,3345.265,3346.526,11046,160,0
2025-07-17 00:00:00,3346.556,3347.405,3336.241,3341.486,23653,160,0
2025-07-17 04:00:00,3341.511,3344.726,3325.209,3325.886,26980,160,0
2025-07-17 08:00:00,3325.925,3332.523,3322.39,3324.254,24884,160,0
2025-07-17 12:00:00,3324.261,3338.451,3309.883,3336.707,57540,160,0
2025-07-17 16:00:00,3336.675,3341.098,3335.378,3339.763,20712,160,0
2025-07-17 20:00:00,3339.768,3344.009,3337.481,3340.139,11345,160,0
2025-07-18 00:00:00,3340.176,3344.261,3334.038,3334.528,23916,160,0
2025-07-18 04:00:00,3334.598,3350.131,3331.762,3349.823,23362,160,0
2025-07-18 08:00:00,3349.849,3357.714,3346.237,3354.435,23965,160,0
2025-07-18 12:00:00,3354.458,3361.273,3351.143,3353.654,41070,160,0
2025-07-18 16:00:00,3353.619,3357.506,3347.596,3348.325,21910,160,0
2025-07-18 20:00:00,3348.279,3352.079,3347.804,3350.395,3463,160,0
2025-07-20 20:00:00,3348.695,3350.115,3345.01,3349.122,7808,160,0
2025-07-21 00:00:00,3349.168,3358.641,3347.624,3351.286,21769,160,0
2025-07-21 04:00:00,3351.275,3370.785,3350.618,3364.763,25791,160,0
2025-07-21 08:00:00,3364.8,3375.603,3362.674,3375.302,22985,160,0
2025-07-21 12:00:00,3375.271,3401.575,3374.531,3397.994,51212,160,0
2025-07-21 16:00:00,3397.983,3399.787,3391.492,3398.811,26080,160,0
2025-07-21 20:00:00,3398.744,3402.783,3393.208,3396.532,11299,160,0
2025-07-22 00:00:00,3396.54,3397.665,3385.076,3392.593,28591,160,0
2025-07-22 04:00:00,3392.517,3392.55,3383.24,3387.562,23134,160,0
2025-07-22 08:00:00,3387.534,3391.663,3384.486,3391.348,22448,160,0
2025-07-22 12:00:00,3391.378,3430.614,3391.016,3426.597,65242,160,0
2025-07-22 16:00:00,3426.64,3433.507,3426.245,3431.738,29351,160,0
2025-07-22 20:00:00,3431.683,3433.368,3426.27,3427.458,13416,160,0
2025-07-23 00:00:00,3427.433,3438.98,3419.154,3423.153,37761,160,0
2025-07-23 04:00:00,3423.063,3429.702,3416.322,3420.72,27760,160,0
2025-07-23 08:00:00,3420.754,3433.878,3420.329,3428.18,27304,160,0
2025-07-23 12:00:00,3428.17,3429.928,3398.206,3398.206,51996,160,0
2025-07-23 16:00:00,3398.106,3398.161,3381.375,3390.081,51355,160,0
2025-07-23 20:00:00,3390.122,3392.476,3386.123,3390.008,11439,160,0
2025-07-24 00:00:00,3390.048,3393.438,3374.71,3383.758,36680,160,0
2025-07-24 04:00:00,3383.666,3385.389,3366.054,3367.757,29097,160,0
2025-07-24 08:00:00,3367.767,3374.727,3361.229,3362.296,26528,160,0
2025-07-24 12:00:00,3362.254,3377.43,3351.315,3372.541,52124,160,0
2025-07-24 16:00:00,3372.515,3373.702,3366.267,3370.478,21017,160,0
2025-07-24 20:00:00,3370.517,3371.404,3365.105,3369.419,11785,160,0
2025-07-25 00:00:00,3369.422,3373.578,3358.638,3359.194,22026,160,0
2025-07-25 04:00:00,3359.176,3363.501,3352.636,3354.008,22781,160,0
2025-07-25 08:00:00,3354.041,3355.358,3338.602,3341.004,24181,160,0
2025-07-25 12:00:00,3341.008,3347.498,3324.928,3327.896,56806,160,0
2025-07-25 16:00:00,3327.851,3340.284,3326.161,3337.804,22008,160,0
2025-07-25 20:00:00,3337.769,3339.18,3336.157,3336.869,3545,160,0
2025-07-27 20:00:00,3329.144,3337.465,3323.792,3333.683,15947,160,0
2025-07-28 00:00:00,3333.675,3343.316,3327.64,3343.246,29816,160,0
2025-07-28 04:00:00,3343.199,3345.351,3333.758,3334.882,25124,160,0
2025-07-28 08:00:00,3334.879,3340.78,3332.382,3336.528,26170,160,0
2025-07-28 12:00:00,3336.617,3338.332,3301.777,3314.764,57898,160,0
2025-07-28 16:00:00,3314.736,3318.89,3308.799,3317.161,21691,160,0
2025-07-28 20:00:00,3317.195,3318.409,3310.436,3312.468,12542,160,0
2025-07-29 00:00:00,3312.485,3320.808,3307.843,3312.576,27288,160,0
2025-07-29 04:00:00,3312.58,3322.43,3308.959,3317.133,29728,160,0
2025-07-29 08:00:00,3317.139,3329.948,3314.884,3315.278,30162,160,0
2025-07-29 12:00:00,3315.249,3334.142,3311.89,3320.751,51996,160,0
2025-07-29 16:00:00,3320.751,3330.858,3319.072,3324.938,24384,160,0
2025-07-29 20:00:00,3324.989,3329.171,3324.725,3327.537,8684,160,0
2025-07-30 00:00:00,3327.544,3333.673,3321.876,3328.429,25521,160,0
2025-07-30 04:00:00,3328.365,3332.149,3323.031,3327.751,22330,160,0
2025-07-30 08:00:00,3327.784,3334.052,3323.966,3330.846,27240,160,0
2025-07-30 12:00:00,3330.819,3331.904,3288.575,3290.465,58340,160,0
2025-07-30 16:00:00,3290.378,3304.782,3268.034,3269.396,66811,160,0
2025-07-30 20:00:00,3269.334,3285.8,3268.965,3285.303,17405,160,0
2025-07-31 00:00:00,3285.257,3298.574,3282.802,3295.086,31928,160,0
2025-07-31 04:00:00,3295.042,3309.771,3293.644,3304.761,26457,160,0
2025-07-31 08:00:00,3304.682,3314.812,3293.774,3306.111,34867,160,0
2025-07-31 12:00:00,3306.086,3311.164,3291.272,3295.545,55768,160,0
2025-07-31 16:00:00,3295.437,3298.43,3289.617,3291.029,28891,160,0
2025-07-31 20:00:00,3290.989,3295.172,3287.967,3288.651,12391,160,0
2025-08-01 00:00:00,3288.607,3297.141,3281.59,3291.403,29134,160,0
2025-08-01 04:00:00,3291.406,3300.47,3285.223,3286.861,26956,160,0
2025-08-01 08:00:00,3286.823,3303.044,3285.271,3300.309,26930,160,0
2025-08-01 12:00:00,3300.342,3355.088,3297.359,3348.567,99190,160,0
2025-08-01 16:00:00,3348.532,3361.325,3340.532,3357.185,36067,160,0
2025-08-01 20:00:00,3357.239,3363.566,3357.028,3363.119,5141,160,0
2025-08-03 20:00:00,3364.339,3364.568,3354.526,3361.957,12423,160,0
2025-08-04 00:00:00,3361.99,3362.378,3345.006,3360.255,28226,160,0
2025-08-04 04:00:00,3360.259,3362.671,3351.732,3355.809,24853,160,0
2025-08-04 08:00:00,3355.842,3370.759,3352.931,3370.263,25946,160,0
2025-08-04 12:00:00,3370.294,3385.348,3361.037,3374.306,44509,160,0
2025-08-04 16:00:00,3374.305,3378.153,3370.571,3375.971,20781,160,0
2025-08-04 20:00:00,3375.917,3379.703,3373.415,3377.407,9095,160,0
2025-08-05 00:00:00,3377.383,3382.398,3372.057,3372.057,21270,160,0
2025-08-05 04:00:00,3372.107,3375.5,3365.655,3373.619,22530,160,0
2025-08-05 08:00:00,3373.572,3374.62,3349.803,3351.408,26485,160,0
2025-08-05 12:00:00,3351.408,3390.033,3349.897,3389.49,47547,160,0
2025-08-05 16:00:00,3389.527,3390.409,3376.923,3378.987,23091,160,0
2025-08-05 20:00:00,3378.941,3383.974,3378.126,3383.151,8330,160,0
2025-08-06 00:00:00,3383.221,3385.34,3373.046,3374.587,22150,160,0
2025-08-06 04:00:00,3374.59,3378.65,3368.953,3373.617,19771,160,0
2025-08-06 08:00:00,3373.509,3374.692,3358.091,3365.174,25120,160,0
2025-08-06 12:00:00,3365.156,3380.007,3360.141,3377.431,41655,160,0
2025-08-06 16:00:00,3377.392,3379.418,3368.983,3371.643,23085,160,0
2025-08-06 20:00:00,3371.612,3374.796,3367.133,3370.155,13185,160,0
2025-08-07 00:00:00,3370.205,3384.188,3365.192,3379.696,29552,160,0
2025-08-07 04:00:00,3379.732,3397.504,3371.601,3396.155,30034,160,0
2025-08-07 08:00:00,3396.189,3396.603,3371.734,3378.205,47673,160,0
2025-08-07 12:00:00,3378.199,3393.862,3375.261,3390.102,70066,160,0
2025-08-07 16:00:00,3390.16,3400.872,3384.314,3399.659,31740,160,0
2025-08-07 20:00:00,3399.712,3409.019,3389.025,3400.47,49253,160,0
2025-08-08 00:00:00,3400.432,3402.377,3381.082,3395.802,66754,160,0
2025-08-08 04:00:00,3395.823,3404.271,3388.697,3402.003,48408,160,0
2025-08-08 08:00:00,3402.027,3402.7,3380.361,3386.249,56178,160,0
2025-08-08 12:00:00,3386.206,3401.944,3381.105,3395.248,87378,160,0
2025-08-08 16:00:00,3395.284,3404.223,3376.445,3398.566,91789,160,0
2025-08-08 20:00:00,3398.618,3398.898,3392.421,3398.564,7283,160,0
2025-08-10 20:00:00,3400.578,3401.819,3390.304,3391.548,14078,160,0
2025-08-11 00:00:00,3391.592,3391.639,3367.699,3378.257,41160,160,0
2025-08-11 04:00:00,3378.253,3380.131,3357.097,3360.069,39133,160,0
2025-08-11 08:00:00,3360.112,3365.825,3349.852,3355.23,38963,160,0
2025-08-11 12:00:00,3355.226,3362.902,3341.409,3349.405,49813,160,0
2025-08-11 16:00:00,3349.502,3358.85,3341.273,3351.696,33080,160,0
2025-08-11 20:00:00,3351.662,3351.804,3342.167,3349.027,14129,160,0
2025-08-12 00:00:00,3349.006,3357.439,3346.181,3349.39,26628,160,0
2025-08-12 04:00:00,3349.437,3358.176,3342.242,3355.539,30595,160,0
2025-08-12 08:00:00,3355.512,3355.863,3336.068,3347.469,28019,160,0
2025-08-12 12:00:00,3347.464,3359.254,3331.08,3349.789,87169,160,0
2025-08-12 16:00:00,3349.887,3351.296,3345.516,3347.563,24428,160,0
2025-08-12 20:00:00,3347.549,3353.762,3346.012,3350.57,10139,160,0
2025-08-13 00:00:00,3350.58,3354.457,3342.667,3349.593,26102,160,0
2025-08-13 04:00:00,3349.615,3361.004,3345.692,3354.723,24195,160,0
2025-08-13 08:00:00,3354.688,3367.119,3352.848,3362.353,26689,160,0
2025-08-13 12:00:00,3362.321,3370.735,3354.103,3357.746,39341,160,0
2025-08-13 16:00:00,3357.778,3360.92,3349.9,3357.812,17662,160,0
2025-08-13 20:00:00,3357.856,3363.461,3355.609,3362.702,9403,160,0
2025-08-14 00:00:00,3362.748,3374.832,3355.38,3360.464,30463,160,0
2025-08-14 04:00:00,3360.496,3366.425,3343.591,3345.984,30159,160,0
2025-08-14 08:00:00,3345.958,3359.169,3341.447,3355.4,32593,160,0
2025-08-14 12:00:00,3355.431,3358.393,3334.223,3341.796,61915,160,0
2025-08-14 16:00:00,3341.757,3342.046,3329.838,3337.965,24895,160,0
2025-08-14 20:00:00,3338.044,3338.54,3332.168,3335.551,10533,160,0
2025-08-15 00:00:00,3335.58,3344.869,3332.372,3343.45,22612,160,0
2025-08-15 04:00:00,3343.412,3348.747,3340.137,3346.147,23205,160,0
2025-08-15 08:00:00,3346.107,3348.268,3336.243,3342.359,27162,160,0
2025-08-15 12:00:00,3342.362,3345.969,3332.883,3342.334,42433,160,0
2025-08-15 16:00:00,3342.316,3342.547,3334.387,3339.143,18812,160,0
2025-08-15 20:00:00,3339.218,3339.435,3335.148,3335.213,3322,160,0
2025-08-17 20:00:00,3334.569,3335.381,3323.547,3327.082,10046,160,0
2025-08-18 00:00:00,3327.08,3351.8,3326.743,3347.156,28504,160,0
2025-08-18 04:00:00,3347.112,3358.418,3346.027,3349.022,26117,160,0
2025-08-18 08:00:00,3348.98,3351.734,3344.475,3345.456,20613,160,0
2025-08-18 12:00:00,3345.5,3348.839,3332.195,3335.669,31827,160,0
2025-08-18 16:00:00,3335.702,3335.884,3330.179,3333.623,16910,160,0
2025-08-18 20:00:00,3333.667,3334.723,3330.514,3330.978,7919,160,0
2025-08-19 00:00:00,3330.99,3341.663,3326.004,3337.787,30061,160,0
2025-08-19 04:00:00,3337.745,3341.782,3334.4,3340.739,21648,160,0
2025-08-19 08:00:00,3340.777,3345.328,3336.427,3339.767,19109,160,0
2025-08-19 12:00:00,3339.768,3340.544,3320.853,3322.669,41363,160,0
2025-08-19 16:00:00,3322.711,3324.435,3314.853,3315.965,21507,160,0
2025-08-19 20:00:00,3315.923,3317.637,3312.771,3314.231,9542,160,0
2025-08-20 00:00:00,3314.241,3318.648,3311.476,3317.521,25114,160,0
2025-08-20 04:00:00,3317.517,3327.592,3317.177,3324.813,20498,160,0
2025-08-20 08:00:00,3324.769,3332.935,3320.886,3332.325,22329,160,0
2025-08-20 12:00:00,3332.32,3350.25,3332.071,3340.594,36766,160,0
2025-08-20 16:00:00,3340.703,3349.263,3340.661,3348.821,18495,160,0
2025-08-20 20:00:00,3348.773,3352.092,3346.35,3346.836,10374,160,0
2025-08-21 00:00:00,3346.906,3346.906,3339.706,3339.93,20062,160,0
2025-08-21 04:00:00,3339.887,3341.527,3334.283,3339.629,19004,160,0
2025-08-21 08:00:00,3339.665,3342.234,3325.151,3333.569,23514,160,0
2025-08-21 12:00:00,3333.676,3348.112,3333.676,3343.645,46767,160,0
2025-08-21 16:00:00,3343.624,3343.972,3336.544,3338.823,17338,160,0
2025-08-21 20:00:00,3338.863,3340.64,3337.356,3338.411,7641,160,0
2025-08-22 00:00:00,3338.367,3340.225,3331.572,3331.976,19837,160,0
2025-08-22 04:00:00,3331.963,3335.026,3325.692,3327.465,20225,160,0
2025-08-22 08:00:00,3327.5,3331.714,3325.332,3329.346,19625,160,0
2025-08-22 12:00:00,3329.342,3378.869,3321.45,3367.914,72740,160,0
2025-08-22 16:00:00,3367.89,3375.501,3367.832,3373.188,22514,160,0
2025-08-22 20:00:00,3373.213,3373.608,3370.154,3372.299,3359,160,0
2025-08-24 20:00:00,3368.744,3370.998,3365.862,3368.995,7182,160,0
2025-08-25 00:00:00,3369.08,3369.697,3359.811,3367.263,21024,160,0
2025-08-25 04:00:00,3367.263,3369.888,3363.028,3366.226,16170,160,0
2025-08-25 08:00:00,3366.229,3371.514,3361.927,3370.594,16271,160,0
2025-08-25 12:00:00,3370.592,3376.306,3362.185,3374.068,26833,160,0
2025-08-25 16:00:00,3374.0,3374.827,3365.177,3365.421,16567,160,0
2025-08-25 20:00:00,3365.465,3367.154,3351.716,3354.821,12384,160,0
2025-08-26 00:00:00,3354.827,3386.488,3351.207,3372.207,45479,160,0
2025-08-26 04:00:00,3372.217,3379.121,3367.266,3376.726,24686,160,0
2025-08-26 08:00:00,3376.684,3380.36,3367.209,3377.493,25503,160,0
2025-08-26 12:00:00,3377.52,3389.432,3370.374,3386.688,36560,160,0
2025-08-26 16:00:00,3386.675,3390.818,3380.249,3389.658,19060,160,0
2025-08-26 20:00:00,3389.689,3393.583,3388.727,3390.862,10008,160,0
2025-08-27 00:00:00,3390.853,3393.554,3380.575,3380.633,21168,160,0
2025-08-27 04:00:00,3380.677,3381.93,3373.755,3381.393,21525,160,0
2025-08-27 08:00:00,3381.374,3385.49,3373.698,3376.822,24014,160,0
2025-08-27 12:00:00,3376.844,3390.42,3374.255,3387.898,34352,160,0
2025-08-27 16:00:00,3387.917,3398.823,3387.494,3396.21,21056,160,0
2025-08-27 20:00:00,3396.172,3399.502,3394.137,3395.819,10580,160,0
2025-08-28 00:00:00,3395.755,3398.101,3384.615,3390.135,23510,160,0
2025-08-28 04:00:00,3390.202,3397.696,3387.608,3395.752,20063,160,0
2025-08-28 08:00:00,3395.789,3407.682,3393.876,3404.153,24039,160,0
2025-08-28 12:00:00,3404.13,3413.476,3394.281,3410.901,40861,160,0
2025-08-28 16:00:00,3410.904,3423.131,3409.897,3422.07,21962,160,0
2025-08-28 20:00:00,3422.11,3422.521,3414.757,3414.819,9004,160,0
2025-08-29 00:00:00,3414.85,3417.875,3407.956,3410.864,20157,160,0
2025-08-29 04:00:00,3410.843,3412.725,3406.562,3412.197,18587,160,0
2025-08-29 08:00:00,3412.213,3414.855,3404.34,3410.725,20297,160,0
2025-08-29 12:00:00,3410.655,3447.633,3406.638,3445.494,44058,160,0
2025-08-29 16:00:00,3445.487,3453.924,3440.988,3452.573,29451,160,0
2025-08-29 20:00:00,3452.605,3452.734,3445.752,3448.035,5544,160,0
2025-08-31 20:00:00,3445.866,3452.606,3442.459,3447.952,9769,160,0
2025-09-01 00:00:00,3447.912,3486.107,3437.028,3474.523,51820,160,0
2025-09-01 04:00:00,3474.491,3489.928,3467.764,3477.875,35421,160,0
2025-09-01 08:00:00,3477.905,3479.874,3466.276,3470.017,31334,160,0
2025-09-01 12:00:00,3470.058,3481.312,3467.076,3474.081,27386,160,0
2025-09-01 16:00:00,3474.095,3478.89,3472.326,3476.76,7242,160,0
2025-09-01 20:00:00,3476.299,3481.516,3474.527,3479.211,11440,160,0
2025-09-02 00:00:00,3479.124,3508.741,3476.897,3495.044,44001,160,0
2025-09-02 04:00:00,3495.008,3498.347,3472.096,3476.857,36066,160,0
2025-09-02 08:00:00,3476.955,3490.115,3470.194,3489.76,39233,160,0
2025-09-02 12:00:00,3489.687,3520.3,3474.19,3520.3,77730,160,0
2025-09-02 16:00:00,3520.327,3540.122,3518.175,3536.92,34673,160,0
2025-09-02 20:00:00,3536.94,3537.747,3526.302,3529.995,15220,160,0
2025-09-03 00:00:00,3530.082,3546.95,3528.042,3530.921,45387,160,0
2025-09-03 04:00:00,3530.815,3538.311,3526.807,3533.893,30387,160,0
2025-09-03 08:00:00,3533.874,3549.594,3532.292,3547.551,33002,160,0
2025-09-03 12:00:00,3547.535,3567.404,3541.379,3563.953,69310,160,0
2025-09-03 16:00:00,3563.95,3578.427,3561.159,3563.559,36712,160,0
2025-09-03 20:00:00,3563.527,3566.037,3554.385,3560.292,21544,160,0
2025-09-04 00:00:00,3560.341,3563.473,3511.172,3529.147,57967,160,0
2025-09-04 04:00:00,3529.182,3541.68,3524.44,3541.137,35656,160,0
2025-09-04 08:00:00,3541.09,3549.83,3536.558,3545.464,34103,160,0
2025-09-04 12:00:00,3545.419,3558.825,3535.042,3552.829,65813,160,0
2025-09-04 16:00:00,3552.849,3556.227,3542.526,3549.8,25961,160,0
2025-09-04 20:00:00,3549.836,3554.493,3539.909,3552.549,14265,160,0
2025-09-05 00:00:00,3552.532,3556.504,3548.969,3552.247,4590,160,0
